{
    "@odata.context": "/redfish/v1/$metadata#JsonSchemaFile.JsonSchemaFile",
    "@odata.id": "/redfish/v1/JsonSchemas/DellEnclosure",
    "@odata.type": "#JsonSchemaFile.v1_1_5.JsonSchemaFile",
    "Description": "DellEnclosure Schema File Location",
    "Id": "DellEnclosure",
    "Languages": [
        "en"
    ],
    "Languages@odata.count": 1,
    "Location": [
        {
            "Language": "en",
            "PublicationUri": "http://downloads.dell.com/redfish/bmc/schemas/DellEnclosure.json",
            "Uri": "/redfish/v1/Schemas/DellEnclosure.json"
        }
    ],
    "Location@odata.count": 1,
    "Name": "DellEnclosure Schema File",
    "Schema": "#DellEnclosure.DellEnclosure"
}