{
    "Name": "update:DCIM:INSTALLED#iDRAC.Embedded.1-1#IDRACinfo",
    "MaxExecutionTime": "PT2H",
    "Id": "JID_573485341629",
    "StartTime": "2025-09-08T11:22:14-05:00",
    "EndTime": "2025-09-10T16:20:07-05:00",
    "PercentComplete": 100,
    "Oem": {
        "Dell": {
            "JobType": "FirmwareUpdate",
            "OemJobState": "Failed",
            "UntilTime": null,
            "@odata.context": "/redfish/v1/$metadata#DellOemJob.DellOemJob",
            "@odata.type": "#DellOemJob.v1_0_0.DellOemJob",
            "ActualRunningStartTime": null,
            "ActualRunningStopTime": null
        }
    },
    "Description": "Represent a job in Redfish",
    "@odata.context": "/redfish/v1/$metadata#Job.Job",
    "@odata.type": "#Job.v1_2_4.Job",
    "@odata.etag": "W/\"gen-2\"",
    "Messages": [
        {
            "Message": "Unable to run the job because iDRAC restart operation interrupted the job while in the New state.",
            "MessageArgs": [],
            "MessageArgs@odata.count": 1,
            "MessageId": "IDRAC.2.14.RED114"
        }
    ],
    "Messages@odata.count": 1,
    "JobStatus": "Critical",
    "JobState": "Exception",
    "@odata.id": "/redfish/v1/JobService/Jobs/JID_573485341629"
}