{
    "DeviceFQDD": "DIMM.Socket.A1",
    "@odata.type": "#DellAssembly.v1_1_0.DellAssembly",
    "SerialNumber": "468E12E1",
    "@odata.context": "/redfish/v1/$metadata#DellAssembly.DellAssembly",
    "PackageType": "Memory",
    "Description": "This resource shall be used to represent an assembly information.",
    "@odata.etag": "W/\"gen-1\"",
    "Id": "DIMM.Socket.A1_0x23_FRU",
    "Name": "DellAssembly",
    "@odata.id": "/redfish/v1/Chassis/System.Embedded.1/Oem/Dell/DellAssembly/DIMM.Socket.A1_0x23_FRU"
}