{
    "@odata.context": "/redfish/v1/$metadata#JsonSchemaFile.JsonSchemaFile",
    "@odata.id": "/redfish/v1/JsonSchemas/DellFCPortMetricsCollection",
    "@odata.type": "#JsonSchemaFile.v1_1_4.JsonSchemaFile",
    "Description": "DellFCPortMetricsCollection Schema File Location",
    "Id": "DellFCPortMetricsCollection",
    "Languages": [
        "en"
    ],
    "Languages@odata.count": 1,
    "Location": [
        {
            "Language": "en",
            "PublicationUri": "http://downloads.dell.com/redfish/bmc/schemas/DellFCPortMetricsCollection.json",
            "Uri": "/redfish/v1/Schemas/DellFCPortMetricsCollection.json"
        }
    ],
    "Location@odata.count": 1,
    "Name": "DellFCPortMetricsCollection Schema File",
    "Schema": "#DellFCPortMetricsCollection.DellFCPortMetricsCollection"
}