{
    "Redundancy@odata.count": 0,
    "Redundancy": [],
    "Temperatures": [
        {
            "MaxReadingRangeTemp": null,
            "Status": {
                "State": "Enabled",
                "Health": "OK"
            },
            "LowerThresholdCritical": 3,
            "PhysicalContext": "CPU",
            "UpperThresholdNonCritical": null,
            "RelatedItem": [
                {
                    "@odata.id": "/redfish/v1/Chassis/System.Embedded.1"
                }
            ],
            "ReadingCelsius": 27,
            "UpperThresholdCritical": 100,
            "Name": "CPU0 Temp",
            "@odata.id": "/redfish/v1/Chassis/System.Embedded.1/Thermal#/Temperatures/0",
            "LowerThresholdNonCritical": null,
            "RelatedItem@odata.count": 1,
            "LowerThresholdFatal": null,
            "MinReadingRangeTemp": null,
            "SensorNumber": 1,
            "UpperThresholdFatal": null,
            "MemberId": "0"
        },
        {
            "Status": {
                "State": "Enabled",
                "Health": "OK"
            },
            "UpperThresholdNonCritical": null,
            "LowerThresholdCritical": 3,
            "MemberId": "1",
            "SensorNumber": 2,
            "RelatedItem": [
                {
                    "@odata.id": "/redfish/v1/Chassis/System.Embedded.1"
                }
            ],
            "UpperThresholdFatal": null,
            "LowerThresholdNonCritical": null,
            "MinReadingRangeTemp": null,
            "UpperThresholdCritical": 100,
            "LowerThresholdFatal": null,
            "PhysicalContext": "CPU",
            "@odata.id": "/redfish/v1/Chassis/System.Embedded.1/Thermal#/Temperatures/1",
            "ReadingCelsius": 26,
            "RelatedItem@odata.count": 1,
            "MaxReadingRangeTemp": null,
            "Name": "CPU1 Temp"
        },
        {
            "PhysicalContext": "SystemBoard",
            "UpperThresholdCritical": 37,
            "MemberId": "2",
            "LowerThresholdFatal": null,
            "LowerThresholdCritical": -7,
            "LowerThresholdNonCritical": 3,
            "RelatedItem": [
                {
                    "@odata.id": "/redfish/v1/Chassis/System.Embedded.1"
                }
            ],
            "MaxReadingRangeTemp": null,
            "@odata.id": "/redfish/v1/Chassis/System.Embedded.1/Thermal#/Temperatures/2",
            "RelatedItem@odata.count": 1,
            "UpperThresholdNonCritical": 33,
            "UpperThresholdFatal": null,
            "MinReadingRangeTemp": null,
            "ReadingCelsius": 23,
            "SensorNumber": 5,
            "Status": {
                "State": "Enabled",
                "Health": "OK"
            },
            "Name": "Inlet Temp"
        },
        {
            "LowerThresholdCritical": 3,
            "Status": {
                "State": "Enabled",
                "Health": "OK"
            },
            "PhysicalContext": "SystemBoard",
            "SensorNumber": 6,
            "LowerThresholdFatal": null,
            "MaxReadingRangeTemp": null,
            "ReadingCelsius": 26,
            "RelatedItem@odata.count": 1,
            "Name": "System Board Exhaust Temp",
            "UpperThresholdFatal": null,
            "UpperThresholdCritical": 75,
            "MinReadingRangeTemp": null,
            "RelatedItem": [
                {
                    "@odata.id": "/redfish/v1/Chassis/System.Embedded.1"
                }
            ],
            "UpperThresholdNonCritical": 70,
            "@odata.id": "/redfish/v1/Chassis/System.Embedded.1/Thermal#/Temperatures/3",
            "MemberId": "3",
            "LowerThresholdNonCritical": 8
        }
    ],
    "Temperatures@odata.count": 4,
    "Id": "Thermal",
    "Name": "Thermal",
    "Fans": [
        {
            "UpperThresholdFatal": null,
            "UpperThresholdCritical": null,
            "MaxReadingRange": null,
            "@odata.id": "/redfish/v1/Chassis/System.Embedded.1/Thermal#/Fans/0",
            "RelatedItem": [
                {
                    "@odata.id": "/redfish/v1/Chassis/System.Embedded.1"
                }
            ],
            "Reading": 7590,
            "LowerThresholdFatal": null,
            "LowerThresholdNonCritical": 840,
            "RelatedItem@odata.count": 1,
            "PhysicalContext": "SystemBoard",
            "Assembly": {
                "@odata.id": "/redfish/v1/Chassis/System.Embedded.1/Assembly"
            },
            "MemberId": "0",
            "Status": {
                "Health": "OK",
                "State": "Enabled"
            },
            "ReadingUnits": "RPM",
            "HotPluggable": null,
            "UpperThresholdNonCritical": null,
            "FanName": "Fan1_1",
            "Name": "Fan1_1",
            "Redundancy": [],
            "Redundancy@odata.count": 0,
            "SensorNumber": 56,
            "MinReadingRange": null,
            "LowerThresholdCritical": 600
        },
        {
            "@odata.id": "/redfish/v1/Chassis/System.Embedded.1/Thermal#/Fans/1",
            "SensorNumber": 57,
            "Redundancy": [],
            "FanName": "Fan2_1",
            "Reading": 7470,
            "RelatedItem@odata.count": 1,
            "PhysicalContext": "SystemBoard",
            "UpperThresholdFatal": null,
            "HotPluggable": null,
            "LowerThresholdNonCritical": 840,
            "MaxReadingRange": null,
            "Name": "Fan2_1",
            "LowerThresholdCritical": 600,
            "UpperThresholdCritical": null,
            "Assembly": {
                "@odata.id": "/redfish/v1/Chassis/System.Embedded.1/Assembly"
            },
            "ReadingUnits": "RPM",
            "UpperThresholdNonCritical": null,
            "RelatedItem": [
                {
                    "@odata.id": "/redfish/v1/Chassis/System.Embedded.1"
                }
            ],
            "MemberId": "1",
            "Redundancy@odata.count": 0,
            "Status": {
                "State": "Enabled",
                "Health": "OK"
            },
            "LowerThresholdFatal": null,
            "MinReadingRange": null
        },
        {
            "MaxReadingRange": null,
            "UpperThresholdCritical": null,
            "Redundancy@odata.count": 0,
            "Status": {
                "State": "Enabled",
                "Health": "OK"
            },
            "Assembly": {
                "@odata.id": "/redfish/v1/Chassis/System.Embedded.1/Assembly"
            },
            "MinReadingRange": null,
            "Redundancy": [],
            "RelatedItem@odata.count": 1,
            "FanName": "Fan3_1",
            "Name": "Fan3_1",
            "ReadingUnits": "RPM",
            "Reading": 7560,
            "UpperThresholdFatal": null,
            "SensorNumber": 58,
            "HotPluggable": null,
            "PhysicalContext": "SystemBoard",
            "RelatedItem": [
                {
                    "@odata.id": "/redfish/v1/Chassis/System.Embedded.1"
                }
            ],
            "LowerThresholdNonCritical": 840,
            "@odata.id": "/redfish/v1/Chassis/System.Embedded.1/Thermal#/Fans/2",
            "LowerThresholdFatal": null,
            "MemberId": "2",
            "UpperThresholdNonCritical": null,
            "LowerThresholdCritical": 600
        },
        {
            "UpperThresholdCritical": null,
            "RelatedItem": [
                {
                    "@odata.id": "/redfish/v1/Chassis/System.Embedded.1"
                }
            ],
            "MemberId": "3",
            "UpperThresholdNonCritical": null,
            "MaxReadingRange": null,
            "@odata.id": "/redfish/v1/Chassis/System.Embedded.1/Thermal#/Fans/3",
            "Reading": 7590,
            "FanName": "Fan4_1",
            "UpperThresholdFatal": null,
            "SensorNumber": 59,
            "LowerThresholdCritical": 600,
            "PhysicalContext": "SystemBoard",
            "Redundancy@odata.count": 0,
            "LowerThresholdNonCritical": 840,
            "HotPluggable": null,
            "LowerThresholdFatal": null,
            "RelatedItem@odata.count": 1,
            "Redundancy": [],
            "Status": {
                "Health": "OK",
                "State": "Enabled"
            },
            "ReadingUnits": "RPM",
            "Assembly": {
                "@odata.id": "/redfish/v1/Chassis/System.Embedded.1/Assembly"
            },
            "Name": "Fan4_1",
            "MinReadingRange": null
        },
        {
            "FanName": "Fan5_1",
            "MemberId": "4",
            "MinReadingRange": null,
            "Name": "Fan5_1",
            "Redundancy": [],
            "LowerThresholdFatal": null,
            "@odata.id": "/redfish/v1/Chassis/System.Embedded.1/Thermal#/Fans/4",
            "RelatedItem": [
                {
                    "@odata.id": "/redfish/v1/Chassis/System.Embedded.1"
                }
            ],
            "PhysicalContext": "SystemBoard",
            "UpperThresholdCritical": null,
            "UpperThresholdFatal": null,
            "ReadingUnits": "RPM",
            "Status": {
                "Health": "OK",
                "State": "Enabled"
            },
            "LowerThresholdCritical": 600,
            "RelatedItem@odata.count": 1,
            "SensorNumber": 60,
            "Reading": 7590,
            "Redundancy@odata.count": 0,
            "Assembly": {
                "@odata.id": "/redfish/v1/Chassis/System.Embedded.1/Assembly"
            },
            "UpperThresholdNonCritical": null,
            "LowerThresholdNonCritical": 840,
            "MaxReadingRange": null,
            "HotPluggable": null
        },
        {
            "Reading": 7620,
            "LowerThresholdCritical": 600,
            "PhysicalContext": "SystemBoard",
            "Status": {
                "State": "Enabled",
                "Health": "OK"
            },
            "MaxReadingRange": null,
            "MinReadingRange": null,
            "UpperThresholdFatal": null,
            "RelatedItem": [
                {
                    "@odata.id": "/redfish/v1/Chassis/System.Embedded.1"
                }
            ],
            "FanName": "Fan6_1",
            "UpperThresholdCritical": null,
            "RelatedItem@odata.count": 1,
            "HotPluggable": null,
            "Redundancy@odata.count": 0,
            "SensorNumber": 61,
            "Redundancy": [],
            "Assembly": {
                "@odata.id": "/redfish/v1/Chassis/System.Embedded.1/Assembly"
            },
            "LowerThresholdFatal": null,
            "UpperThresholdNonCritical": null,
            "ReadingUnits": "RPM",
            "Name": "Fan6_1",
            "LowerThresholdNonCritical": 840,
            "MemberId": "5",
            "@odata.id": "/redfish/v1/Chassis/System.Embedded.1/Thermal#/Fans/5"
        },
        {
            "Reading": 7320,
            "UpperThresholdFatal": null,
            "Assembly": {
                "@odata.id": "/redfish/v1/Chassis/System.Embedded.1/Assembly"
            },
            "UpperThresholdCritical": null,
            "Status": {
                "Health": "OK",
                "State": "Enabled"
            },
            "HotPluggable": null,
            "MemberId": "6",
            "@odata.id": "/redfish/v1/Chassis/System.Embedded.1/Thermal#/Fans/6",
            "RelatedItem": [
                {
                    "@odata.id": "/redfish/v1/Chassis/System.Embedded.1"
                }
            ],
            "SensorNumber": 62,
            "PhysicalContext": "SystemBoard",
            "LowerThresholdNonCritical": 840,
            "Name": "Fan1_2",
            "LowerThresholdFatal": null,
            "LowerThresholdCritical": 600,
            "RelatedItem@odata.count": 1,
            "MaxReadingRange": null,
            "UpperThresholdNonCritical": null,
            "Redundancy@odata.count": 0,
            "MinReadingRange": null,
            "FanName": "Fan1_2",
            "Redundancy": [],
            "ReadingUnits": "RPM"
        },
        {
            "SensorNumber": 63,
            "Redundancy": [],
            "Redundancy@odata.count": 0,
            "LowerThresholdFatal": null,
            "Assembly": {
                "@odata.id": "/redfish/v1/Chassis/System.Embedded.1/Assembly"
            },
            "UpperThresholdFatal": null,
            "Reading": 7320,
            "HotPluggable": null,
            "UpperThresholdNonCritical": null,
            "Name": "Fan2_2",
            "MemberId": "7",
            "RelatedItem": [
                {
                    "@odata.id": "/redfish/v1/Chassis/System.Embedded.1"
                }
            ],
            "RelatedItem@odata.count": 1,
            "PhysicalContext": "SystemBoard",
            "LowerThresholdCritical": 600,
            "MinReadingRange": null,
            "FanName": "Fan2_2",
            "@odata.id": "/redfish/v1/Chassis/System.Embedded.1/Thermal#/Fans/7",
            "LowerThresholdNonCritical": 840,
            "MaxReadingRange": null,
            "Status": {
                "State": "Enabled",
                "Health": "OK"
            },
            "ReadingUnits": "RPM",
            "UpperThresholdCritical": null
        },
        {
            "HotPluggable": null,
            "Redundancy": [],
            "LowerThresholdCritical": 600,
            "LowerThresholdFatal": null,
            "SensorNumber": 64,
            "ReadingUnits": "RPM",
            "MinReadingRange": null,
            "UpperThresholdFatal": null,
            "Assembly": {
                "@odata.id": "/redfish/v1/Chassis/System.Embedded.1/Assembly"
            },
            "MaxReadingRange": null,
            "Redundancy@odata.count": 0,
            "UpperThresholdNonCritical": null,
            "PhysicalContext": "SystemBoard",
            "FanName": "Fan3_2",
            "LowerThresholdNonCritical": 840,
            "UpperThresholdCritical": null,
            "MemberId": "8",
            "@odata.id": "/redfish/v1/Chassis/System.Embedded.1/Thermal#/Fans/8",
            "RelatedItem": [
                {
                    "@odata.id": "/redfish/v1/Chassis/System.Embedded.1"
                }
            ],
            "Status": {
                "State": "Enabled",
                "Health": "OK"
            },
            "RelatedItem@odata.count": 1,
            "Name": "Fan3_2",
            "Reading": 7350
        },
        {
            "HotPluggable": null,
            "RelatedItem@odata.count": 1,
            "SensorNumber": 65,
            "LowerThresholdFatal": null,
            "MaxReadingRange": null,
            "LowerThresholdNonCritical": 840,
            "Redundancy@odata.count": 0,
            "Status": {
                "Health": "OK",
                "State": "Enabled"
            },
            "UpperThresholdFatal": null,
            "FanName": "Fan4_2",
            "Assembly": {
                "@odata.id": "/redfish/v1/Chassis/System.Embedded.1/Assembly"
            },
            "Redundancy": [],
            "RelatedItem": [
                {
                    "@odata.id": "/redfish/v1/Chassis/System.Embedded.1"
                }
            ],
            "PhysicalContext": "SystemBoard",
            "Name": "Fan4_2",
            "@odata.id": "/redfish/v1/Chassis/System.Embedded.1/Thermal#/Fans/9",
            "UpperThresholdNonCritical": null,
            "ReadingUnits": "RPM",
            "UpperThresholdCritical": null,
            "MemberId": "9",
            "LowerThresholdCritical": 600,
            "Reading": 7350,
            "MinReadingRange": null
        },
        {
            "SensorNumber": 66,
            "Redundancy": [],
            "RelatedItem@odata.count": 1,
            "HotPluggable": null,
            "MemberId": "10",
            "MaxReadingRange": null,
            "Redundancy@odata.count": 0,
            "LowerThresholdNonCritical": 840,
            "UpperThresholdNonCritical": null,
            "UpperThresholdCritical": null,
            "ReadingUnits": "RPM",
            "LowerThresholdFatal": null,
            "FanName": "Fan5_2",
            "RelatedItem": [
                {
                    "@odata.id": "/redfish/v1/Chassis/System.Embedded.1"
                }
            ],
            "@odata.id": "/redfish/v1/Chassis/System.Embedded.1/Thermal#/Fans/10",
            "MinReadingRange": null,
            "LowerThresholdCritical": 600,
            "Assembly": {
                "@odata.id": "/redfish/v1/Chassis/System.Embedded.1/Assembly"
            },
            "Name": "Fan5_2",
            "Status": {
                "State": "Enabled",
                "Health": "OK"
            },
            "UpperThresholdFatal": null,
            "PhysicalContext": "SystemBoard",
            "Reading": 7320
        },
        {
            "RelatedItem@odata.count": 1,
            "Reading": 7410,
            "HotPluggable": null,
            "@odata.id": "/redfish/v1/Chassis/System.Embedded.1/Thermal#/Fans/11",
            "MinReadingRange": null,
            "LowerThresholdNonCritical": 840,
            "Status": {
                "Health": "OK",
                "State": "Enabled"
            },
            "Assembly": {
                "@odata.id": "/redfish/v1/Chassis/System.Embedded.1/Assembly"
            },
            "FanName": "Fan6_2",
            "PhysicalContext": "SystemBoard",
            "LowerThresholdFatal": null,
            "Redundancy@odata.count": 0,
            "UpperThresholdCritical": null,
            "RelatedItem": [
                {
                    "@odata.id": "/redfish/v1/Chassis/System.Embedded.1"
                }
            ],
            "MemberId": "11",
            "MaxReadingRange": null,
            "UpperThresholdNonCritical": null,
            "LowerThresholdCritical": 600,
            "Name": "Fan6_2",
            "ReadingUnits": "RPM",
            "Redundancy": [],
            "UpperThresholdFatal": null,
            "SensorNumber": 67
        }
    ],
    "Fans@odata.count": 12,
    "Description": "Represents the properties for Temperature and Cooling",
    "@odata.id": "/redfish/v1/Chassis/System.Embedded.1/Thermal",
    "@odata.type": "#Thermal.v1_7_3.Thermal",
    "@odata.etag": "W/\"gen-1\"",
    "@odata.context": "/redfish/v1/$metadata#Thermal.Thermal"
}