{
    "@odata.context": "/redfish/v1/$metadata#Sensor.Sensor",
    "@odata.id": "/redfish/v1/Chassis/System.Embedded.1/Sensors/PSU.Slot.1_OutputPower",
    "@odata.type": "#Sensor.v1_9_0.Sensor",
    "Name": "OutputPowerSensor",
    "Id": "PSU.Slot.1_OutputPower",
    "Description": "Power Supply 1 OutputPower",
    "ReadingType": "Power",
    "ReadingUnits": "W",
    "Status": {
        "Health": "OK",
        "State": "Enabled"
    },
    "Reading": 71.75,
    "PhysicalContext": "PowerSupply",
    "Oem": {},
    "Thresholds": {
        "UpperCritical": {
            "Reading": null
        },
        "UpperCaution": {
            "Reading": null
        },
        "LowerCaution": {
            "Reading": null
        },
        "LowerCritical": {
            "Reading": null
        }
    }
}