{
    "@odata.context": "/redfish/v1/$metadata#Port.Port",
    "@odata.id": "/redfish/v1/Chassis/System.Embedded.1/NetworkAdapters/NIC.Slot.4/Ports/NIC.Slot.4-1",
    "@odata.type": "#Port.v1_12_0.Port",
    "LinkNetworkTechnology": "Ethernet",
    "CurrentSpeedGbps": 10,
    "Description": "Instance of Port for NIC",
    "Ethernet": {
        "AssociatedMACAddresses": [
            "E8:EB:D3:F7:CB:98"
        ],
        "EEEEnabled": null,
        "FlowControlConfiguration": "None",
        "FlowControlStatus": "None",
        "LLDPReceive": {
            "ChassisId": "00:01:e8:d8:f1:b2",
            "ChassisIdSubtype": "MacAddr",
            "PortId": "54:65:6E:47:69:67:61:62:69:74:45:74:68:65:72:6E:65:74:20:30:2F:34:34",
            "PortIdSubtype": "IfName"
        },
        "WakeOnLANEnabled": true
    },
    "LinkConfiguration": [
        {
            "AutoSpeedNegotiationCapable": true,
            "AutoSpeedNegotiationEnabled": true
        }
    ],
    "FunctionMaxBandwidth": [
        {
            "AllocationPercent": 0,
            "NetworkDeviceFunction": {
                "@odata.id": "/redfish/v1/Chassis/System.Embedded.1/NetworkAdapters/NIC.Slot.4/NetworkDeviceFunctions/NIC.Slot.4-1-1"
            }
        }
    ],
    "FunctionMinBandwidth": [
        {
            "AllocationPercent": 0,
            "NetworkDeviceFunction": {
                "@odata.id": "/redfish/v1/Chassis/System.Embedded.1/NetworkAdapters/NIC.Slot.4/NetworkDeviceFunctions/NIC.Slot.4-1-1"
            }
        }
    ],
    "Id": "NIC.Slot.4-1",
    "LinkStatus": "LinkUp",
    "Metrics": {
        "@odata.id": "/redfish/v1/Chassis/System.Embedded.1/NetworkAdapters/NIC.Slot.4/Ports/NIC.Slot.4-1/Metrics"
    },
    "PortId": "1",
    "Status": {
        "State": "Enabled",
        "Health": "OK",
        "HealthRollup": "OK"
    },
    "Name": "Network Inteface Card(NIC) Port View"
}