{
    "Name": "Turin PCIe Dummy Host Bridge",
    "SubsystemVendorId": "0x0000",
    "SegmentNumber": "0x0000",
    "SubsystemId": "0x0000",
    "FunctionType": "Physical",
    "@odata.etag": "W/\"gen-3\"",
    "FunctionNumber": "0x0",
    "@odata.id": "/redfish/v1/Chassis/System.Embedded.1/PCIeDevices/0-50-1/PCIeFunctions/0-50-1-0",
    "@odata.context": "/redfish/v1/$metadata#PCIeFunction.PCIeFunction",
    "Oem": {
        "Dell": {
            "DellPCIeFunction": {
                "SlotType": "Unknown",
                "DataBusWidth": "Unknown",
                "Id": "HostBridge.Embedded.3-1",
                "LastSystemInventoryTime": "2025-11-06T19:28:47+00:00",
                "LastUpdateTime": "2025-11-06T17:28:45+00:00",
                "SlotLength": "Unknown"
            },
            "@odata.context": "/redfish/v1/$metadata#DellChassisPCIeFunction.DellChassisPCIeFunction",
            "@odata.type": "#DellChassisPCIeFunction.v1_1_0.DellPCIeFunction"
        }
    },
    "Id": "0-50-1-0",
    "FunctionProtocol": "PCIe",
    "FunctionId": 0,
    "Links": {
        "Drives": [],
        "Drives@odata.count": 0,
        "MemoryDomains": [],
        "MemoryDomains@odata.count": 0,
        "PCIeDevice": {
            "@odata.id": "/redfish/v1/Chassis/System.Embedded.1/PCIeDevices/0-50-1"
        }
    },
    "DeviceId": "0x153d",
    "@odata.type": "#PCIeFunction.v1_6_0.PCIeFunction",
    "VendorId": "0x1022",
    "DeviceClass": "Bridge",
    "BusNumber": "0x32",
    "ClassCode": "0x000006",
    "Enabled": true,
    "Description": "Turin PCIe Dummy Host Bridge",
    "Status": {
        "Health": "OK",
        "HealthRollup": "OK",
        "State": "Enabled"
    },
    "RevisionId": "0x00",
    "DeviceNumber": "0x01"
}