{
    "TxErrorPktMultipleCollision": 0,
    "TxErrorPktSingleCollision": 0,
    "TxPauseXOFFFrames": 6,
    "RDMARxTotalPackets": 0,
    "TxMutlicastPackets": 589,
    "FCOELinkFailures": null,
    "TxBroadcast": 21,
    "RxErrorPktFCSErrors": 0,
    "RDMATxTotalWritePkts": 0,
    "OSDriverState": "Operational",
    "TxErrorPktExcessiveCollision": 0,
    "RxPauseXOFFFrames": 0,
    "RxPauseXONFrames": null,
    "PartitionOSDriverState": "Operational",
    "LanUnicastPktRXCount": 864,
    "Id": "NIC.Slot.10-1-1",
    "RxMutlicastPackets": 16793,
    "Name": "DellNICPortMetrics",
    "RDMATxTotalSendPkts": 0,
    "StartStatisticTime": "2025-11-06T13:30:50-06:00",
    "TxErrorPktLateCollision": 0,
    "FCCRCErrorCount": null,
    "@odata.etag": "W/\"gen-1631\"",
    "RDMATxTotalBytes": 0,
    "RxFalseCarrierDetection": 0,
    "StatisticTime": "2025-11-06T15:46:40-06:00",
    "FQDD": "NIC.Slot.10-1-1",
    "RxBroadcast": 0,
    "TxUnicastPackets": 863,
    "Description": "Represents the statistics of the NIC, NIC port, or partition.",
    "RxBytes": 1536408,
    "PartitionLinkStatus": "Up",
    "RxMulticastPackets": 16793,
    "FCOEPktRxCount": null,
    "RDMARxTotalBytes": 0,
    "RDMATotalProtocolErrors": null,
    "RxUnicastPackets": 864,
    "RxJabberPkt": 0,
    "@odata.type": "#DellNICPortMetrics.v1_2_0.DellNICPortMetrics",
    "RxRuntPkt": 0,
    "RxMutlicastPackets@Redfish.Deprecated": "This property has been deprecated in favor of RxMulticastPackets.",
    "RxErrorPktAlignmentErrors": 0,
    "RDMATxTotalPackets": 0,
    "@odata.context": "/redfish/v1/$metadata#DellNICPortMetrics.DellNICPortMetrics",
    "@odata.id": "/redfish/v1/Chassis/System.Embedded.1/Oem/Dell/DellNICPortMetrics/NIC.Slot.10-1-1",
    "RDMATotalProtectionErrors": null,
    "FCOEPktTxCount": null,
    "TxMutlicastPackets@Redfish.Deprecated": "This property has been deprecated in favor of TxMulticastPackets.",
    "TxBytes": 337804,
    "LanFCSRxErrors": null,
    "FCOERxPktDroppedCount": null,
    "DiscardedPkts": 0,
    "LanUnicastPktTXCount": 863,
    "TxMulticastPackets": 589,
    "RDMATxTotalReadReqPkts": 0,
    "TxPauseXONFrames": null
}