{
    "@odata.context": "/redfish/v1/$metadata#JsonSchemaFile.JsonSchemaFile",
    "@odata.id": "/redfish/v1/JsonSchemas/DelliDRACCardCollection",
    "@odata.type": "#JsonSchemaFile.v1_1_4.JsonSchemaFile",
    "Description": "DelliDRACCardCollection Schema File Location",
    "Id": "DelliDRACCardCollection",
    "Languages": [
        "en"
    ],
    "Languages@odata.count": 1,
    "Location": [
        {
            "Language": "en",
            "PublicationUri": "http://downloads.dell.com/redfish/bmc/schemas/DelliDRACCardCollection.json",
            "Uri": "/redfish/v1/Schemas/DelliDRACCardCollection.json"
        }
    ],
    "Location@odata.count": 1,
    "Name": "DelliDRACCardCollection Schema File",
    "Schema": "#DelliDRACCardCollection.DelliDRACCardCollection"
}