{
    "@odata.context": "/redfish/v1/$metadata#JsonSchemaFile.JsonSchemaFile",
    "@odata.id": "/redfish/v1/JsonSchemas/DelliDRACCard",
    "@odata.type": "#JsonSchemaFile.v1_1_5.JsonSchemaFile",
    "Description": "DelliDRACCard Schema File Location",
    "Id": "DelliDRACCard",
    "Languages": [
        "en"
    ],
    "Languages@odata.count": 1,
    "Location": [
        {
            "Language": "en",
            "PublicationUri": "http://downloads.dell.com/redfish/bmc/schemas/DelliDRACCard.json",
            "Uri": "/redfish/v1/Schemas/DelliDRACCard.json"
        }
    ],
    "Location@odata.count": 1,
    "Name": "DelliDRACCard Schema File",
    "Schema": "#DelliDRACCard.DelliDRACCard"
}