{
    "@odata.context": "/redfish/v1/$metadata#JsonSchemaFile.JsonSchemaFile",
    "@odata.id": "/redfish/v1/JsonSchemas/CertificateCollection",
    "@odata.type": "#JsonSchemaFile.v1_1_4.JsonSchemaFile",
    "Description": "CertificateCollection Schema File Location",
    "Id": "CertificateCollection",
    "Languages": [
        "en"
    ],
    "Languages@odata.count": 1,
    "Location": [
        {
            "Language": "en",
            "PublicationUri": "http://redfish.dmtf.org/schemas/v1/CertificateCollection.json",
            "Uri": "/redfish/v1/Schemas/CertificateCollection.json"
        }
    ],
    "Location@odata.count": 1,
    "Name": "CertificateCollection Schema File",
    "Schema": "#CertificateCollection.CertificateCollection"
}