{
    "@odata.id": "/redfish/v1/ComponentIntegrity/RAID.SL.3-1",
    "ComponentIntegrityType": "SPDM",
    "Links": {
        "ComponentsProtected": [
            {
                "@odata.id": "/redfish/v1/Systems/System.Embedded.1/Storage/RAID.SL.3-1/Drives/Disk.Bay.0_Enclosure.Internal.0-1_RAID.SL.3-1"
            },
            {
                "@odata.id": "/redfish/v1/Systems/System.Embedded.1/Storage/RAID.SL.3-1/Drives/Disk.Bay.1_Enclosure.Internal.0-1_RAID.SL.3-1"
            },
            {
                "@odata.id": "/redfish/v1/Systems/System.Embedded.1/Storage/RAID.SL.3-1/Drives/Disk.Bay.2_Enclosure.Internal.0-1_RAID.SL.3-1"
            },
            {
                "@odata.id": "/redfish/v1/Systems/System.Embedded.1/Storage/RAID.SL.3-1/Drives/Disk.Bay.3_Enclosure.Internal.0-1_RAID.SL.3-1"
            },
            {
                "@odata.id": "/redfish/v1/Systems/System.Embedded.1/Storage/RAID.SL.3-1/Drives/Disk.Bay.4_Enclosure.Internal.0-1_RAID.SL.3-1"
            },
            {
                "@odata.id": "/redfish/v1/Systems/System.Embedded.1/Storage/RAID.SL.3-1/Drives/Disk.Bay.5_Enclosure.Internal.0-1_RAID.SL.3-1"
            },
            {
                "@odata.id": "/redfish/v1/Systems/System.Embedded.1/Storage/RAID.SL.3-1/Drives/Disk.Bay.8_Enclosure.Internal.0-1_RAID.SL.3-1"
            },
            {
                "@odata.id": "/redfish/v1/Systems/System.Embedded.1/Storage/RAID.SL.3-1/Drives/Disk.Bay.9_Enclosure.Internal.0-1_RAID.SL.3-1"
            }
        ],
        "ComponentsProtected@odata.count": 8
    },
    "Name": "Component Integrity for PERC12",
    "SPDM": {
        "IdentityAuthentication": {
            "ResponderAuthentication": {
                "ComponentCertificate": {
                    "@odata.id": "/redfish/v1/Systems/System.Embedded.1/Storage/RAID.SL.3-1/Controllers/RAID.SL.3-1/Certificates/slot0"
                },
                "VerificationStatus": "Success"
            }
        },
        "Requester": {
            "@odata.id": "/redfish/v1/Managers/iDRAC.Embedded.1"
        }
    },
    "@odata.etag": "\"W/'gen-16'\"",
    "@odata.context": "/redfish/v1/$metadata#ComponentIntegrity.ComponentIntegrity",
    "Id": "RAID.SL.3-1",
    "Oem": {
        "Dell": {
            "@odata.type": "#DellComponentIntegrity.v1_0_0.SPDM",
            "SPDM": {
                "DeviceChallengeStatus": "Success",
                "DigestAndCertificateSupport": "Enabled",
                "EncryptionSupport": "Disabled",
                "MeasurementsSupport": "Enabled",
                "ChallengeAuthResponseSupport": "Enabled"
            },
            "@odata.context": "/redfish/v1/$metadata#DellComponentIntegrity.DellComponentIntegrity"
        }
    },
    "TargetComponentURI": "/redfish/v1/Systems/System.Embedded.1/Storage/RAID.SL.3-1/Controllers/RAID.SL.3-1",
    "ComponentIntegrityEnabled": true,
    "ComponentIntegrityTypeVersion": "1.1.0",
    "@odata.type": "#ComponentIntegrity.v1_2_3.ComponentIntegrity",
    "Description": "SPDM Integrity Information for PERC 12"
}