{
    "@odata.id": "/redfish/v1/Chassis/System.Embedded.1/PCIeDevices/0-135-0",
    "AssetTag": null,
    "FirmwareVersion": "22.92.07.50",
    "SerialNumber": "VNFCBBA44S014F",
    "Name": "NetXtreme-E BCM57504 4x25G OCP3.0",
    "Model": "BRCM 4P 25G SFP 57504S OCP NIC",
    "@odata.etag": "\"W/'gen-9'\"",
    "SKU": null,
    "@odata.context": "/redfish/v1/$metadata#PCIeDevice.PCIeDevice",
    "Links": {
        "PCIeFunctions": [
            {
                "@odata.id": "/redfish/v1/Chassis/System.Embedded.1/PCIeDevices/0-135-0/PCIeFunctions/0-135-0-1"
            },
            {
                "@odata.id": "/redfish/v1/Chassis/System.Embedded.1/PCIeDevices/0-135-0/PCIeFunctions/0-135-0-3"
            },
            {
                "@odata.id": "/redfish/v1/Chassis/System.Embedded.1/PCIeDevices/0-135-0/PCIeFunctions/0-135-0-2"
            },
            {
                "@odata.id": "/redfish/v1/Chassis/System.Embedded.1/PCIeDevices/0-135-0/PCIeFunctions/0-135-0-0"
            }
        ],
        "PCIeFunctions@odata.count": 4,
        "Chassis": [
            {
                "@odata.id": "/redfish/v1/Chassis/System.Embedded.1"
            }
        ],
        "Chassis@odata.count": 1,
        "Oem": {
            "Dell": {
                "@odata.context": "/redfish/v1/$metadata#DellPCIeDevice.DellPCIeDevice",
                "@odata.type": "#DellPCIeDevice.v1_0_0.DellPCIeDeviceLinks",
                "CPUAffinity": [
                    {
                        "@odata.id": "/redfish/v1/Systems/System.Embedded.1/Processors/CPU.Socket.0"
                    }
                ],
                "CPUAffinity@odata.count": 1
            }
        }
    },
    "Status": {
        "HealthRollup": "OK",
        "State": "Enabled",
        "Health": "OK"
    },
    "Description": "NetXtreme-E BCM57504 4x25G OCP3.0",
    "Id": "0-135-0",
    "PCIeInterface": {
        "MaxLanes": 16,
        "MaxPCIeType": null,
        "PCIeType": null,
        "LanesInUse": 16
    },
    "Slot": {
        "SlotType": "OCP3Small",
        "Lanes": 16,
        "Location": {
            "PartLocation": {
                "LocationOrdinalValue": 10,
                "LocationType": "Slot"
            }
        },
        "PCIeType": null
    },
    "@odata.type": "#PCIeDevice.v1_14_0.PCIeDevice",
    "Manufacturer": "Broadcom Inc. and subsidiaries",
    "DeviceType": "MultiFunction",
    "PCIeFunctions": {
        "@odata.id": "/redfish/v1/Chassis/System.Embedded.1/PCIeDevices/0-135-0/PCIeFunctions"
    },
    "PartNumber": "03Y64D"
}