{
    "@odata.context": "/redfish/v1/$metadata#PCIeFunctionCollection.PCIeFunctionCollection",
    "@odata.type": "#PCIeFunctionCollection.PCIeFunctionCollection",
    "Description": "Collection of PCIeFunctions",
    "Members": [
        {
            "@odata.id": "/redfish/v1/Chassis/System.Embedded.1/PCIeDevices/0-0-31/PCIeFunctions/0-0-31-0"
        },
        {
            "@odata.id": "/redfish/v1/Chassis/System.Embedded.1/PCIeDevices/0-0-31/PCIeFunctions/0-0-31-5"
        },
        {
            "@odata.id": "/redfish/v1/Chassis/System.Embedded.1/PCIeDevices/0-0-31/PCIeFunctions/0-0-31-4"
        }
    ],
    "Members@odata.count": 3,
    "Name": "PCIeFunction Collection",
    "@odata.id": "/redfish/v1/Chassis/System.Embedded.1/PCIeDevices/0-0-31/PCIeFunctions",
    "@odata.etag": "\"W/'gen-1'\""
}