{
    "@odata.context": "/redfish/v1/$metadata#Assembly.Assembly",
    "@odata.type": "#Assembly.v1_4_0.Assembly",
    "@odata.id": "/redfish/v1/Chassis/System.Embedded.1/Power/PowerSupplies/PSU.Slot.1/Assembly",
    "Assemblies": [
        {
            "@odata.type": "#Assembly.v1_4_0.AssemblyData",
            "@odata.id": "/redfish/v1/Chassis/System.Embedded.1/Power/PowerSupplies/PSU.Slot.1/Assembly#/Assemblies/0",
            "BinaryDataURI": null,
            "Description": "PWR SPLY,1400W,RDNT,ARTESYN",
            "EngineeringChangeLevel": "A01",
            "MemberId": "0",
            "Model": "PWR SPLY,1400W,RDNT,ARTESYN",
            "Name": "PSU.Slot.1#FRU",
            "Oem": {
                "Dell": {
                    "@odata.type": "#DellOem.v1_3_0.DellOemResources",
                    "DellAssembly": {
                        "Description": "This resource shall be used to represent an assembly information.",
                        "DeviceFQDD": "PSU.Slot.1",
                        "Id": "PSU.Slot.1_0x23_FRU",
                        "Name": "DellAssembly",
                        "PackageType": "PowerSupply",
                        "SerialNumber": "PHARP00162007F",
                        "@odata.context": "/redfish/v1/$metadata#DellAssembly.DellAssembly",
                        "@odata.type": "#DellAssembly.v1_0_0.DellAssembly",
                        "@odata.id": "/redfish/v1/Chassis/System.Embedded.1/Oem/Dell/DellAssembly/PSU.Slot.1_0x23_FRU"
                    }
                }
            },
            "PartNumber": "0CYHHJ",
            "Producer": "DELL",
            "ProductionDate": "2021-06-03T21:46:00Z",
            "SKU": null,
            "SparePartNumber": null,
            "Vendor": "DELL",
            "Version": null
        }
    ],
    "Assemblies@odata.count": 1,
    "Description": "Represents the properties of Assembly for the device",
    "Id": "Assembly",
    "Name": "PSU.Slot.1#FRU"
}