{
    "@odata.context": "/redfish/v1/$metadata#RoleCollection.RoleCollection",
    "@odata.id": "/redfish/v1/AccountService/Roles",
    "@odata.type": "#RoleCollection.RoleCollection",
    "Description": "Roles Collection",
    "Members": [
        {
            "@odata.id": "/redfish/v1/AccountService/Roles/Administrator"
        },
        {
            "@odata.id": "/redfish/v1/AccountService/Roles/Operator"
        },
        {
            "@odata.id": "/redfish/v1/AccountService/Roles/ReadOnly"
        },
        {
            "@odata.id": "/redfish/v1/AccountService/Roles/None"
        }
    ],
    "Members@odata.count": 4,
    "Name": "Roles Collection"
}