{
    "ActiveLinkTechnology": "Ethernet",
    "@odata.etag": "W/\"gen-1688\"",
    "NetDevFuncMinBWAlloc": [
        {
            "MinBWAllocPercent": 0,
            "NetworkDeviceFunction": {
                "@odata.id": "/redfish/v1/Chassis/System.Embedded.1/NetworkAdapters/NIC.Slot.10/NetworkDeviceFunctions/NIC.Slot.10-3-1"
            }
        }
    ],
    "NetDevFuncMinBWAlloc@odata.count": 1,
    "LinkStatus": "Down",
    "FlowControlConfiguration": "None",
    "@odata.id": "/redfish/v1/Chassis/System.Embedded.1/NetworkAdapters/NIC.Slot.10/NetworkPorts/NIC.Slot.10-3",
    "Id": "NIC.Slot.10-3",
    "FlowControlStatus": "None",
    "@odata.type": "#NetworkPort.v1_4_3.NetworkPort",
    "Description": "Network Port View",
    "EEEEnabled": false,
    "AssociatedNetworkAddresses": [
        "14:23:F2:3E:36:B2"
    ],
    "Name": "Network Port View",
    "SupportedLinkCapabilities": [
        {
            "LinkNetworkTechnology": "Ethernet",
            "LinkSpeedMbps": 0,
            "AutoSpeedNegotiation": true
        }
    ],
    "SupportedLinkCapabilities@odata.count": 1,
    "CurrentLinkSpeedMbps": 0,
    "Oem": {
        "Dell": {
            "@odata.context": "/redfish/v1/$metadata#DellNetworkPort.DellNetworkPort",
            "@odata.type": "#DellNetworkPort.v1_0_0.DellNetworkPort"
        }
    },
    "Status": {
        "Health": "OK",
        "HealthRollup": "OK",
        "State": "Enabled"
    },
    "SupportedEthernetCapabilities": [
        "WakeOnLAN"
    ],
    "SupportedEthernetCapabilities@odata.count": 1,
    "@odata.context": "/redfish/v1/$metadata#NetworkPort.NetworkPort",
    "VendorId": "14E4",
    "PhysicalPortNumber": "3",
    "WakeOnLANEnabled": false,
    "NetDevFuncMaxBWAlloc": [
        {
            "NetworkDeviceFunction": {
                "@odata.id": "/redfish/v1/Chassis/System.Embedded.1/NetworkAdapters/NIC.Slot.10/NetworkDeviceFunctions/NIC.Slot.10-3-1"
            },
            "MaxBWAllocPercent": 100
        }
    ],
    "NetDevFuncMaxBWAlloc@odata.count": 1
}