{
    "@odata.context": "/redfish/v1/$metadata#JsonSchemaFile.JsonSchemaFile",
    "@odata.id": "/redfish/v1/JsonSchemas/DellCertificate.v1_0_1",
    "@odata.type": "#JsonSchemaFile.v1_1_5.JsonSchemaFile",
    "Description": "DellCertificate Schema File Location",
    "Id": "DellCertificate.v1_0_1",
    "Languages": [
        "en"
    ],
    "Languages@odata.count": 1,
    "Location": [
        {
            "Language": "en",
            "PublicationUri": "http://downloads.dell.com/redfish/bmc/schemas/DellCertificate.v1_0_1.json",
            "Uri": "/redfish/v1/Schemas/DellCertificate.v1_0_1.json"
        }
    ],
    "Location@odata.count": 1,
    "Name": "DellCertificate Schema File",
    "Schema": "#DellCertificate.v1_0_1.DellCertificate"
}