{
    "SpeedPercent": {
        "DataSourceUri": "/redfish/v1/Chassis/System.Embedded.1/Sensors/Fan3_1",
        "SpeedRPM": 5070
    },
    "SecondarySpeedPercent": {
        "DataSourceUri": "/redfish/v1/Chassis/System.Embedded.1/Sensors/Fan3_2",
        "SpeedRPM": 4080
    },
    "@odata.id": "/redfish/v1/Chassis/System.Embedded.1/ThermalSubsystem/Fans/CoolingController.1.Fan3",
    "@odata.type": "#Fan.v1_5_2.Fan",
    "Description": "Represents fan properties of the chassis",
    "PhysicalContext": "SystemBoard",
    "Id": "CoolingController.1.Fan3",
    "Status": {
        "State": "Enabled",
        "Health": "OK"
    },
    "Oem": {
        "Dell": {
            "FanPWM": 17,
            "FanType": "Gold",
            "@odata.context": "/redfish/v1/$metadata#DellFan.DellFan",
            "@odata.type": "#DellFan.v1_1_0.DellFan"
        }
    },
    "@odata.etag": "\"W/'gen-236'\"",
    "@odata.context": "/redfish/v1/$metadata#Fan.Fan",
    "Name": "Fan3",
    "HotPluggable": true,
    "Location": {
        "PartLocation": {
            "LocationType": "Slot",
            "LocationOrdinalValue": 3
        }
    }
}