{
    "Description": "This resource shall be used to represent an assembly information.",
    "PackageType": "PowerSupply",
    "SerialNumber": "CNDED0048101KF",
    "@odata.id": "/redfish/v1/Chassis/System.Embedded.1/Oem/Dell/DellAssembly/PSU.Slot.1_0x23_FRU",
    "DeviceFQDD": "PSU.Slot.1",
    "@odata.context": "/redfish/v1/$metadata#DellAssembly.DellAssembly",
    "@odata.etag": "\"W/'gen-1'\"",
    "@odata.type": "#DellAssembly.v1_1_0.DellAssembly",
    "Id": "PSU.Slot.1_0x23_FRU",
    "Name": "DellAssembly"
}