{
    "@odata.context": "/redfish/v1/$metadata#JsonSchemaFile.JsonSchemaFile",
    "@odata.id": "/redfish/v1/JsonSchemas/DellLCLogEntry.v1_1_0",
    "@odata.type": "#JsonSchemaFile.v1_1_5.JsonSchemaFile",
    "Description": "DellLCLogEntry Schema File Location",
    "Id": "DellLCLogEntry.v1_1_0",
    "Languages": [
        "en"
    ],
    "Languages@odata.count": 1,
    "Location": [
        {
            "Language": "en",
            "PublicationUri": "http://downloads.dell.com/redfish/bmc/schemas/DellLCLogEntry.v1_1_0.json",
            "Uri": "/redfish/v1/Schemas/DellLCLogEntry.v1_1_0.json"
        }
    ],
    "Location@odata.count": 1,
    "Name": "DellLCLogEntry Schema File",
    "Schema": "#DellLCLogEntry.v1_1_0.DellLCLogEntry"
}