{
    "@odata.context": "/redfish/v1/$metadata#JsonSchemaFile.JsonSchemaFile",
    "@odata.id": "/redfish/v1/JsonSchemas/Circuit.v1_7_0",
    "@odata.type": "#JsonSchemaFile.v1_1_4.JsonSchemaFile",
    "Description": "Circuit Schema File Location",
    "Id": "Circuit.v1_7_0",
    "Languages": [
        "en"
    ],
    "Languages@odata.count": 1,
    "Location": [
        {
            "Language": "en",
            "PublicationUri": "http://redfish.dmtf.org/schemas/v1/Circuit.v1_7_0.json",
            "Uri": "/redfish/v1/Schemas/Circuit.v1_7_0.json"
        }
    ],
    "Location@odata.count": 1,
    "Name": "Circuit Schema File",
    "Schema": "#Circuit.v1_7_0.Circuit"
}