{
    "ClassCode": "0x000002",
    "@odata.id": "/redfish/v1/Chassis/System.Embedded.1/PCIeDevices/1-135-0/PCIeFunctions/1-135-0-0",
    "Links": {
        "Drives": [],
        "Drives@odata.count": 0,
        "EthernetInterfaces": [
            {
                "@odata.id": "/redfish/v1/Systems/System.Embedded.1/EthernetInterfaces/NIC.Slot.4-1-1"
            }
        ],
        "EthernetInterfaces@odata.count": 1,
        "PCIeDevice": {
            "@odata.id": "/redfish/v1/Chassis/System.Embedded.1/PCIeDevices/1-135-0"
        }
    },
    "SubsystemVendorId": "0x15b3",
    "Id": "1-135-0-0",
    "Status": {
        "State": "Enabled",
        "Health": "OK",
        "HealthRollup": "OK"
    },
    "VendorId": "0x15b3",
    "FunctionType": "Physical",
    "@odata.etag": "\"W/'gen-2'\"",
    "RevisionId": "0x00",
    "@odata.type": "#PCIeFunction.v1_6_0.PCIeFunction",
    "Oem": {
        "Dell": {
            "@odata.type": "#DellChassisPCIeFunction.v1_1_0.DellPCIeFunction",
            "DellPCIeFunction": {
                "SlotType": "OCPNIC3.0SmallFormFactor",
                "DataBusWidth": "16XOrX16",
                "Id": "NIC.Slot.4-1-1",
                "LastSystemInventoryTime": "2025-02-21T23:53:00+00:00",
                "LastUpdateTime": "2025-02-21T21:24:07+00:00",
                "SlotLength": "Other"
            },
            "@odata.context": "/redfish/v1/$metadata#DellChassisPCIeFunction.DellChassisPCIeFunction"
        }
    },
    "@odata.context": "/redfish/v1/$metadata#PCIeFunction.PCIeFunction",
    "SubsystemId": "0x0019",
    "DeviceClass": "NetworkController",
    "Enabled": true,
    "Description": "MT2894 Family [ConnectX-6 Lx]",
    "DeviceId": "0x101f",
    "Name": "MT2894 Family [ConnectX-6 Lx]",
    "FunctionId": 0,
    "FunctionProtocol": "PCIe"
}