{
    "DeviceFQDD": "NIC.Slot.4",
    "PackageType": "Module/Card",
    "@odata.context": "/redfish/v1/$metadata#DellAssembly.DellAssembly",
    "Name": "DellAssembly",
    "@odata.etag": "\"W/'gen-1'\"",
    "@odata.id": "/redfish/v1/Chassis/System.Embedded.1/Oem/Dell/DellAssembly/NIC.Slot.4_0x23_FRU",
    "Description": "This resource shall be used to represent an assembly information.",
    "Id": "NIC.Slot.4_0x23_FRU",
    "SerialNumber": "IL74031284000Q",
    "@odata.type": "#DellAssembly.v1_1_0.DellAssembly"
}