{
    "@odata.context": "/redfish/v1/$metadata#JsonSchemaFile.JsonSchemaFile",
    "@odata.id": "/redfish/v1/JsonSchemas/DellEnclosureCollection",
    "@odata.type": "#JsonSchemaFile.v1_1_5.JsonSchemaFile",
    "Description": "DellEnclosureCollection Schema File Location",
    "Id": "DellEnclosureCollection",
    "Languages": [
        "en"
    ],
    "Languages@odata.count": 1,
    "Location": [
        {
            "Language": "en",
            "PublicationUri": "http://downloads.dell.com/redfish/bmc/schemas/DellEnclosureCollection.json",
            "Uri": "/redfish/v1/Schemas/DellEnclosureCollection.json"
        }
    ],
    "Location@odata.count": 1,
    "Name": "DellEnclosureCollection Schema File",
    "Schema": "#DellEnclosureCollection.DellEnclosureCollection"
}