{
    "@odata.context": "/redfish/v1/$metadata#JsonSchemaFile.JsonSchemaFile",
    "@odata.id": "/redfish/v1/JsonSchemas/DellComputerSystem",
    "@odata.type": "#JsonSchemaFile.v1_1_4.JsonSchemaFile",
    "Description": "DellComputerSystem Schema File Location",
    "Id": "DellComputerSystem",
    "Languages": [
        "en"
    ],
    "Languages@odata.count": 1,
    "Location": [
        {
            "Language": "en",
            "PublicationUri": "http://downloads.dell.com/redfish/bmc/schemas/DellComputerSystem.json",
            "Uri": "/redfish/v1/Schemas/DellComputerSystem.json"
        }
    ],
    "Location@odata.count": 1,
    "Name": "DellComputerSystem Schema File",
    "Schema": "#DellComputerSystem.DellComputerSystem"
}