{
    "@odata.context": "/redfish/v1/$metadata#JsonSchemaFile.JsonSchemaFile",
    "@odata.id": "/redfish/v1/JsonSchemas/AllowDenyCollection",
    "@odata.type": "#JsonSchemaFile.v1_1_5.JsonSchemaFile",
    "Description": "AllowDenyCollection Schema File Location",
    "Id": "AllowDenyCollection",
    "Languages": [
        "en"
    ],
    "Languages@odata.count": 1,
    "Location": [
        {
            "Language": "en",
            "PublicationUri": "http://redfish.dmtf.org/schemas/v1/AllowDenyCollection.json",
            "Uri": "/redfish/v1/Schemas/AllowDenyCollection.json"
        }
    ],
    "Location@odata.count": 1,
    "Name": "AllowDenyCollection Schema File",
    "Schema": "#AllowDenyCollection.AllowDenyCollection"
}