{
    "@odata.etag": "\"W/'gen-1'\"",
    "Description": "This resource shall be used to represent an assembly information.",
    "SerialNumber": "CNWS3004820016",
    "@odata.context": "/redfish/v1/$metadata#DellAssembly.DellAssembly",
    "@odata.type": "#DellAssembly.v1_1_0.DellAssembly",
    "Id": "SystemHPM.Embedded.1_0x23_FRU",
    "PackageType": "Module/Card",
    "DeviceFQDD": "SystemHPM.Embedded.1",
    "Name": "DellAssembly",
    "@odata.id": "/redfish/v1/Chassis/System.Embedded.1/Oem/Dell/DellAssembly/SystemHPM.Embedded.1_0x23_FRU"
}