{
    "Links": {
        "PCIeDevice": {
            "@odata.id": "/redfish/v1/Chassis/System.Embedded.1/PCIeDevices/0-58-0"
        },
        "Drives": [],
        "Drives@odata.count": 0
    },
    "DeviceId": "0x0536",
    "Name": "Integrated Matrox G200eW3 Graphics Controller",
    "@odata.context": "/redfish/v1/$metadata#PCIeFunction.PCIeFunction",
    "RevisionId": "0x08",
    "Status": {
        "Health": "OK",
        "HealthRollup": "OK",
        "State": "Enabled"
    },
    "@odata.etag": "\"W/'gen-3'\"",
    "Description": "Integrated Matrox G200eW3 Graphics Controller",
    "SubsystemVendorId": "0x1028",
    "FunctionType": "Physical",
    "@odata.type": "#PCIeFunction.v1_6_0.PCIeFunction",
    "VendorId": "0x102b",
    "Enabled": true,
    "Oem": {
        "Dell": {
            "@odata.context": "/redfish/v1/$metadata#DellChassisPCIeFunction.DellChassisPCIeFunction",
            "@odata.type": "#DellChassisPCIeFunction.v1_1_0.DellPCIeFunction",
            "DellPCIeFunction": {
                "SlotLength": "Unknown",
                "SlotType": "Unknown",
                "DataBusWidth": "Unknown",
                "Id": "Video.Embedded.1-1",
                "LastSystemInventoryTime": "2025-02-21T23:53:00+00:00",
                "LastUpdateTime": "2025-02-21T21:24:07+00:00"
            }
        }
    },
    "ClassCode": "0x000003",
    "FunctionProtocol": "PCIe",
    "DeviceClass": "DisplayController",
    "@odata.id": "/redfish/v1/Chassis/System.Embedded.1/PCIeDevices/0-58-0/PCIeFunctions/0-58-0-0",
    "FunctionId": 0,
    "Id": "0-58-0-0",
    "SubsystemId": "0x0c65"
}