{
    "@odata.context": "/redfish/v1/$metadata#JsonSchemaFile.JsonSchemaFile",
    "@odata.id": "/redfish/v1/JsonSchemas/DellD4DReport",
    "@odata.type": "#JsonSchemaFile.v1_1_4.JsonSchemaFile",
    "Description": "DellD4DReport Schema File Location",
    "Id": "DellD4DReport",
    "Languages": [
        "en"
    ],
    "Languages@odata.count": 1,
    "Location": [
        {
            "Language": "en",
            "PublicationUri": "http://downloads.dell.com/redfish/bmc/schemas/DellD4DReport.json",
            "Uri": "/redfish/v1/Schemas/DellD4DReport.json"
        }
    ],
    "Location@odata.count": 1,
    "Name": "DellD4DReport Schema File",
    "Schema": "#DellD4DReport.DellD4DReport"
}