{
    "@odata.context": "/redfish/v1/$metadata#PCIeFunction.PCIeFunction",
    "@odata.etag": "\"1706632779\"",
    "@odata.type": "#PCIeFunction.v1_5_0.PCIeFunction",
    "@odata.id": "/redfish/v1/Chassis/System.Embedded.1/PCIeDevices/0-17/PCIeFunctions/0-17-5",
    "ClassCode": "0x010601",
    "Description": "C620 Series Chipset Family SSATA Controller [AHCI mode]",
    "DeviceClass": "MassStorageController",
    "DeviceId": "0xa1d2",
    "Enabled": true,
    "FunctionId": 5,
    "FunctionType": "Physical",
    "Id": "0-17-5",
    "Links": {
        "StorageControllers": [
            {
                "@odata.id": "/redfish/v1/Systems/System.Embedded.1/Storage/AHCI.Embedded.1-1#/StorageControllers/0"
            }
        ],
        "StorageControllers@odata.count": 1,
        "Drives": [],
        "Drives@odata.count": 0,
        "EthernetInterfaces": [],
        "EthernetInterfaces@odata.count": 0,
        "PCIeDevice": {
            "@odata.id": "/redfish/v1/Chassis/System.Embedded.1/PCIeDevices/0-17"
        }
    },
    "Name": "C620 Series Chipset Family SSATA Controller [AHCI mode]",
    "Oem": {
        "Dell": {
            "@odata.type": "#DellChassisPCIeFunction.v1_1_0.DellPCIeFunction",
            "DellPCIeFunction": {
                "DataBusWidth": "Unknown",
                "LastSystemInventoryTime": "2024-01-30T16:38:56+00:00",
                "LastUpdateTime": "2024-01-30T16:38:54+00:00",
                "SlotLength": "Unknown",
                "SlotType": "Unknown",
                "Id": "AHCI.Embedded.1-1"
            }
        }
    },
    "RevisionId": "0x0a",
    "Status": {
        "State": "Enabled",
        "Health": "OK",
        "HealthRollup": "OK"
    },
    "SubsystemId": "0x0912",
    "SubsystemVendorId": "0x1028",
    "VendorId": "0x8086"
}