{
    "ChassisType": "RackMount",
    "NetworkAdapters": {
        "@odata.id": "/redfish/v1/Chassis/System.Embedded.1/NetworkAdapters"
    },
    "Model": "PowerEdge R770",
    "Memory": {
        "@odata.id": "/redfish/v1/Systems/System.Embedded.1/Memory"
    },
    "AssetTag": null,
    "Assembly": {
        "@odata.id": "/redfish/v1/Chassis/System.Embedded.1/Assembly"
    },
    "TrustedComponents": {
        "@odata.id": "/redfish/v1/Chassis/System.Embedded.1/TrustedComponents"
    },
    "Description": "It represents the properties for physical components for any system.It represent racks, rackmount servers, blades, standalone, modular systems,enclosures, and all other containers.The non-cpu/device centric parts of the schema are all accessed either directly or indirectly through this resource.",
    "Name": "Computer System Chassis",
    "Id": "System.Embedded.1",
    "PCIeDevices": {
        "@odata.id": "/redfish/v1/Chassis/System.Embedded.1/PCIeDevices"
    },
    "PoweredByParent": false,
    "IndicatorLED@Redfish.Deprecated": "Please migrate to use LocationIndicatorActive property",
    "IndicatorLED": "Lit",
    "@odata.context": "/redfish/v1/$metadata#Chassis.Chassis",
    "@odata.type": "#Chassis.v1_25_1.Chassis",
    "Oem": {
        "Dell": {
            "DellChassis": {
                "@odata.id": "/redfish/v1/Chassis/System.Embedded.1/Oem/Dell/DellChassis/mainsystemchassis",
                "Description": "This resource shall provide information about the enclosure or chassis the system is in.",
                "@odata.context": "/redfish/v1/$metadata#DellChassis.DellChassis",
                "@odata.type": "#DellChassis.v1_0_0.DellChassis",
                "Id": "mainsystemchassis",
                "Links": {
                    "ComputerSystem": {
                        "@odata.id": "/redfish/v1/Systems/System.Embedded.1"
                    }
                },
                "Name": "DellChassis",
                "CanBeFRUed": true,
                "@odata.etag": "\"W/'gen-2'\"",
                "SystemID": 3173
            },
            "@odata.context": "/redfish/v1/$metadata#DellOemEnclosureChassis.DellOemEnclosureChassis",
            "@odata.type": "#DellOemEnclosureChassis.v1_1_0.DellOemEnclosureChassis"
        }
    },
    "PowerSubsystem": {
        "@odata.id": "/redfish/v1/Chassis/System.Embedded.1/PowerSubsystem"
    },
    "PCIeSlots": {
        "@odata.id": "/redfish/v1/Chassis/System.Embedded.1/PCIeSlots"
    },
    "PhysicalSecurity": {
        "IntrusionSensor": "Normal",
        "IntrusionSensorNumber": 115,
        "IntrusionSensorReArm": "Automatic"
    },
    "SerialNumber": "CNWS30048300Q1",
    "PartNumber": "08YJ1GX34",
    "LocationIndicatorActive": false,
    "SKU": "ABCD123",
    "@odata.id": "/redfish/v1/Chassis/System.Embedded.1",
    "Thermal@Redfish.Deprecated": "Please migrate to use /redfish/v1/Chassis/System.Embedded.1/ThermalSubsystem",
    "Links": {
        "ManagersInChassis@odata.count": 1,
        "ComputerSystems": [
            {
                "@odata.id": "/redfish/v1/Systems/System.Embedded.1"
            }
        ],
        "Oem": {
            "Dell": {
                "DellFCCollection": {
                    "@odata.id": "/redfish/v1/Chassis/System.Embedded.1/Oem/Dell/DellFC"
                },
                "DellInfiniBandCapabilitiesCollection": {
                    "@odata.id": "/redfish/v1/Chassis/System.Embedded.1/Oem/Dell/DellInfiniBandCapabilities"
                },
                "DellEnclosureFanSensorCollection": {
                    "@odata.id": "/redfish/v1/Chassis/System.Embedded.1/Oem/Dell/DellEnclosureFanSensors"
                },
                "DellEnclosurePowerSupplyCollection": {
                    "@odata.id": "/redfish/v1/Chassis/System.Embedded.1/Oem/Dell/DellEnclosurePowerSupply"
                },
                "@odata.context": "/redfish/v1/$metadata#DellOemChassis.DellOemChassis",
                "DellFCStatisticsCollection": {
                    "@odata.id": "/redfish/v1/Chassis/System.Embedded.1/Oem/Dell/DellFCStatistics"
                },
                "DellAssemblyCollection": {
                    "@odata.id": "/redfish/v1/Chassis/System.Embedded.1/Oem/Dell/DellAssembly"
                },
                "DellFCPortMetricsCollection": {
                    "@odata.id": "/redfish/v1/Chassis/System.Embedded.1/Oem/Dell/DellFCPortMetrics"
                },
                "DellNICCapabilitiesCollection": {
                    "@odata.id": "/redfish/v1/Chassis/System.Embedded.1/Oem/Dell/DellNICCapabilities"
                },
                "DellPCIeSSDBackPlaneCollection": {
                    "@odata.id": "/redfish/v1/Chassis/System.Embedded.1/Oem/Dell/DellPCIeSSDBackPlanes"
                },
                "DellEnclosureTemperatureSensorCollection": {
                    "@odata.id": "/redfish/v1/Chassis/System.Embedded.1/Oem/Dell/DellEnclosureTemperatureSensors"
                },
                "DellNetworkTransceiverPortMetricsCollection": {
                    "@odata.id": "/redfish/v1/Chassis/System.Embedded.1/Oem/Dell/DellNetworkTransceiverPortMetrics"
                },
                "DellInfiniBandCollection": {
                    "@odata.id": "/redfish/v1/Chassis/System.Embedded.1/Oem/Dell/DellInfiniBand"
                },
                "DellEnclosureEMMCollection": {
                    "@odata.id": "/redfish/v1/Chassis/System.Embedded.1/Oem/Dell/DellEnclosureEMM"
                },
                "DellNICStatisticsCollection": {
                    "@odata.id": "/redfish/v1/Chassis/System.Embedded.1/Oem/Dell/DellNICStatistics"
                },
                "DellChassisCollection": {
                    "@odata.id": "/redfish/v1/Chassis/System.Embedded.1/Oem/Dell/DellChassis"
                },
                "DellFCCapabilitiesCollection": {
                    "@odata.id": "/redfish/v1/Chassis/System.Embedded.1/Oem/Dell/DellFCCapabilities"
                },
                "DellNetworkTransceiverCollection": {
                    "@odata.id": "/redfish/v1/Chassis/System.Embedded.1/Oem/Dell/DellNetworkTransceivers"
                },
                "DellNICCollection": {
                    "@odata.id": "/redfish/v1/Chassis/System.Embedded.1/Oem/Dell/DellNIC"
                },
                "DellPCIeFunctionCollection": {
                    "@odata.id": "/redfish/v1/Chassis/System.Embedded.1/Oem/Dell/DellPCIeFunctions"
                },
                "@odata.type": "#DellOemChassis.v1_3_0.DellOemChassisLinks",
                "DellEnclosureCollection": {
                    "@odata.id": "/redfish/v1/Chassis/System.Embedded.1/Oem/Dell/DellEnclosures"
                },
                "DellInfiniBandPortMetricsCollection": {
                    "@odata.id": "/redfish/v1/Chassis/System.Embedded.1/Oem/Dell/DellInfiniBandPortMetrics"
                },
                "DellNICPortMetricsCollection": {
                    "@odata.id": "/redfish/v1/Chassis/System.Embedded.1/Oem/Dell/DellNICPortMetrics"
                }
            }
        },
        "CooledBy": [
            {
                "@odata.id": "/redfish/v1/Chassis/System.Embedded.1/ThermalSubsystem/Fans/CoolingController.1.Fan3"
            },
            {
                "@odata.id": "/redfish/v1/Chassis/System.Embedded.1/ThermalSubsystem/Fans/CoolingController.1.Fan6"
            },
            {
                "@odata.id": "/redfish/v1/Chassis/System.Embedded.1/ThermalSubsystem/Fans/CoolingController.1.Fan4"
            },
            {
                "@odata.id": "/redfish/v1/Chassis/System.Embedded.1/ThermalSubsystem/Fans/CoolingController.1.Fan1"
            },
            {
                "@odata.id": "/redfish/v1/Chassis/System.Embedded.1/ThermalSubsystem/Fans/CoolingController.1.Fan5"
            },
            {
                "@odata.id": "/redfish/v1/Chassis/System.Embedded.1/ThermalSubsystem/Fans/CoolingController.1.Fan2"
            }
        ],
        "CooledBy@odata.count": 6,
        "ManagedBy@odata.count": 1,
        "ManagedBy": [
            {
                "@odata.id": "/redfish/v1/Managers/iDRAC.Embedded.1"
            }
        ],
        "PCIeDevices": [
            {
                "@odata.id": "/redfish/v1/Chassis/System.Embedded.1/PCIeDevices/0-254-6"
            },
            {
                "@odata.id": "/redfish/v1/Chassis/System.Embedded.1/PCIeDevices/0-254-5"
            },
            {
                "@odata.id": "/redfish/v1/Chassis/System.Embedded.1/PCIeDevices/0-135-0"
            },
            {
                "@odata.id": "/redfish/v1/Chassis/System.Embedded.1/PCIeDevices/0-174-0"
            },
            {
                "@odata.id": "/redfish/v1/Chassis/System.Embedded.1/PCIeDevices/0-58-0"
            },
            {
                "@odata.id": "/redfish/v1/Chassis/System.Embedded.1/PCIeDevices/0-59-0"
            },
            {
                "@odata.id": "/redfish/v1/Chassis/System.Embedded.1/PCIeDevices/0-0-31"
            },
            {
                "@odata.id": "/redfish/v1/Chassis/System.Embedded.1/PCIeDevices/1-135-0"
            }
        ],
        "PCIeDevices@odata.count": 8,
        "ComputerSystems@odata.count": 1,
        "Processors": [
            {
                "@odata.id": "/redfish/v1/Systems/System.Embedded.1/Processors/CPU.Socket.1"
            },
            {
                "@odata.id": "/redfish/v1/Systems/System.Embedded.1/Processors/CPU.Socket.0"
            }
        ],
        "Processors@odata.count": 2,
        "Storage": [
            {
                "@odata.id": "/redfish/v1/Systems/System.Embedded.1/Storage/RAID.SL.3-1"
            }
        ],
        "Storage@odata.count": 1,
        "PCIeDevices@Redfish.Deprecated": "Please migrate to use /redfish/v1/Chassis/System.Embedded.1/PCIeDevices",
        "Contains": [
            {
                "@odata.id": "/redfish/v1/Chassis/Enclosure.Internal.0-1_RAID.SL.3-1"
            }
        ],
        "Contains@odata.count": 1,
        "Drives": [],
        "Drives@odata.count": 0,
        "ManagersInChassis": [
            {
                "@odata.id": "/redfish/v1/Managers/iDRAC.Embedded.1"
            }
        ],
        "PoweredBy": [
            {
                "@odata.id": "/redfish/v1/Chassis/System.Embedded.1/Power#/PowerSupplies/1"
            },
            {
                "@odata.id": "/redfish/v1/Chassis/System.Embedded.1/Power#/PowerSupplies/0"
            }
        ],
        "PoweredBy@odata.count": 2
    },
    "ThermalManagedByParent": false,
    "Manufacturer": "Dell Inc.",
    "EnvironmentMetrics": {
        "@odata.id": "/redfish/v1/Chassis/System.Embedded.1/EnvironmentMetrics"
    },
    "PowerState": "On",
    "ThermalSubsystem": {
        "@odata.id": "/redfish/v1/Chassis/System.Embedded.1/ThermalSubsystem"
    },
    "Actions": {
        "#Chassis.Reset": {
            "ResetType@Redfish.AllowableValues": [
                "PowerCycle"
            ],
            "target": "/redfish/v1/Chassis/System.Embedded.1/Actions/Chassis.Reset"
        }
    },
    "Power@Redfish.Deprecated": "Please migrate to use /redfish/v1/Chassis/System.Embedded.1/PowerSubsystem",
    "EnvironmentalClass": "A3",
    "UUID": "4c4c4544-0054-3010-8035-cfc04f363035",
    "Location": {
        "Placement": {
            "Rack": "",
            "RackOffset": 0,
            "RackOffsetUnits": "EIA_310",
            "Row": ""
        },
        "PostalAddress": {
            "Building": "",
            "Room": ""
        },
        "Info": ";;;;0",
        "InfoFormat": "DataCenter;RoomName;Aisle;RackName;RackSlot"
    },
    "Sensors": {
        "@odata.id": "/redfish/v1/Chassis/System.Embedded.1/Sensors"
    },
    "@odata.etag": "\"W/'gen-14'\"",
    "Power": {
        "@odata.id": "/redfish/v1/Chassis/System.Embedded.1/Power"
    },
    "Thermal": {
        "@odata.id": "/redfish/v1/Chassis/System.Embedded.1/Thermal"
    },
    "Status": {
        "State": "Enabled",
        "Health": "OK"
    }
}