{
    "@odata.context": "/redfish/v1/$metadata#PCIeFunctionCollection.PCIeFunctionCollection",
    "@odata.type": "#PCIeFunctionCollection.PCIeFunctionCollection",
    "Description": "Collection of PCIeFunctions",
    "Members": [
        {
            "@odata.id": "/redfish/v1/Chassis/System.Embedded.1/PCIeDevices/1-153-0/PCIeFunctions/1-153-0-3"
        },
        {
            "@odata.id": "/redfish/v1/Chassis/System.Embedded.1/PCIeDevices/1-153-0/PCIeFunctions/1-153-0-2"
        },
        {
            "@odata.id": "/redfish/v1/Chassis/System.Embedded.1/PCIeDevices/1-153-0/PCIeFunctions/1-153-0-0"
        },
        {
            "@odata.id": "/redfish/v1/Chassis/System.Embedded.1/PCIeDevices/1-153-0/PCIeFunctions/1-153-0-1"
        }
    ],
    "Members@odata.count": 4,
    "@odata.id": "/redfish/v1/Chassis/System.Embedded.1/PCIeDevices/1-153-0/PCIeFunctions",
    "@odata.etag": "W/\"gen-1\"",
    "Name": "PCIeFunction Collection"
}