{
    "@odata.context": "/redfish/v1/$metadata#JsonSchemaFile.JsonSchemaFile",
    "@odata.id": "/redfish/v1/JsonSchemas/DataSecurityLoSCapabilities.v1_2_0",
    "@odata.type": "#JsonSchemaFile.v1_1_4.JsonSchemaFile",
    "Description": "DataSecurityLoSCapabilities Schema File Location",
    "Id": "DataSecurityLoSCapabilities.v1_2_0",
    "Languages": [
        "en"
    ],
    "Languages@odata.count": 1,
    "Location": [
        {
            "Language": "en",
            "PublicationUri": "http://redfish.dmtf.org/schemas/swordfish/v1/DataSecurityLoSCapabilities.v1_2_0.json",
            "Uri": "/redfish/v1/Schemas/DataSecurityLoSCapabilities.v1_2_0.json"
        }
    ],
    "Location@odata.count": 1,
    "Name": "DataSecurityLoSCapabilities Schema File",
    "Schema": "#DataSecurityLoSCapabilities.v1_2_0.DataSecurityLoSCapabilities"
}