{
    "@odata.context": "/redfish/v1/$metadata#NetworkAdapter.NetworkAdapter",
    "@odata.id": "/redfish/v1/Chassis/System.Embedded.1/NetworkAdapters/NIC.Integrated.1",
    "@odata.type": "#NetworkAdapter.v1_9_0.NetworkAdapter",
    "Assembly": {
        "@odata.id": "/redfish/v1/Chassis/System.Embedded.1/NetworkAdapters/NIC.Integrated.1/Assembly"
    },
    "Controllers": [
        {
            "ControllerCapabilities": {
                "DataCenterBridging": {
                    "Capable": null
                },
                "NPAR": {
                    "NparCapable": false,
                    "NparEnabled": null
                },
                "NPIV": {
                    "MaxDeviceLogins": 0,
                    "MaxPortLogins": 0
                },
                "NetworkDeviceFunctionCount": 4,
                "NetworkPortCount": 4,
                "VirtualizationOffload": {
                    "SRIOV": {
                        "SRIOVVEPACapable": true
                    },
                    "VirtualFunction": {
                        "DeviceMaxCount": 0,
                        "MinAssignmentGroupSize": 8,
                        "NetworkPortMaxCount": 0
                    }
                }
            },
            "FirmwarePackageVersion": "22.5.7",
            "Links": {
                "NetworkDeviceFunctions": [
                    {
                        "@odata.id": "/redfish/v1/Chassis/System.Embedded.1/NetworkAdapters/NIC.Integrated.1/NetworkDeviceFunctions/NIC.Integrated.1-3-1"
                    },
                    {
                        "@odata.id": "/redfish/v1/Chassis/System.Embedded.1/NetworkAdapters/NIC.Integrated.1/NetworkDeviceFunctions/NIC.Integrated.1-1-1"
                    },
                    {
                        "@odata.id": "/redfish/v1/Chassis/System.Embedded.1/NetworkAdapters/NIC.Integrated.1/NetworkDeviceFunctions/NIC.Integrated.1-2-1"
                    },
                    {
                        "@odata.id": "/redfish/v1/Chassis/System.Embedded.1/NetworkAdapters/NIC.Integrated.1/NetworkDeviceFunctions/NIC.Integrated.1-4-1"
                    }
                ],
                "NetworkDeviceFunctions@odata.count": 4,
                "NetworkPorts": [
                    {
                        "@odata.id": "/redfish/v1/Chassis/System.Embedded.1/NetworkAdapters/NIC.Integrated.1/NetworkPorts/NIC.Integrated.1-3"
                    },
                    {
                        "@odata.id": "/redfish/v1/Chassis/System.Embedded.1/NetworkAdapters/NIC.Integrated.1/NetworkPorts/NIC.Integrated.1-1"
                    },
                    {
                        "@odata.id": "/redfish/v1/Chassis/System.Embedded.1/NetworkAdapters/NIC.Integrated.1/NetworkPorts/NIC.Integrated.1-2"
                    },
                    {
                        "@odata.id": "/redfish/v1/Chassis/System.Embedded.1/NetworkAdapters/NIC.Integrated.1/NetworkPorts/NIC.Integrated.1-4"
                    }
                ],
                "NetworkPorts@odata.count": 4,
                "Oem": {
                    "Dell": {
                        "@odata.type": "#DellOem.v1_3_0.DellOemLinks",
                        "CPUAffinity": [
                            {
                                "@odata.id": "/redfish/v1/Systems/System.Embedded.1/Processors/CPU.Socket.1"
                            }
                        ],
                        "CPUAffinity@odata.count": 1
                    }
                }
            }
        }
    ],
    "Controllers@odata.count": 1,
    "Description": "Network Adapter View",
    "Id": "NIC.Integrated.1",
    "Manufacturer": "Intel Corporation",
    "Model": "Intel(R) GbE 4P I350-T Adapter",
    "Name": "Network Adapter View",
    "NetworkDeviceFunctions": {
        "@odata.id": "/redfish/v1/Chassis/System.Embedded.1/NetworkAdapters/NIC.Integrated.1/NetworkDeviceFunctions"
    },
    "NetworkPorts": {
        "@odata.id": "/redfish/v1/Chassis/System.Embedded.1/NetworkAdapters/NIC.Integrated.1/NetworkPorts"
    },
    "NetworkPorts@Redfish.Deprecated": "Please migrate to use /redfish/v1/Chassis/System.Embedded.1/NetworkAdapters/{NetworkAdaptersId}/Ports",
    "Oem": {
        "Dell": {
            "@odata.type": "#DellNetworkAdapter.v1_0_0.DellNetworkAdapter",
            "PLDMMonitoringEnabled": false
        }
    },
    "Ports": {
        "@odata.id": "/redfish/v1/Chassis/System.Embedded.1/NetworkAdapters/NIC.Integrated.1/Ports"
    },
    "PartNumber": "0D1C51",
    "SerialNumber": "MYFLMIT2AS01FW",
    "Status": {
        "Health": "OK",
        "HealthRollup": "OK",
        "State": "Enabled"
    }
}