{
    "@odata.type": "#DellNetworkTransceiver.v1_1_0.DellNetworkTransceiver",
    "Name": "DellNetworkTransceiver",
    "FQDD": "NetworkTransceiver.Integrated.1:NIC.Slot.10-1",
    "PartNumber": "D0R73",
    "@odata.etag": "W/\"gen-1626\"",
    "DeviceDescription": "Network Transceiver in NIC in Slot 10 Port 1",
    "IdentifierType": "SFP/SFP+/SFP28",
    "SerialNumber": "CN0LXD0001T9200",
    "@odata.context": "/redfish/v1/$metadata#DellNetworkTransceiver.DellNetworkTransceiver",
    "Oem": {},
    "Revision": "A",
    "VendorName": "DELL EMC",
    "InterfaceType": "DirectAttachCopper",
    "@odata.id": "/redfish/v1/Chassis/System.Embedded.1/Oem/Dell/DellNetworkTransceivers/NetworkTransceiver.Integrated.1_NIC.Slot.10-1",
    "Id": "NetworkTransceiver.Integrated.1:NIC.Slot.10-1"
}