{
    "@odata.context": "/redfish/v1/$metadata#PCIeFunction.PCIeFunction",
    "@odata.etag": "\"1740181792\"",
    "@odata.type": "#PCIeFunction.v1_6_0.PCIeFunction",
    "@odata.id": "/redfish/v1/Chassis/Enclosure.Internal.0-1_RAID.SL.3-1/PCIeDevices/174-0/PCIeFunctions/174-0-0",
    "ClassCode": "0x010400",
    "Description": "PERC H965i Front",
    "DeviceClass": "MassStorageController",
    "DeviceId": "0x00a5",
    "Enabled": true,
    "FunctionId": 0,
    "FunctionType": "Physical",
    "Id": "174-0-0",
    "Links": {
        "StorageControllers": [
            {
                "@odata.id": "/redfish/v1/Systems/System.Embedded.1/Storage/RAID.SL.3-1#/StorageControllers/0"
            }
        ],
        "StorageControllers@odata.count": 1,
        "Drives": [
            {
                "@odata.id": "/redfish/v1/Systems/System.Embedded.1/Storage/RAID.SL.3-1/Drives/Disk.Bay.0_Enclosure.Internal.0-1_RAID.SL.3-1"
            },
            {
                "@odata.id": "/redfish/v1/Systems/System.Embedded.1/Storage/RAID.SL.3-1/Drives/Disk.Bay.1_Enclosure.Internal.0-1_RAID.SL.3-1"
            },
            {
                "@odata.id": "/redfish/v1/Systems/System.Embedded.1/Storage/RAID.SL.3-1/Drives/Disk.Bay.2_Enclosure.Internal.0-1_RAID.SL.3-1"
            },
            {
                "@odata.id": "/redfish/v1/Systems/System.Embedded.1/Storage/RAID.SL.3-1/Drives/Disk.Bay.3_Enclosure.Internal.0-1_RAID.SL.3-1"
            },
            {
                "@odata.id": "/redfish/v1/Systems/System.Embedded.1/Storage/RAID.SL.3-1/Drives/Disk.Bay.4_Enclosure.Internal.0-1_RAID.SL.3-1"
            },
            {
                "@odata.id": "/redfish/v1/Systems/System.Embedded.1/Storage/RAID.SL.3-1/Drives/Disk.Bay.5_Enclosure.Internal.0-1_RAID.SL.3-1"
            },
            {
                "@odata.id": "/redfish/v1/Systems/System.Embedded.1/Storage/RAID.SL.3-1/Drives/Disk.Bay.8_Enclosure.Internal.0-1_RAID.SL.3-1"
            },
            {
                "@odata.id": "/redfish/v1/Systems/System.Embedded.1/Storage/RAID.SL.3-1/Drives/Disk.Bay.9_Enclosure.Internal.0-1_RAID.SL.3-1"
            }
        ],
        "Drives@odata.count": 8,
        "EthernetInterfaces": [],
        "EthernetInterfaces@odata.count": 0,
        "PCIeDevice": {
            "@odata.id": "/redfish/v1/Chassis/Enclosure.Internal.0-1_RAID.SL.3-1/PCIeDevices/174-0"
        }
    },
    "Name": "PERC H965i Front",
    "Oem": {
        "Dell": {
            "@odata.type": "#DellChassisPCIeFunction.v1_1_0.DellPCIeFunction",
            "DellPCIeFunction": {
                "DataBusWidth": "Unknown",
                "LastSystemInventoryTime": "2025-02-21T23:53:00+00:00",
                "LastUpdateTime": "2025-02-21T21:24:07+00:00",
                "SlotLength": "Unknown",
                "SlotType": "Unknown",
                "Id": "RAID.SL.3-1"
            }
        }
    },
    "RevisionId": "0x01",
    "Status": {
        "State": "Enabled",
        "Health": "OK",
        "HealthRollup": "OK"
    },
    "SubsystemId": "0x22cc",
    "SubsystemVendorId": "0x1028",
    "VendorId": "0x1000"
}