{
    "JobState": "Completed",
    "Description": "Represent a job in Redfish",
    "StartTime": "2025-02-20T14:26:33-06:00",
    "MaxExecutionTime": "PT2H",
    "@odata.context": "/redfish/v1/$metadata#Job.Job",
    "PercentComplete": 100,
    "@odata.etag": "\"W/'gen-2'\"",
    "@odata.type": "#Job.v1_2_4.Job",
    "EndTime": "2025-02-20T14:28:34-06:00",
    "Messages": [
        {
            "Message": "The SupportAssist Collection and Transmission Operation is completed successfully.",
            "MessageArgs": [],
            "MessageArgs@odata.count": 0,
            "MessageId": "IDRAC.2.9.SRV088"
        }
    ],
    "Messages@odata.count": 1,
    "JobStatus": "OK",
    "@odata.id": "/redfish/v1/JobService/Jobs/JID_400831937482",
    "Id": "JID_400831937482",
    "Oem": {
        "Dell": {
            "JobType": "SACollectExportHealthData",
            "OemJobState": "Completed",
            "UntilTime": null,
            "@odata.context": "/redfish/v1/$metadata#DellOemJob.DellOemJob",
            "@odata.type": "#DellOemJob.v1_0_0.DellOemJob",
            "ActualRunningStartTime": "2025-02-20T14:26:33",
            "ActualRunningStopTime": "2025-02-20T14:28:34"
        }
    },
    "Name": "SupportAssist Collection"
}