{
    "@odata.context": "/redfish/v1/$metadata#NetworkAdapter.NetworkAdapter",
    "@odata.id": "/redfish/v1/Chassis/System.Embedded.1/NetworkAdapters/NIC.Slot.3",
    "@odata.type": "#NetworkAdapter.v1_9_0.NetworkAdapter",
    "Assembly": {
        "@odata.id": "/redfish/v1/Chassis/System.Embedded.1/NetworkAdapters/NIC.Slot.3/Assembly"
    },
    "Controllers": [
        {
            "ControllerCapabilities": {
                "DataCenterBridging": {
                    "Capable": true
                },
                "NPAR": {
                    "NparCapable": false,
                    "NparEnabled": null
                },
                "NPIV": {
                    "MaxDeviceLogins": 0,
                    "MaxPortLogins": 0
                },
                "NetworkDeviceFunctionCount": 4,
                "NetworkPortCount": 4,
                "VirtualizationOffload": {
                    "SRIOV": {
                        "SRIOVVEPACapable": true
                    },
                    "VirtualFunction": {
                        "DeviceMaxCount": 512,
                        "MinAssignmentGroupSize": 32,
                        "NetworkPortMaxCount": 128
                    }
                }
            },
            "FirmwarePackageVersion": "22.5.7",
            "Links": {
                "NetworkDeviceFunctions": [
                    {
                        "@odata.id": "/redfish/v1/Chassis/System.Embedded.1/NetworkAdapters/NIC.Slot.3/NetworkDeviceFunctions/NIC.Slot.3-1-1"
                    },
                    {
                        "@odata.id": "/redfish/v1/Chassis/System.Embedded.1/NetworkAdapters/NIC.Slot.3/NetworkDeviceFunctions/NIC.Slot.3-2-1"
                    },
                    {
                        "@odata.id": "/redfish/v1/Chassis/System.Embedded.1/NetworkAdapters/NIC.Slot.3/NetworkDeviceFunctions/NIC.Slot.3-3-1"
                    },
                    {
                        "@odata.id": "/redfish/v1/Chassis/System.Embedded.1/NetworkAdapters/NIC.Slot.3/NetworkDeviceFunctions/NIC.Slot.3-4-1"
                    }
                ],
                "NetworkDeviceFunctions@odata.count": 4,
                "NetworkPorts": [
                    {
                        "@odata.id": "/redfish/v1/Chassis/System.Embedded.1/NetworkAdapters/NIC.Slot.3/NetworkPorts/NIC.Slot.3-1"
                    },
                    {
                        "@odata.id": "/redfish/v1/Chassis/System.Embedded.1/NetworkAdapters/NIC.Slot.3/NetworkPorts/NIC.Slot.3-2"
                    },
                    {
                        "@odata.id": "/redfish/v1/Chassis/System.Embedded.1/NetworkAdapters/NIC.Slot.3/NetworkPorts/NIC.Slot.3-3"
                    },
                    {
                        "@odata.id": "/redfish/v1/Chassis/System.Embedded.1/NetworkAdapters/NIC.Slot.3/NetworkPorts/NIC.Slot.3-4"
                    }
                ],
                "NetworkPorts@odata.count": 4,
                "Oem": {
                    "Dell": {
                        "@odata.type": "#DellOem.v1_3_0.DellOemLinks",
                        "CPUAffinity": [
                            {
                                "@odata.id": "/redfish/v1/Systems/System.Embedded.1/Processors/CPU.Socket.2"
                            }
                        ],
                        "CPUAffinity@odata.count": 1
                    }
                }
            }
        }
    ],
    "Controllers@odata.count": 1,
    "Description": "Network Adapter View",
    "Id": "NIC.Slot.3",
    "Manufacturer": "Intel Corporation",
    "Model": "Intel(R) Ethernet Adptr X710T4L",
    "Name": "Network Adapter View",
    "NetworkDeviceFunctions": {
        "@odata.id": "/redfish/v1/Chassis/System.Embedded.1/NetworkAdapters/NIC.Slot.3/NetworkDeviceFunctions"
    },
    "NetworkPorts": {
        "@odata.id": "/redfish/v1/Chassis/System.Embedded.1/NetworkAdapters/NIC.Slot.3/NetworkPorts"
    },
    "NetworkPorts@Redfish.Deprecated": "Please migrate to use /redfish/v1/Chassis/System.Embedded.1/NetworkAdapters/{NetworkAdaptersId}/Ports",
    "Oem": {
        "Dell": {
            "@odata.type": "#DellNetworkAdapter.v1_0_0.DellNetworkAdapter",
            "PLDMMonitoringEnabled": false
        }
    },
    "Ports": {
        "@odata.id": "/redfish/v1/Chassis/System.Embedded.1/NetworkAdapters/NIC.Slot.3/Ports"
    },
    "PartNumber": "0K5DDV",
    "SerialNumber": "MYFLMIT12J0199",
    "Status": {
        "Health": null,
        "HealthRollup": null,
        "State": "Enabled"
    }
}