{
    "@odata.context": "/redfish/v1/$metadata#Fan.Fan",
    "Description": "Represents fan properties of the chassis",
    "Location": {
        "PartLocation": {
            "LocationOrdinalValue": 5,
            "LocationType": "Slot"
        }
    },
    "Name": "Fan5",
    "@odata.etag": "W/\"gen-413\"",
    "@odata.type": "#Fan.v1_5_2.Fan",
    "Id": "CoolingController.1.Fan5",
    "SecondarySpeedPercent": {
        "DataSourceUri": "/redfish/v1/Chassis/System.Embedded.1/Sensors/Fan5_2",
        "SpeedRPM": 7320
    },
    "Oem": {
        "Dell": {
            "@odata.context": "/redfish/v1/$metadata#DellFan.DellFan",
            "@odata.type": "#DellFan.v1_1_0.DellFan",
            "FanPWM": 28,
            "FanType": "Platinum"
        }
    },
    "Status": {
        "Health": "OK",
        "State": "Enabled"
    },
    "@odata.id": "/redfish/v1/Chassis/System.Embedded.1/ThermalSubsystem/Fans/CoolingController.1.Fan5",
    "SpeedPercent": {
        "DataSourceUri": "/redfish/v1/Chassis/System.Embedded.1/Sensors/Fan5_1",
        "SpeedRPM": 7590
    },
    "PhysicalContext": "SystemBoard",
    "HotPluggable": true
}