{
    "@odata.context": "/redfish/v1/$metadata#DellNICPortMetricsCollection.DellNICPortMetricsCollection",
    "@odata.id": "/redfish/v1/Chassis/System.Embedded.1/Oem/Dell/DellNICPortMetrics",
    "@odata.type": "#DellNICPortMetricsCollection.DellNICPortMetricsCollection",
    "Description": "A collection of DellNICPortMetrics resource",
    "Members": [
        {
            "@odata.context": "/redfish/v1/$metadata#DellNICPortMetrics.DellNICPortMetrics",
            "@odata.id": "/redfish/v1/Chassis/System.Embedded.1/Oem/Dell/DellNICPortMetrics/NIC.Slot.4-1-1",
            "@odata.type": "#DellNICPortMetrics.v1_1_1.DellNICPortMetrics",
            "Description": "Represents the statistics of the NIC, NIC port, or partition.",
            "DiscardedPkts": 0,
            "FCCRCErrorCount": null,
            "FCOELinkFailures": null,
            "FCOEPktRxCount": null,
            "FCOEPktTxCount": null,
            "FCOERxPktDroppedCount": null,
            "FQDD": "NIC.Slot.4-1-1",
            "Id": "NIC.Slot.4-1-1",
            "LanFCSRxErrors": null,
            "LanUnicastPktRXCount": null,
            "LanUnicastPktTXCount": null,
            "Name": "DellNICPortMetrics",
            "OSDriverState": "Operational",
            "PartitionLinkStatus": null,
            "PartitionOSDriverState": null,
            "RDMARxTotalBytes": 0,
            "RDMARxTotalPackets": 0,
            "RDMATotalProtectionErrors": null,
            "RDMATotalProtocolErrors": null,
            "RDMATxTotalBytes": 0,
            "RDMATxTotalPackets": 0,
            "RDMATxTotalReadReqPkts": null,
            "RDMATxTotalSendPkts": null,
            "RDMATxTotalWritePkts": null,
            "RXInputPowerStatus": null,
            "RXInputPowermW": null,
            "RxBroadcast": 0,
            "RxBytes": 44431,
            "RxErrorPktAlignmentErrors": 0,
            "RxErrorPktFCSErrors": 0,
            "RxFalseCarrierDetection": 0,
            "RxJabberPkt": 0,
            "RxMutlicastPackets": 30,
            "RxPauseXOFFFrames": 0,
            "RxPauseXONFrames": 0,
            "RxRuntPkt": 0,
            "RxUnicastPackets": 162,
            "StartStatisticTime": "2025-02-21T17:55:12-06:00",
            "StatisticTime": "2025-02-21T17:59:03-06:00",
            "TXBiasCurrentStatus": null,
            "TXBiasCurrentmA": null,
            "TXOutputPowerStatus": null,
            "TXOutputPowermW": null,
            "TemperatureCelsius": null,
            "TemperatureStatus": null,
            "TxBroadcast": 29,
            "TxBytes": 165380,
            "TxErrorPktExcessiveCollision": 0,
            "TxErrorPktLateCollision": 0,
            "TxErrorPktMultipleCollision": 0,
            "TxErrorPktSingleCollision": 0,
            "TxMutlicastPackets": 274,
            "TxPauseXOFFFrames": 0,
            "TxPauseXONFrames": 0,
            "TxUnicastPackets": 164,
            "VoltageStatus": null,
            "VoltageValueVolts": null
        },
        {
            "@odata.context": "/redfish/v1/$metadata#DellNICPortMetrics.DellNICPortMetrics",
            "@odata.id": "/redfish/v1/Chassis/System.Embedded.1/Oem/Dell/DellNICPortMetrics/NIC.Slot.4-2-1",
            "@odata.type": "#DellNICPortMetrics.v1_1_1.DellNICPortMetrics",
            "Description": "Represents the statistics of the NIC, NIC port, or partition.",
            "DiscardedPkts": 0,
            "FCCRCErrorCount": null,
            "FCOELinkFailures": null,
            "FCOEPktRxCount": null,
            "FCOEPktTxCount": null,
            "FCOERxPktDroppedCount": null,
            "FQDD": "NIC.Slot.4-2-1",
            "Id": "NIC.Slot.4-2-1",
            "LanFCSRxErrors": null,
            "LanUnicastPktRXCount": null,
            "LanUnicastPktTXCount": null,
            "Name": "DellNICPortMetrics",
            "OSDriverState": "Operational",
            "PartitionLinkStatus": null,
            "PartitionOSDriverState": null,
            "RDMARxTotalBytes": 0,
            "RDMARxTotalPackets": 0,
            "RDMATotalProtectionErrors": null,
            "RDMATotalProtocolErrors": null,
            "RDMATxTotalBytes": 0,
            "RDMATxTotalPackets": 0,
            "RDMATxTotalReadReqPkts": null,
            "RDMATxTotalSendPkts": null,
            "RDMATxTotalWritePkts": null,
            "RXInputPowerStatus": null,
            "RXInputPowermW": null,
            "RxBroadcast": 0,
            "RxBytes": 47264,
            "RxErrorPktAlignmentErrors": 0,
            "RxErrorPktFCSErrors": 0,
            "RxFalseCarrierDetection": 0,
            "RxJabberPkt": 0,
            "RxMutlicastPackets": 30,
            "RxPauseXOFFFrames": 0,
            "RxPauseXONFrames": 0,
            "RxRuntPkt": 0,
            "RxUnicastPackets": 162,
            "StartStatisticTime": "2025-02-21T17:55:12-06:00",
            "StatisticTime": "2025-02-21T17:59:03-06:00",
            "TXBiasCurrentStatus": null,
            "TXBiasCurrentmA": null,
            "TXOutputPowerStatus": null,
            "TXOutputPowermW": null,
            "TemperatureCelsius": null,
            "TemperatureStatus": null,
            "TxBroadcast": 29,
            "TxBytes": 68475,
            "TxErrorPktExcessiveCollision": 0,
            "TxErrorPktLateCollision": 0,
            "TxErrorPktMultipleCollision": 0,
            "TxErrorPktSingleCollision": 0,
            "TxMutlicastPackets": 202,
            "TxPauseXOFFFrames": 0,
            "TxPauseXONFrames": 0,
            "TxUnicastPackets": 157,
            "VoltageStatus": null,
            "VoltageValueVolts": null
        },
        {
            "@odata.context": "/redfish/v1/$metadata#DellNICPortMetrics.DellNICPortMetrics",
            "@odata.id": "/redfish/v1/Chassis/System.Embedded.1/Oem/Dell/DellNICPortMetrics/NIC.Slot.10-1-1",
            "@odata.type": "#DellNICPortMetrics.v1_1_1.DellNICPortMetrics",
            "Description": "Represents the statistics of the NIC, NIC port, or partition.",
            "DiscardedPkts": 0,
            "FCCRCErrorCount": null,
            "FCOELinkFailures": null,
            "FCOEPktRxCount": null,
            "FCOEPktTxCount": null,
            "FCOERxPktDroppedCount": null,
            "FQDD": "NIC.Slot.10-1-1",
            "Id": "NIC.Slot.10-1-1",
            "LanFCSRxErrors": null,
            "LanUnicastPktRXCount": 0,
            "LanUnicastPktTXCount": 0,
            "Name": "DellNICPortMetrics",
            "OSDriverState": "Operational",
            "PartitionLinkStatus": "Down",
            "PartitionOSDriverState": "Operational",
            "RDMARxTotalBytes": 0,
            "RDMARxTotalPackets": 0,
            "RDMATotalProtectionErrors": null,
            "RDMATotalProtocolErrors": null,
            "RDMATxTotalBytes": 0,
            "RDMATxTotalPackets": 0,
            "RDMATxTotalReadReqPkts": null,
            "RDMATxTotalSendPkts": null,
            "RDMATxTotalWritePkts": null,
            "RXInputPowerStatus": null,
            "RXInputPowermW": null,
            "RxBroadcast": 0,
            "RxBytes": 0,
            "RxErrorPktAlignmentErrors": 0,
            "RxErrorPktFCSErrors": 0,
            "RxFalseCarrierDetection": 0,
            "RxJabberPkt": 0,
            "RxMutlicastPackets": 0,
            "RxPauseXOFFFrames": 0,
            "RxPauseXONFrames": null,
            "RxRuntPkt": 0,
            "RxUnicastPackets": 0,
            "StartStatisticTime": "2025-02-21T17:55:12-06:00",
            "StatisticTime": "2025-02-21T17:59:03-06:00",
            "TXBiasCurrentStatus": null,
            "TXBiasCurrentmA": null,
            "TXOutputPowerStatus": null,
            "TXOutputPowermW": null,
            "TemperatureCelsius": null,
            "TemperatureStatus": null,
            "TxBroadcast": 0,
            "TxBytes": 0,
            "TxErrorPktExcessiveCollision": 0,
            "TxErrorPktLateCollision": 0,
            "TxErrorPktMultipleCollision": 0,
            "TxErrorPktSingleCollision": 0,
            "TxMutlicastPackets": 0,
            "TxPauseXOFFFrames": 0,
            "TxPauseXONFrames": null,
            "TxUnicastPackets": 0,
            "VoltageStatus": null,
            "VoltageValueVolts": null
        },
        {
            "@odata.context": "/redfish/v1/$metadata#DellNICPortMetrics.DellNICPortMetrics",
            "@odata.id": "/redfish/v1/Chassis/System.Embedded.1/Oem/Dell/DellNICPortMetrics/NIC.Slot.10-2-1",
            "@odata.type": "#DellNICPortMetrics.v1_1_1.DellNICPortMetrics",
            "Description": "Represents the statistics of the NIC, NIC port, or partition.",
            "DiscardedPkts": 0,
            "FCCRCErrorCount": null,
            "FCOELinkFailures": null,
            "FCOEPktRxCount": null,
            "FCOEPktTxCount": null,
            "FCOERxPktDroppedCount": null,
            "FQDD": "NIC.Slot.10-2-1",
            "Id": "NIC.Slot.10-2-1",
            "LanFCSRxErrors": null,
            "LanUnicastPktRXCount": 0,
            "LanUnicastPktTXCount": 0,
            "Name": "DellNICPortMetrics",
            "OSDriverState": "Operational",
            "PartitionLinkStatus": "Down",
            "PartitionOSDriverState": "Operational",
            "RDMARxTotalBytes": null,
            "RDMARxTotalPackets": null,
            "RDMATotalProtectionErrors": null,
            "RDMATotalProtocolErrors": null,
            "RDMATxTotalBytes": null,
            "RDMATxTotalPackets": null,
            "RDMATxTotalReadReqPkts": null,
            "RDMATxTotalSendPkts": null,
            "RDMATxTotalWritePkts": null,
            "RXInputPowerStatus": null,
            "RXInputPowermW": null,
            "RxBroadcast": 0,
            "RxBytes": 0,
            "RxErrorPktAlignmentErrors": 0,
            "RxErrorPktFCSErrors": 0,
            "RxFalseCarrierDetection": 0,
            "RxJabberPkt": 0,
            "RxMutlicastPackets": 0,
            "RxPauseXOFFFrames": 0,
            "RxPauseXONFrames": null,
            "RxRuntPkt": 0,
            "RxUnicastPackets": 0,
            "StartStatisticTime": "2025-02-21T17:55:12-06:00",
            "StatisticTime": "2025-02-21T17:59:03-06:00",
            "TXBiasCurrentStatus": null,
            "TXBiasCurrentmA": null,
            "TXOutputPowerStatus": null,
            "TXOutputPowermW": null,
            "TemperatureCelsius": null,
            "TemperatureStatus": null,
            "TxBroadcast": 0,
            "TxBytes": 0,
            "TxErrorPktExcessiveCollision": 0,
            "TxErrorPktLateCollision": 0,
            "TxErrorPktMultipleCollision": 0,
            "TxErrorPktSingleCollision": 0,
            "TxMutlicastPackets": 0,
            "TxPauseXOFFFrames": 0,
            "TxPauseXONFrames": null,
            "TxUnicastPackets": 0,
            "VoltageStatus": null,
            "VoltageValueVolts": null
        },
        {
            "@odata.context": "/redfish/v1/$metadata#DellNICPortMetrics.DellNICPortMetrics",
            "@odata.id": "/redfish/v1/Chassis/System.Embedded.1/Oem/Dell/DellNICPortMetrics/NIC.Slot.10-3-1",
            "@odata.type": "#DellNICPortMetrics.v1_1_1.DellNICPortMetrics",
            "Description": "Represents the statistics of the NIC, NIC port, or partition.",
            "DiscardedPkts": 0,
            "FCCRCErrorCount": null,
            "FCOELinkFailures": null,
            "FCOEPktRxCount": null,
            "FCOEPktTxCount": null,
            "FCOERxPktDroppedCount": null,
            "FQDD": "NIC.Slot.10-3-1",
            "Id": "NIC.Slot.10-3-1",
            "LanFCSRxErrors": null,
            "LanUnicastPktRXCount": 0,
            "LanUnicastPktTXCount": 0,
            "Name": "DellNICPortMetrics",
            "OSDriverState": "Operational",
            "PartitionLinkStatus": "Down",
            "PartitionOSDriverState": "Operational",
            "RDMARxTotalBytes": null,
            "RDMARxTotalPackets": null,
            "RDMATotalProtectionErrors": null,
            "RDMATotalProtocolErrors": null,
            "RDMATxTotalBytes": null,
            "RDMATxTotalPackets": null,
            "RDMATxTotalReadReqPkts": null,
            "RDMATxTotalSendPkts": null,
            "RDMATxTotalWritePkts": null,
            "RXInputPowerStatus": null,
            "RXInputPowermW": null,
            "RxBroadcast": 0,
            "RxBytes": 0,
            "RxErrorPktAlignmentErrors": 0,
            "RxErrorPktFCSErrors": 0,
            "RxFalseCarrierDetection": 0,
            "RxJabberPkt": 0,
            "RxMutlicastPackets": 0,
            "RxPauseXOFFFrames": 0,
            "RxPauseXONFrames": null,
            "RxRuntPkt": 0,
            "RxUnicastPackets": 0,
            "StartStatisticTime": "2025-02-21T17:55:12-06:00",
            "StatisticTime": "2025-02-21T17:59:03-06:00",
            "TXBiasCurrentStatus": null,
            "TXBiasCurrentmA": null,
            "TXOutputPowerStatus": null,
            "TXOutputPowermW": null,
            "TemperatureCelsius": null,
            "TemperatureStatus": null,
            "TxBroadcast": 0,
            "TxBytes": 0,
            "TxErrorPktExcessiveCollision": 0,
            "TxErrorPktLateCollision": 0,
            "TxErrorPktMultipleCollision": 0,
            "TxErrorPktSingleCollision": 0,
            "TxMutlicastPackets": 0,
            "TxPauseXOFFFrames": 0,
            "TxPauseXONFrames": null,
            "TxUnicastPackets": 0,
            "VoltageStatus": null,
            "VoltageValueVolts": null
        },
        {
            "@odata.context": "/redfish/v1/$metadata#DellNICPortMetrics.DellNICPortMetrics",
            "@odata.id": "/redfish/v1/Chassis/System.Embedded.1/Oem/Dell/DellNICPortMetrics/NIC.Slot.10-4-1",
            "@odata.type": "#DellNICPortMetrics.v1_1_1.DellNICPortMetrics",
            "Description": "Represents the statistics of the NIC, NIC port, or partition.",
            "DiscardedPkts": 0,
            "FCCRCErrorCount": null,
            "FCOELinkFailures": null,
            "FCOEPktRxCount": null,
            "FCOEPktTxCount": null,
            "FCOERxPktDroppedCount": null,
            "FQDD": "NIC.Slot.10-4-1",
            "Id": "NIC.Slot.10-4-1",
            "LanFCSRxErrors": null,
            "LanUnicastPktRXCount": 0,
            "LanUnicastPktTXCount": 0,
            "Name": "DellNICPortMetrics",
            "OSDriverState": "Operational",
            "PartitionLinkStatus": "Down",
            "PartitionOSDriverState": "Operational",
            "RDMARxTotalBytes": null,
            "RDMARxTotalPackets": null,
            "RDMATotalProtectionErrors": null,
            "RDMATotalProtocolErrors": null,
            "RDMATxTotalBytes": null,
            "RDMATxTotalPackets": null,
            "RDMATxTotalReadReqPkts": null,
            "RDMATxTotalSendPkts": null,
            "RDMATxTotalWritePkts": null,
            "RXInputPowerStatus": null,
            "RXInputPowermW": null,
            "RxBroadcast": 0,
            "RxBytes": 0,
            "RxErrorPktAlignmentErrors": 0,
            "RxErrorPktFCSErrors": 0,
            "RxFalseCarrierDetection": 0,
            "RxJabberPkt": 0,
            "RxMutlicastPackets": 0,
            "RxPauseXOFFFrames": 0,
            "RxPauseXONFrames": null,
            "RxRuntPkt": 0,
            "RxUnicastPackets": 0,
            "StartStatisticTime": "2025-02-21T17:55:12-06:00",
            "StatisticTime": "2025-02-21T17:59:03-06:00",
            "TXBiasCurrentStatus": null,
            "TXBiasCurrentmA": null,
            "TXOutputPowerStatus": null,
            "TXOutputPowermW": null,
            "TemperatureCelsius": null,
            "TemperatureStatus": null,
            "TxBroadcast": 0,
            "TxBytes": 0,
            "TxErrorPktExcessiveCollision": 0,
            "TxErrorPktLateCollision": 0,
            "TxErrorPktMultipleCollision": 0,
            "TxErrorPktSingleCollision": 0,
            "TxMutlicastPackets": 0,
            "TxPauseXOFFFrames": 0,
            "TxPauseXONFrames": null,
            "TxUnicastPackets": 0,
            "VoltageStatus": null,
            "VoltageValueVolts": null
        }
    ],
    "Members@odata.count": 6,
    "Name": "DellNICPortMetricsCollection"
}