{
    "@odata.context": "/redfish/v1/$metadata#JsonSchemaFile.JsonSchemaFile",
    "@odata.id": "/redfish/v1/JsonSchemas/DellFan.v1_0_0",
    "@odata.type": "#JsonSchemaFile.v1_1_4.JsonSchemaFile",
    "Description": "DellFan Schema File Location",
    "Id": "DellFan.v1_0_0",
    "Languages": [
        "en"
    ],
    "Languages@odata.count": 1,
    "Location": [
        {
            "Language": "en",
            "PublicationUri": "http://downloads.dell.com/redfish/bmc/schemas/DellFan.v1_0_0.json",
            "Uri": "/redfish/v1/Schemas/DellFan.v1_0_0.json"
        }
    ],
    "Location@odata.count": 1,
    "Name": "DellFan Schema File",
    "Schema": "#DellFan.v1_0_0.DellFan"
}