{
    "@odata.context": "/redfish/v1/$metadata#JsonSchemaFile.JsonSchemaFile",
    "@odata.id": "/redfish/v1/JsonSchemas/CoolingUnitCollection",
    "@odata.type": "#JsonSchemaFile.v1_1_4.JsonSchemaFile",
    "Description": "CoolingUnitCollection Schema File Location",
    "Id": "CoolingUnitCollection",
    "Languages": [
        "en"
    ],
    "Languages@odata.count": 1,
    "Location": [
        {
            "Language": "en",
            "PublicationUri": "http://redfish.dmtf.org/schemas/v1/CoolingUnitCollection.json",
            "Uri": "/redfish/v1/Schemas/CoolingUnitCollection.json"
        }
    ],
    "Location@odata.count": 1,
    "Name": "CoolingUnitCollection Schema File",
    "Schema": "#CoolingUnitCollection.CoolingUnitCollection"
}