{
    "Name": "Fan6",
    "SecondarySpeedPercent": {
        "DataSourceUri": "/redfish/v1/Chassis/System.Embedded.1/Sensors/Fan6_2",
        "SpeedRPM": 7410
    },
    "@odata.context": "/redfish/v1/$metadata#Fan.Fan",
    "Status": {
        "Health": "OK",
        "State": "Enabled"
    },
    "Id": "CoolingController.1.Fan6",
    "@odata.etag": "W/\"gen-394\"",
    "HotPluggable": true,
    "SpeedPercent": {
        "DataSourceUri": "/redfish/v1/Chassis/System.Embedded.1/Sensors/Fan6_1",
        "SpeedRPM": 7620
    },
    "@odata.type": "#Fan.v1_5_2.Fan",
    "PhysicalContext": "SystemBoard",
    "@odata.id": "/redfish/v1/Chassis/System.Embedded.1/ThermalSubsystem/Fans/CoolingController.1.Fan6",
    "Location": {
        "PartLocation": {
            "LocationType": "Slot",
            "LocationOrdinalValue": 6
        }
    },
    "Description": "Represents fan properties of the chassis",
    "Oem": {
        "Dell": {
            "@odata.type": "#DellFan.v1_1_0.DellFan",
            "FanPWM": 28,
            "FanType": "Platinum",
            "@odata.context": "/redfish/v1/$metadata#DellFan.DellFan"
        }
    }
}