{
    "@odata.context": "/redfish/v1/$metadata#Assembly.Assembly",
    "@odata.type": "#Assembly.v1_5_1.Assembly",
    "@odata.id": "/redfish/v1/Chassis/System.Embedded.1/Assembly",
    "Assemblies": [
        {
            "@odata.context": "/redfish/v1/$metadata#Assembly.Assembly",
            "@odata.id": "/redfish/v1/Chassis/System.Embedded.1/Assembly#/Assemblies/0",
            "@odata.type": "#Assembly.v1_5_1.AssemblyData",
            "BinaryDataURI": null,
            "Description": "PWR SPLY,1400W,RDNT,DELTA",
            "EngineeringChangeLevel": "A02",
            "MemberId": "0",
            "Model": "PWR SPLY,1400W,RDNT,DELTA",
            "Name": "PSU.Slot.1#FRU",
            "Oem": {
                "Dell": {
                    "@odata.type": "#DellOem.v1_3_0.DellOemResources",
                    "DellAssembly": {
                        "Description": "This resource shall be used to represent an assembly information.",
                        "DeviceFQDD": "PSU.Slot.1",
                        "Id": "PSU.Slot.1_0x23_FRU",
                        "Name": "DellAssembly",
                        "PackageType": "PowerSupply",
                        "SerialNumber": "CNDED0035G1M8N",
                        "@odata.context": "/redfish/v1/$metadata#DellAssembly.DellAssembly",
                        "@odata.type": "#DellAssembly.v1_1_0.DellAssembly",
                        "@odata.id": "/redfish/v1/Chassis/System.Embedded.1/Oem/Dell/DellAssembly/PSU.Slot.1_0x23_FRU"
                    }
                }
            },
            "PartNumber": "07DWXY",
            "Producer": "DELL",
            "ProductionDate": "2023-05-22T14:41:00Z",
            "SKU": null,
            "SparePartNumber": null,
            "Vendor": "DELL",
            "Version": null
        },
        {
            "@odata.context": "/redfish/v1/$metadata#Assembly.Assembly",
            "@odata.id": "/redfish/v1/Chassis/System.Embedded.1/Assembly#/Assemblies/1",
            "@odata.type": "#Assembly.v1_5_1.AssemblyData",
            "BinaryDataURI": null,
            "Description": "PWR SPLY,1400W,RDNT,DELTA",
            "EngineeringChangeLevel": "A02",
            "MemberId": "1",
            "Model": "PWR SPLY,1400W,RDNT,DELTA",
            "Name": "PSU.Slot.2#FRU",
            "Oem": {
                "Dell": {
                    "@odata.type": "#DellOem.v1_3_0.DellOemResources",
                    "DellAssembly": {
                        "Description": "This resource shall be used to represent an assembly information.",
                        "DeviceFQDD": "PSU.Slot.2",
                        "Id": "PSU.Slot.2_0x23_FRU",
                        "Name": "DellAssembly",
                        "PackageType": "PowerSupply",
                        "SerialNumber": "CNDED0035G1MA8",
                        "@odata.context": "/redfish/v1/$metadata#DellAssembly.DellAssembly",
                        "@odata.type": "#DellAssembly.v1_1_0.DellAssembly",
                        "@odata.id": "/redfish/v1/Chassis/System.Embedded.1/Oem/Dell/DellAssembly/PSU.Slot.2_0x23_FRU"
                    }
                }
            },
            "PartNumber": "07DWXY",
            "Producer": "DELL",
            "ProductionDate": "2023-05-22T14:44:00Z",
            "SKU": null,
            "SparePartNumber": null,
            "Vendor": "DELL",
            "Version": null
        },
        {
            "@odata.context": "/redfish/v1/$metadata#Assembly.Assembly",
            "@odata.id": "/redfish/v1/Chassis/System.Embedded.1/Assembly#/Assemblies/2",
            "@odata.type": "#Assembly.v1_5_1.AssemblyData",
            "BinaryDataURI": null,
            "Description": "DDR5 DIMM",
            "EngineeringChangeLevel": null,
            "MemberId": "2",
            "Model": "DDR5 DIMM",
            "Name": "DIMM.Socket.A1#FRU",
            "Oem": {
                "Dell": {
                    "@odata.type": "#DellOem.v1_3_0.DellOemResources",
                    "DellAssembly": {
                        "Description": "This resource shall be used to represent an assembly information.",
                        "DeviceFQDD": "DIMM.Socket.A1",
                        "Id": "DIMM.Socket.A1_0x23_FRU",
                        "Name": "DellAssembly",
                        "PackageType": "Memory",
                        "SerialNumber": "973A5398",
                        "@odata.context": "/redfish/v1/$metadata#DellAssembly.DellAssembly",
                        "@odata.type": "#DellAssembly.v1_1_0.DellAssembly",
                        "@odata.id": "/redfish/v1/Chassis/System.Embedded.1/Oem/Dell/DellAssembly/DIMM.Socket.A1_0x23_FRU"
                    }
                }
            },
            "PartNumber": "HMCG88AEBRA115N",
            "Producer": "Hynix Semiconductor",
            "ProductionDate": "2023-03-13T07:00:00Z",
            "SKU": null,
            "SparePartNumber": null,
            "Vendor": "DELL",
            "Version": null
        },
        {
            "@odata.context": "/redfish/v1/$metadata#Assembly.Assembly",
            "@odata.id": "/redfish/v1/Chassis/System.Embedded.1/Assembly#/Assemblies/3",
            "@odata.type": "#Assembly.v1_5_1.AssemblyData",
            "BinaryDataURI": null,
            "Description": "DDR5 DIMM",
            "EngineeringChangeLevel": null,
            "MemberId": "3",
            "Model": "DDR5 DIMM",
            "Name": "DIMM.Socket.B1#FRU",
            "Oem": {
                "Dell": {
                    "@odata.type": "#DellOem.v1_3_0.DellOemResources",
                    "DellAssembly": {
                        "Description": "This resource shall be used to represent an assembly information.",
                        "DeviceFQDD": "DIMM.Socket.B1",
                        "Id": "DIMM.Socket.B1_0x23_FRU",
                        "Name": "DellAssembly",
                        "PackageType": "Memory",
                        "SerialNumber": "4431153C",
                        "@odata.context": "/redfish/v1/$metadata#DellAssembly.DellAssembly",
                        "@odata.type": "#DellAssembly.v1_1_0.DellAssembly",
                        "@odata.id": "/redfish/v1/Chassis/System.Embedded.1/Oem/Dell/DellAssembly/DIMM.Socket.B1_0x23_FRU"
                    }
                }
            },
            "PartNumber": "M321R4GA3BB6-CQKVS",
            "Producer": "Samsung",
            "ProductionDate": "2023-01-30T06:00:00Z",
            "SKU": null,
            "SparePartNumber": null,
            "Vendor": "DELL",
            "Version": null
        },
        {
            "@odata.context": "/redfish/v1/$metadata#Assembly.Assembly",
            "@odata.id": "/redfish/v1/Chassis/System.Embedded.1/Assembly#/Assemblies/4",
            "@odata.type": "#Assembly.v1_5_1.AssemblyData",
            "BinaryDataURI": null,
            "Description": "SystemPlanar",
            "EngineeringChangeLevel": "A01",
            "MemberId": "4",
            "Model": "SystemPlanar",
            "Name": "System.Embedded.1#FRU",
            "Oem": {
                "Dell": {
                    "@odata.type": "#DellOem.v1_3_0.DellOemResources",
                    "DellAssembly": {
                        "Description": "This resource shall be used to represent an assembly information.",
                        "DeviceFQDD": "System.Embedded.1",
                        "Id": "System.Embedded.1_0x23_FRU",
                        "Name": "DellAssembly",
                        "PackageType": "Module/Card",
                        "SerialNumber": "MXFC40035V003S",
                        "@odata.context": "/redfish/v1/$metadata#DellAssembly.DellAssembly",
                        "@odata.type": "#DellAssembly.v1_1_0.DellAssembly",
                        "@odata.id": "/redfish/v1/Chassis/System.Embedded.1/Oem/Dell/DellAssembly/System.Embedded.1_0x23_FRU"
                    }
                }
            },
            "PartNumber": "0PJJ50",
            "Producer": "Dell Inc.",
            "ProductionDate": "2023-06-12T08:54:00Z",
            "SKU": null,
            "SparePartNumber": null,
            "Vendor": "DELL",
            "Version": null
        },
        {
            "@odata.context": "/redfish/v1/$metadata#Assembly.Assembly",
            "@odata.id": "/redfish/v1/Chassis/System.Embedded.1/Assembly#/Assemblies/5",
            "@odata.type": "#Assembly.v1_5_1.AssemblyData",
            "BinaryDataURI": null,
            "Description": "BRCM 2P 25G SFP 57414S OCP NIC",
            "EngineeringChangeLevel": "A00",
            "MemberId": "5",
            "Model": "BRCM 2P 25G SFP 57414S OCP NIC",
            "Name": "NIC.Integrated.1#FRU",
            "Oem": {
                "Dell": {
                    "@odata.type": "#DellOem.v1_3_0.DellOemResources",
                    "DellAssembly": {
                        "Description": "This resource shall be used to represent an assembly information.",
                        "DeviceFQDD": "NIC.Integrated.1",
                        "Id": "NIC.Integrated.1_0x23_FRU",
                        "Name": "DellAssembly",
                        "PackageType": "Module/Card",
                        "SerialNumber": "VNFCBBA3490161",
                        "@odata.context": "/redfish/v1/$metadata#DellAssembly.DellAssembly",
                        "@odata.type": "#DellAssembly.v1_1_0.DellAssembly",
                        "@odata.id": "/redfish/v1/Chassis/System.Embedded.1/Oem/Dell/DellAssembly/NIC.Integrated.1_0x23_FRU"
                    }
                }
            },
            "PartNumber": "024FG6",
            "Producer": "Dell",
            "ProductionDate": "2023-04-12T08:45:00Z",
            "SKU": null,
            "SparePartNumber": null,
            "Vendor": "DELL",
            "Version": null
        },
        {
            "@odata.context": "/redfish/v1/$metadata#Assembly.Assembly",
            "@odata.id": "/redfish/v1/Chassis/System.Embedded.1/Assembly#/Assemblies/6",
            "@odata.type": "#Assembly.v1_5_1.AssemblyData",
            "BinaryDataURI": null,
            "Description": "DRIVE BACKPLANE",
            "EngineeringChangeLevel": "A05",
            "MemberId": "6",
            "Model": "DRIVE BACKPLANE",
            "Name": "Enclosure.Internal.0-0#FRU",
            "Oem": {
                "Dell": {
                    "@odata.type": "#DellOem.v1_3_0.DellOemResources",
                    "DellAssembly": {
                        "Description": "This resource shall be used to represent an assembly information.",
                        "DeviceFQDD": "Enclosure.Internal.0-0",
                        "Id": "Enclosure.Internal.0-0_0x23_FRU",
                        "Name": "DellAssembly",
                        "PackageType": "CrossConnect/Backplane",
                        "SerialNumber": "CNCMS00323000S",
                        "@odata.context": "/redfish/v1/$metadata#DellAssembly.DellAssembly",
                        "@odata.type": "#DellAssembly.v1_1_0.DellAssembly",
                        "@odata.id": "/redfish/v1/Chassis/System.Embedded.1/Oem/Dell/DellAssembly/Enclosure.Internal.0-0_0x23_FRU"
                    }
                }
            },
            "PartNumber": "0RGX9N",
            "Producer": "Dell",
            "ProductionDate": "2023-02-06T19:37:00Z",
            "SKU": null,
            "SparePartNumber": null,
            "Vendor": "DELL",
            "Version": null
        },
        {
            "@odata.context": "/redfish/v1/$metadata#Assembly.Assembly",
            "@odata.id": "/redfish/v1/Chassis/System.Embedded.1/Assembly#/Assemblies/7",
            "@odata.type": "#Assembly.v1_5_1.AssemblyData",
            "BinaryDataURI": null,
            "Description": "DRIVE BACKPLANE",
            "EngineeringChangeLevel": "A00",
            "MemberId": "7",
            "Model": "DRIVE BACKPLANE",
            "Name": "Enclosure.Internal.0-1#FRU",
            "Oem": {
                "Dell": {
                    "@odata.type": "#DellOem.v1_3_0.DellOemResources",
                    "DellAssembly": {
                        "Description": "This resource shall be used to represent an assembly information.",
                        "DeviceFQDD": "Enclosure.Internal.0-1",
                        "Id": "Enclosure.Internal.0-1_0x23_FRU",
                        "Name": "DellAssembly",
                        "PackageType": "CrossConnect/Backplane",
                        "SerialNumber": "CNIVC0032O1199",
                        "@odata.context": "/redfish/v1/$metadata#DellAssembly.DellAssembly",
                        "@odata.type": "#DellAssembly.v1_1_0.DellAssembly",
                        "@odata.id": "/redfish/v1/Chassis/System.Embedded.1/Oem/Dell/DellAssembly/Enclosure.Internal.0-1_0x23_FRU"
                    }
                }
            },
            "PartNumber": "03CYXK",
            "Producer": "Dell",
            "ProductionDate": "2023-02-27T10:46:00Z",
            "SKU": null,
            "SparePartNumber": null,
            "Vendor": "DELL",
            "Version": null
        },
        {
            "@odata.context": "/redfish/v1/$metadata#Assembly.Assembly",
            "@odata.id": "/redfish/v1/Chassis/System.Embedded.1/Assembly#/Assemblies/8",
            "@odata.type": "#Assembly.v1_5_1.AssemblyData",
            "BinaryDataURI": null,
            "Description": "BOSS-N1 Modular",
            "EngineeringChangeLevel": "A00",
            "MemberId": "8",
            "Model": "BOSS-N1 Modular",
            "Name": "BOSS.Integrated.1-1#FRU",
            "Oem": {
                "Dell": {
                    "@odata.type": "#DellOem.v1_3_0.DellOemResources",
                    "DellAssembly": {
                        "Description": "This resource shall be used to represent an assembly information.",
                        "DeviceFQDD": "BOSS.Integrated.1-1",
                        "Id": "BOSS.Integrated.1-1_0x23_FRU",
                        "Name": "DellAssembly",
                        "PackageType": "Module/Card",
                        "SerialNumber": "CNFCP0035G007J",
                        "@odata.context": "/redfish/v1/$metadata#DellAssembly.DellAssembly",
                        "@odata.type": "#DellAssembly.v1_1_0.DellAssembly",
                        "@odata.id": "/redfish/v1/Chassis/System.Embedded.1/Oem/Dell/DellAssembly/BOSS.Integrated.1-1_0x23_FRU"
                    }
                }
            },
            "PartNumber": "0JVR0M",
            "Producer": "Dell",
            "ProductionDate": "2023-05-17T23:23:00Z",
            "SKU": null,
            "SparePartNumber": null,
            "Vendor": "DELL",
            "Version": null
        },
        {
            "@odata.context": "/redfish/v1/$metadata#Assembly.Assembly",
            "@odata.id": "/redfish/v1/Chassis/System.Embedded.1/Assembly#/Assemblies/9",
            "@odata.type": "#Assembly.v1_5_1.AssemblyData",
            "BinaryDataURI": null,
            "Description": "Dell Storage Cntlr. H965i Front",
            "EngineeringChangeLevel": "A02",
            "MemberId": "9",
            "Model": "Dell Storage Cntlr. H965i Front",
            "Name": "RAID.SL.5-1#FRU",
            "Oem": {
                "Dell": {
                    "@odata.type": "#DellOem.v1_3_0.DellOemResources",
                    "DellAssembly": {
                        "Description": "This resource shall be used to represent an assembly information.",
                        "DeviceFQDD": "RAID.SL.5-1",
                        "Id": "RAID.SL.5-1_0x23_FRU",
                        "Name": "DellAssembly",
                        "PackageType": "Module/Card",
                        "SerialNumber": "CNFCP0034I00UQ",
                        "@odata.context": "/redfish/v1/$metadata#DellAssembly.DellAssembly",
                        "@odata.type": "#DellAssembly.v1_1_0.DellAssembly",
                        "@odata.id": "/redfish/v1/Chassis/System.Embedded.1/Oem/Dell/DellAssembly/RAID.SL.5-1_0x23_FRU"
                    }
                }
            },
            "PartNumber": "0NG8NP",
            "Producer": "Dell",
            "ProductionDate": "2023-04-27T10:52:00Z",
            "SKU": null,
            "SparePartNumber": null,
            "Vendor": "DELL",
            "Version": null
        },
        {
            "@odata.context": "/redfish/v1/$metadata#Assembly.Assembly",
            "@odata.id": "/redfish/v1/Chassis/System.Embedded.1/Assembly#/Assemblies/10",
            "@odata.type": "#Assembly.v1_5_1.AssemblyData",
            "BinaryDataURI": null,
            "Description": "Dell EC NVMe ISE 7400 RI M.2 480GB",
            "EngineeringChangeLevel": "A00",
            "MemberId": "10",
            "Model": "Dell EC NVMe ISE 7400 RI M.2 480GB",
            "Name": "Disk.Direct.0-0:BOSS.Integrated.1-1#FRU",
            "Oem": {
                "Dell": {
                    "@odata.type": "#DellOem.v1_3_0.DellOemResources",
                    "DellAssembly": {
                        "Description": "This resource shall be used to represent an assembly information.",
                        "DeviceFQDD": "Disk.Direct.0-0:BOSS.Integrated.1-1",
                        "Id": "Disk.Direct.0-0:BOSS.Integrated.1-1_0x23_FRU",
                        "Name": "DellAssembly",
                        "PackageType": "StorageMediaPackage(E.GDiskOrTapeDrive)",
                        "SerialNumber": "MYMCP0034Q0ORO",
                        "@odata.context": "/redfish/v1/$metadata#DellAssembly.DellAssembly",
                        "@odata.type": "#DellAssembly.v1_1_0.DellAssembly",
                        "@odata.id": "/redfish/v1/Chassis/System.Embedded.1/Oem/Dell/DellAssembly/Disk.Direct.0-0_BOSS.Integrated.1-1_0x23_FRU"
                    }
                }
            },
            "PartNumber": "0H3T8R",
            "Producer": "Dell",
            "ProductionDate": "2023-05-02T00:00:00Z",
            "SKU": null,
            "SparePartNumber": null,
            "Vendor": "DELL",
            "Version": null
        },
        {
            "@odata.context": "/redfish/v1/$metadata#Assembly.Assembly",
            "@odata.id": "/redfish/v1/Chassis/System.Embedded.1/Assembly#/Assemblies/11",
            "@odata.type": "#Assembly.v1_5_1.AssemblyData",
            "BinaryDataURI": null,
            "Description": "Dell EC NVMe ISE 7400 RI M.2 480GB",
            "EngineeringChangeLevel": "A00",
            "MemberId": "11",
            "Model": "Dell EC NVMe ISE 7400 RI M.2 480GB",
            "Name": "Disk.Direct.1-1:BOSS.Integrated.1-1#FRU",
            "Oem": {
                "Dell": {
                    "@odata.type": "#DellOem.v1_3_0.DellOemResources",
                    "DellAssembly": {
                        "Description": "This resource shall be used to represent an assembly information.",
                        "DeviceFQDD": "Disk.Direct.1-1:BOSS.Integrated.1-1",
                        "Id": "Disk.Direct.1-1:BOSS.Integrated.1-1_0x23_FRU",
                        "Name": "DellAssembly",
                        "PackageType": "StorageMediaPackage(E.GDiskOrTapeDrive)",
                        "SerialNumber": "MYMCP0034Q0OSJ",
                        "@odata.context": "/redfish/v1/$metadata#DellAssembly.DellAssembly",
                        "@odata.type": "#DellAssembly.v1_1_0.DellAssembly",
                        "@odata.id": "/redfish/v1/Chassis/System.Embedded.1/Oem/Dell/DellAssembly/Disk.Direct.1-1_BOSS.Integrated.1-1_0x23_FRU"
                    }
                }
            },
            "PartNumber": "0H3T8R",
            "Producer": "Dell",
            "ProductionDate": "2023-05-02T00:00:00Z",
            "SKU": null,
            "SparePartNumber": null,
            "Vendor": "DELL",
            "Version": null
        }
    ],
    "Assemblies@odata.count": 12,
    "Description": "Represents the properties of Assembly for the device",
    "Id": "Assembly",
    "Name": "Assembly"
}