{
    "Status": {
        "Health": "OK",
        "State": "Enabled"
    },
    "ReadingType": "Power",
    "PeakReadingTime": "2025-06-02T19:45:31-05:00",
    "Reading": 181,
    "LifetimeStartDateTime": "2025-06-02T19:27:42-05:00",
    "@odata.etag": "W/\"gen-1023\"",
    "Actions": {
        "Oem": {
            "#DellOemSensor.GetHistoricalSensorReadings": {
                "ReadingHistoryPeriod@Redfish.AllowableValues": [
                    "LastHour",
                    "LastDay",
                    "LastWeek"
                ],
                "target": "/redfish/v1/Chassis/System.Embedded.1/Sensors/SystemBoardPwrConsumption/Actions/Oem/DellOemSensor.GetHistoricalSensorReadings"
            }
        }
    },
    "Name": "System Board Pwr Consumption",
    "@odata.type": "#Sensor.v1_10_1.Sensor",
    "Thresholds": {
        "UpperCautionUser": {
            "Reading": 1630
        },
        "UpperCritical": {
            "Reading": 1794
        },
        "UpperCaution": {
            "Reading": 1630
        }
    },
    "Oem": {
        "Dell": {
            "RequestedState": "NotApplicable",
            "PossibleStates": [
                "Unknown",
                "Fatal",
                "Normal",
                "Upper Fatal",
                "Upper Critical",
                "Upper Non-Critical"
            ],
            "@odata.type": "#DellOemSensor.v1_2_0.DellOemSensor",
            "CurrentState": "Normal",
            "LowestReadings": {
                "LastHour": {
                    "Reading": 177,
                    "ReadingTime": "2025-11-06T15:51:58-06:00"
                },
                "LastWeek": {
                    "ReadingTime": "2025-11-06T13:24:42-06:00",
                    "Reading": 19
                },
                "LastDay": {
                    "ReadingTime": "2025-11-06T13:24:42-06:00",
                    "Reading": 19
                }
            },
            "@odata.context": "/redfish/v1/$metadata#DellOemSensor.DellOemSensor",
            "DeviceID": "iDRAC.Embedded.1#SystemBoardPwrConsumption",
            "PeakReadings": {
                "LastWeek": {
                    "ReadingTime": "2025-11-06T13:36:52-06:00",
                    "Reading": 593
                },
                "LastDay": {
                    "ReadingTime": "2025-11-06T13:36:52-06:00",
                    "Reading": 593
                },
                "LastHour": {
                    "Reading": 201,
                    "ReadingTime": "2025-11-06T15:40:24-06:00"
                }
            },
            "PossibleStates@odata.count": 6,
            "AverageReadings": {
                "LastWeek": {
                    "AveragingIntervalAchieved": true,
                    "Reading": 182
                },
                "LastDay": {
                    "Reading": 182,
                    "AveragingIntervalAchieved": true
                },
                "LastHour": {
                    "Reading": 181,
                    "AveragingIntervalAchieved": true
                }
            }
        }
    },
    "ReadingBasis": "Zero",
    "PeakReading": 861,
    "PhysicalContext": "SystemBoard",
    "@odata.context": "/redfish/v1/$metadata#Sensor.Sensor",
    "SensorResetTime": "2025-06-02T19:27:44-05:00",
    "Description": "Instance of Sensor Id",
    "ReadingUnits": "W",
    "LifetimeReading": 78298.744,
    "@odata.id": "/redfish/v1/Chassis/System.Embedded.1/Sensors/SystemBoardPwrConsumption",
    "ReadingRangeMax": 1794,
    "Id": "SystemBoardPwrConsumption",
    "ReadingRangeMin": 0
}