{
    "@odata.context": "/redfish/v1/$metadata#DellAssembly.DellAssembly",
    "@odata.id": "/redfish/v1/Chassis/System.Embedded.1/Oem/Dell/DellAssembly/PSU.Slot.2_0x23_FRU",
    "@odata.type": "#DellAssembly.v1_1_0.DellAssembly",
    "Description": "This resource shall be used to represent an assembly information.",
    "DeviceFQDD": "PSU.Slot.2",
    "Id": "PSU.Slot.2_0x23_FRU",
    "MACAddress": null,
    "Name": "DellAssembly",
    "PackageType": "PowerSupply",
    "SDKVersion": null,
    "SerialNumber": "CNDED0035G1MA8",
    "VendorIANA": null
}