{
    "Members": [],
    "Members@odata.count": 0,
    "Name": "DellInfiniBandPortMetricsCollection",
    "@odata.context": "/redfish/v1/$metadata#DellInfiniBandPortMetricsCollection.DellInfiniBandPortMetricsCollection",
    "@odata.id": "/redfish/v1/Chassis/System.Embedded.1/Oem/Dell/DellInfiniBandPortMetrics",
    "@odata.etag": "W/\"gen-1\"",
    "@odata.type": "#DellInfiniBandPortMetricsCollection.DellInfiniBandPortMetricsCollection",
    "Description": "A collection of DellInfiniBandPortMetrics resource"
}