{
    "Location": {
        "PartLocation": {
            "LocationType": "Slot",
            "LocationOrdinalValue": 4
        }
    },
    "@odata.etag": "W/\"gen-423\"",
    "HotPluggable": true,
    "@odata.id": "/redfish/v1/Chassis/System.Embedded.1/ThermalSubsystem/Fans/CoolingController.1.Fan4",
    "Oem": {
        "Dell": {
            "@odata.type": "#DellFan.v1_1_0.DellFan",
            "FanPWM": 28,
            "FanType": "Platinum",
            "@odata.context": "/redfish/v1/$metadata#DellFan.DellFan"
        }
    },
    "Id": "CoolingController.1.Fan4",
    "Status": {
        "State": "Enabled",
        "Health": "OK"
    },
    "Name": "Fan4",
    "PhysicalContext": "SystemBoard",
    "@odata.context": "/redfish/v1/$metadata#Fan.Fan",
    "Description": "Represents fan properties of the chassis",
    "SpeedPercent": {
        "DataSourceUri": "/redfish/v1/Chassis/System.Embedded.1/Sensors/Fan4_1",
        "SpeedRPM": 7590
    },
    "@odata.type": "#Fan.v1_5_2.Fan",
    "SecondarySpeedPercent": {
        "DataSourceUri": "/redfish/v1/Chassis/System.Embedded.1/Sensors/Fan4_2",
        "SpeedRPM": 7350
    }
}