{
    "@Redfish.Settings": {
        "@odata.context": "/redfish/v1/$metadata#Settings.Settings",
        "@odata.type": "#Settings.v1_3_5.Settings",
        "SettingsObject": {
            "@odata.id": "/redfish/v1/Chassis/System.Embedded.1/NetworkAdapters/NIC.Slot.3/NetworkDeviceFunctions/NIC.Slot.3-3-1/Oem/Dell/DellNetworkAttributes/NIC.Slot.3-3-1/Settings"
        },
        "SupportedApplyTimes": [
            "Immediate",
            "AtMaintenanceWindowStart",
            "OnReset",
            "InMaintenanceWindowOnReset"
        ]
    },
    "@odata.context": "/redfish/v1/$metadata#DellAttributes.DellAttributes",
    "@odata.id": "/redfish/v1/Chassis/System.Embedded.1/NetworkAdapters/NIC.Slot.3/NetworkDeviceFunctions/NIC.Slot.3-3-1/Oem/Dell/DellNetworkAttributes/NIC.Slot.3-3-1",
    "@odata.type": "#DellAttributes.v1_0_0.DellAttributes",
    "AttributeRegistry": "NetworkAttributeRegistry_NIC.Slot.3-3-1",
    "Attributes": {
        "PXEBootSupport": "Available",
        "iSCSIBootSupport": "Unavailable",
        "FCoEBootSupport": "Unavailable",
        "NicPartitioningSupport": "Unavailable",
        "FlexAddressing": "Available",
        "TOESupport": "Unavailable",
        "iSCSIOffloadSupport": "Unavailable",
        "iSCSIDualIPVersionSupport": "Unavailable",
        "OnChipThermalSensor": "Available",
        "NWManagementPassThrough": "Unavailable",
        "EnergyEfficientEthernet": "Available",
        "OSBMCManagementPassThrough": "Unavailable",
        "DCBXSupport": "Available",
        "FCoEOffloadSupport": "Unavailable",
        "RXFlowControl": "Unavailable",
        "TXFlowControl": "Unavailable",
        "TXBandwidthControlMaximum": "Unavailable",
        "TXBandwidthControlMinimum": "Unavailable",
        "INTEL_AdapterPBA": "K57293-005",
        "DeviceName": "Intel(R) Ethernet Network Adapter X710-TL",
        "ChipMdl": "Intel X710",
        "PCIDeviceID": "15FF",
        "BusDeviceFunction": "B1:00:02",
        "MacAddr": "B4:96:91:B6:3E:14",
        "VirtMacAddr": "00:00:00:00:00:00",
        "SRIOVSupport": "Available",
        "RDMASupport": "Unavailable",
        "EnhancedTransmissionSelection": "Available",
        "PriorityFlowControl": "Available",
        "CongestionNotification": "Available",
        "FRUserialNum": "FRUserialNum",
        "FRUdpnRev": "FRUdpnRev",
        "FRUprodName": "FRUprodName",
        "FRUmfgDateTime": "FRUmfgDateTime",
        "FamilyVersion": "22.5.7",
        "EFIVersion": "4.9.83",
        "VFDistribution": null,
        "BlnkLeds": 0,
        "NumberVFSupported": 128,
        "VFAllocMult": 16,
        "VLanId": 0,
        "NumberVFAdvertised": 32,
        "INTEL_MinSrev": 16,
        "NumberPCIFunctionsSupported": 0,
        "NumberPCIFunctionsEnabled": 0,
        "LinkStatus": "Disconnected",
        "PermitTotalPortShutdown": "Disabled",
        "VFAllocBasis": "Device",
        "VirtualizationMode": "NONE",
        "LegacyBootProto": "NONE",
        "LnkSpeed": "AutoNeg",
        "WakeOnLan": "NA",
        "INTEL_LLDPAgent": "Enabled"
    },
    "Description": "DellNetworkAttributes represents the Network device attribute details.",
    "Id": "NIC.Slot.3-3-1",
    "Name": "DellNetworkAttributes"
}