{
    "PCIeInterface": {
        "MaxPCIeType": null,
        "PCIeType": null,
        "LanesInUse": null,
        "MaxLanes": null
    },
    "PartNumber": null,
    "Id": "0-210-0",
    "FirmwareVersion": "",
    "SKU": null,
    "Model": null,
    "@odata.type": "#PCIeDevice.v1_18_0.PCIeDevice",
    "AssetTag": null,
    "SerialNumber": null,
    "@odata.etag": "W/\"gen-4\"",
    "@odata.id": "/redfish/v1/Chassis/System.Embedded.1/PCIeDevices/0-210-0",
    "PCIeFunctions": {
        "@odata.id": "/redfish/v1/Chassis/System.Embedded.1/PCIeDevices/0-210-0/PCIeFunctions"
    },
    "Description": "FCH SATA Controller [AHCI mode]",
    "@odata.context": "/redfish/v1/$metadata#PCIeDevice.PCIeDevice",
    "Links": {
        "PCIeFunctions": [
            {
                "@odata.id": "/redfish/v1/Chassis/System.Embedded.1/PCIeDevices/0-210-0/PCIeFunctions/0-210-0-1"
            },
            {
                "@odata.id": "/redfish/v1/Chassis/System.Embedded.1/PCIeDevices/0-210-0/PCIeFunctions/0-210-0-0"
            }
        ],
        "PCIeFunctions@odata.count": 2,
        "Chassis": [
            {
                "@odata.id": "/redfish/v1/Chassis/System.Embedded.1"
            }
        ],
        "Chassis@odata.count": 1,
        "Oem": {
            "Dell": {
                "CPUAffinity": [],
                "CPUAffinity@odata.count": 0,
                "@odata.context": "/redfish/v1/$metadata#DellPCIeDevice.DellPCIeDevice",
                "@odata.type": "#DellPCIeDevice.v1_0_0.DellPCIeDeviceLinks"
            }
        }
    },
    "DeviceType": "MultiFunction",
    "Status": {
        "HealthRollup": "OK",
        "State": "Enabled",
        "Health": "OK"
    },
    "Slot": {
        "PCIeType": null,
        "SlotType": null,
        "Lanes": null,
        "Location": {
            "PartLocation": {
                "LocationType": "Slot",
                "LocationOrdinalValue": null
            }
        }
    },
    "Manufacturer": "Advanced Micro Devices, Inc. [AMD]",
    "Name": "FCH SATA Controller [AHCI mode]"
}