{
    "@odata.type": "#DellAssembly.v1_1_0.DellAssembly",
    "PackageType": "Module/Card",
    "@odata.id": "/redfish/v1/Chassis/System.Embedded.1/Oem/Dell/DellAssembly/RFC.Integrated.1_0x23_FRU",
    "Description": "This resource shall be used to represent an assembly information.",
    "@odata.etag": "W/\"gen-1\"",
    "Id": "RFC.Integrated.1_0x23_FRU",
    "@odata.context": "/redfish/v1/$metadata#DellAssembly.DellAssembly",
    "DeviceFQDD": "RFC.Integrated.1",
    "SerialNumber": "05FANBRD",
    "Name": "DellAssembly"
}