{
    "JobStatus": "OK",
    "StartTime": "2025-02-20T17:52:08-06:00",
    "Name": "SupportAssist Collection",
    "Messages": [
        {
            "MessageId": "IDRAC.2.9.SRV088",
            "Message": "The SupportAssist Collection Operation is completed successfully.",
            "MessageArgs": [],
            "MessageArgs@odata.count": 0
        }
    ],
    "Messages@odata.count": 1,
    "PercentComplete": 100,
    "@odata.id": "/redfish/v1/JobService/Jobs/JID_400955284694",
    "JobState": "Completed",
    "Oem": {
        "Dell": {
            "ActualRunningStopTime": "2025-02-20T17:58:08",
            "JobType": "SACollectHealthData",
            "OemJobState": "Completed",
            "UntilTime": null,
            "@odata.context": "/redfish/v1/$metadata#DellOemJob.DellOemJob",
            "@odata.type": "#DellOemJob.v1_0_0.DellOemJob",
            "ActualRunningStartTime": "2025-02-20T17:52:08"
        }
    },
    "@odata.context": "/redfish/v1/$metadata#Job.Job",
    "MaxExecutionTime": "PT2H",
    "Id": "JID_400955284694",
    "Description": "Represent a job in Redfish",
    "@odata.etag": "\"W/'gen-12'\"",
    "EndTime": "2025-02-20T17:58:08-06:00",
    "@odata.type": "#Job.v1_2_4.Job"
}