{
    "Members": [
        {
            "@odata.id": "/redfish/v1/Chassis/System.Embedded.1/PCIeDevices/0-254-6/PCIeFunctions/0-254-6-1"
        }
    ],
    "Members@odata.count": 1,
    "Name": "PCIeFunction Collection",
    "@odata.id": "/redfish/v1/Chassis/System.Embedded.1/PCIeDevices/0-254-6/PCIeFunctions",
    "@odata.etag": "\"W/'gen-1'\"",
    "@odata.context": "/redfish/v1/$metadata#PCIeFunctionCollection.PCIeFunctionCollection",
    "@odata.type": "#PCIeFunctionCollection.PCIeFunctionCollection",
    "Description": "Collection of PCIeFunctions"
}