{
    "Name": "Check Update From Repo",
    "@odata.context": "/redfish/v1/$metadata#Job.Job",
    "Description": "Represent a job in Redfish",
    "JobState": "Exception",
    "PercentComplete": 100,
    "Messages": [
        {
            "Message": "Unable to complete the firmware update operation because the specified firmware image is for a component that is not in the target system inventory or the component is disabled for performing the update.",
            "MessageArgs": [
                "NA"
            ],
            "MessageArgs@odata.count": 1,
            "MessageId": "IDRAC.2.14.RED097"
        }
    ],
    "Messages@odata.count": 1,
    "EndTime": "2025-09-08T08:56:06-05:00",
    "StartTime": "2025-09-08T08:55:59-05:00",
    "JobStatus": "Critical",
    "@odata.type": "#Job.v1_2_4.Job",
    "Oem": {
        "Dell": {
            "ActualRunningStartTime": null,
            "ActualRunningStopTime": null,
            "JobType": "RepositoryUpdate",
            "OemJobState": "Failed",
            "UntilTime": null,
            "@odata.context": "/redfish/v1/$metadata#DellOemJob.DellOemJob",
            "@odata.type": "#DellOemJob.v1_0_0.DellOemJob"
        }
    },
    "@odata.id": "/redfish/v1/JobService/Jobs/JID_573397593212",
    "@odata.etag": "W/\"gen-2\"",
    "MaxExecutionTime": "PT2H",
    "Id": "JID_573397593212"
}