{
    "@odata.context": "/redfish/v1/$metadata#JsonSchemaFile.JsonSchemaFile",
    "@odata.id": "/redfish/v1/JsonSchemas/DellChassis",
    "@odata.type": "#JsonSchemaFile.v1_1_4.JsonSchemaFile",
    "Description": "DellChassis Schema File Location",
    "Id": "DellChassis",
    "Languages": [
        "en"
    ],
    "Languages@odata.count": 1,
    "Location": [
        {
            "Language": "en",
            "PublicationUri": "http://downloads.dell.com/redfish/bmc/schemas/DellChassis.json",
            "Uri": "/redfish/v1/Schemas/DellChassis.json"
        }
    ],
    "Location@odata.count": 1,
    "Name": "DellChassis Schema File",
    "Schema": "#DellChassis.DellChassis"
}