{
    "@Redfish.Settings": {
        "@odata.context": "/redfish/v1/$metadata#Settings.Settings",
        "@odata.type": "#Settings.v1_4_0.Settings",
        "SettingsObject": {
            "@odata.id": "/redfish/v1/Chassis/System.Embedded.1/NetworkAdapters/NIC.Integrated.1/NetworkDeviceFunctions/NIC.Integrated.1-1-1/Oem/Dell/DellNetworkAttributes/NIC.Integrated.1-1-1/Settings"
        },
        "SupportedApplyTimes": [
            "Immediate",
            "AtMaintenanceWindowStart",
            "OnReset",
            "InMaintenanceWindowOnReset"
        ]
    },
    "@odata.context": "/redfish/v1/$metadata#DellAttributes.DellAttributes",
    "@odata.id": "/redfish/v1/Chassis/System.Embedded.1/NetworkAdapters/NIC.Integrated.1/NetworkDeviceFunctions/NIC.Integrated.1-1-1/Oem/Dell/DellNetworkAttributes/NIC.Integrated.1-1-1",
    "@odata.type": "#DellAttributes.v1_0_0.DellAttributes",
    "AttributeRegistry": "NetworkAttributeRegistry_NIC.Integrated.1-1-1",
    "Attributes": {
        "DeviceName": "Broadcom Adv. Dual 25Gb Ethernet",
        "ChipMdl": "BCM57414 B1",
        "PCIDeviceID": "16D7",
        "BusDeviceFunction": "3D:00:00",
        "MacAddr": "14:23:F2:E7:C8:80",
        "VirtMacAddr": "14:23:F2:E7:C8:80",
        "PXEBootSupport": "Available",
        "NicPartitioningSupport": "Available",
        "FlexAddressing": "Available",
        "TXBandwidthControlMaximum": "Available",
        "TXBandwidthControlMinimum": "Available",
        "TOESupport": "Available",
        "DCBXSupport": "Available",
        "OSBMCManagementPassThrough": "Available",
        "EnergyEfficientEthernet": "Unavailable",
        "NWManagementPassThrough": "Available",
        "OnChipThermalSensor": "Available",
        "SRIOVSupport": "Available",
        "RDMASupport": "Available",
        "FamilyVersion": "22.92.07.50",
        "ControllerBIOSVersion": "229.2.75.0",
        "Broadcom_MBAVersion": "229.2.64.0",
        "EFIVersion": "229.2.64.0",
        "Broadcom_NCSI": "229.2.75.0",
        "Broadcom_RDMAVersion": "229.2.75.0",
        "BlnkLeds": 0,
        "VLanId": 1,
        "Broadcom_MsixVectorsPerVf": 16,
        "Broadcom_MaxPfMsixVectors": 74,
        "VFAllocMult": 8,
        "NumberVFSupported": 64,
        "NumberPCIFunctionsSupported": 8,
        "NumberPCIFunctionsEnabled": 1,
        "RDMANICModeOnPort": "Disabled",
        "NicMode": "Enabled",
        "Broadcom_OperationalLnkSpeed": "AutoNeg",
        "Broadcom_MediaAutoDetect": "Enabled",
        "Broadcom_ANProtocol": "Broadcom_ANProtocolIEEEandConsortium",
        "Broadcom_ForwardErrorCorrection": "Disabled",
        "BootOptionROM": "Enabled",
        "LegacyBootProto": "NONE",
        "BootStrapType": "AutoDetect",
        "WakeOnLan": "Disabled",
        "VLanMode": "Disabled",
        "BootRetryCnt": "NoRetry",
        "PermitTotalPortShutdown": "Disabled",
        "VirtualizationMode": "NONE",
        "NParEP": "Enabled",
        "Broadcom_DCBX": "Disabled",
        "Broadcom_LLDPNearestBridge": "Enabled",
        "Broadcom_LLDPNearestNonTPMRBridge": "Enabled",
        "Broadcom_DefaultEVBMode": "VEB",
        "RDMAProtocolSupport": "RoCE",
        "VFAllocBasis": "Port",
        "PartitionStateInterpretation": "Fixed"
    },
    "Description": "DellNetworkAttributes represents the Network device attribute details.",
    "Id": "NIC.Integrated.1-1-1",
    "Name": "DellNetworkAttributes"
}