{
    "@odata.context": "/redfish/v1/$metadata#PowerSupply.PowerSupply",
    "@odata.type": "#PowerSupply.v1_6_0.PowerSupply",
    "@odata.id": "/redfish/v1/Chassis/System.Embedded.1/PowerSubsystem/PowerSupplies/PSU.Slot.2",
    "Assembly": {
        "@odata.id": "/redfish/v1/Chassis/System.Embedded.1/PowerSubsystem/PowerSupplies/PSU.Slot.2/Assembly"
    },
    "Description": "An instance of PowerSupply",
    "FirmwareVersion": "00.1D.9C",
    "HotPluggable": true,
    "Id": "PSU.Slot.2",
    "InputNominalVoltageType": "AC100To240V",
    "InputRanges": [
        {
            "CapacityWatts": 1400.0,
            "NominalVoltageType": "AC100To240V"
        }
    ],
    "LineInputStatus": "Normal",
    "Manufacturer": "DELL",
    "Metrics": {
        "@odata.id": "/redfish/v1/Chassis/System.Embedded.1/PowerSubsystem/PowerSupplies/PSU.Slot.2/Metrics"
    },
    "Model": "PWR SPLY,1400W,RDNT,DELTA",
    "Name": "PS2 Status",
    "Oem": {
        "Dell": {
            "@odata.type": "#DellOemPower.v1_0_0.DellOemPower",
            "DellPowerSupply": {
                "ActiveInputVoltage": "Unknown",
                "ActiveInputVoltage@Redfish.Deprecated": "Please migrate to use InputNominalVoltageType under DMTF PowerSupply",
                "IsSwitchingSupply": true,
                "OperationalStatus": [
                    "OK"
                ],
                "OperationalStatus@odata.count": 1,
                "RequestedState": "NotApplicable"
            },
            "DellPowerSupplyView": {
                "DetailedState": "Presence Detected",
                "DeviceDescription": "Power Supply 2",
                "LastSystemInventoryTime": "2025-02-21T17:19:23+00:00",
                "LastUpdateTime": "2025-02-21T18:07:08+00:00",
                "PMBusMonitoring": "Capable",
                "Range1MaxInputPowerWatts": 1568,
                "RedMinNumberNeeded": 1,
                "RedTypeOfSet": [
                    "N+1",
                    "Sparing"
                ],
                "RedTypeOfSet@odata.count": 2,
                "RedundancyStatus": "Unknown"
            }
        }
    },
    "PartNumber": "07DWXYA02",
    "PowerCapacityWatts": 1400.0,
    "PowerSupplyType": "AC",
    "SerialNumber": "CNDED0035G1MA8",
    "SparePartNumber": "07DWXYA02",
    "Status": {
        "Health": "OK",
        "State": "Enabled"
    }
}