{
    "@odata.context": "/redfish/v1/$metadata#JsonSchemaFile.JsonSchemaFile",
    "@odata.id": "/redfish/v1/JsonSchemas/DellAssemblyCollection",
    "@odata.type": "#JsonSchemaFile.v1_1_5.JsonSchemaFile",
    "Description": "DellAssemblyCollection Schema File Location",
    "Id": "DellAssemblyCollection",
    "Languages": [
        "en"
    ],
    "Languages@odata.count": 1,
    "Location": [
        {
            "Language": "en",
            "PublicationUri": "http://downloads.dell.com/redfish/bmc/schemas/DellAssemblyCollection.json",
            "Uri": "/redfish/v1/Schemas/DellAssemblyCollection.json"
        }
    ],
    "Location@odata.count": 1,
    "Name": "DellAssemblyCollection Schema File",
    "Schema": "#DellAssemblyCollection.DellAssemblyCollection"
}