{
    "JobState": "Completed",
    "Oem": {
        "Dell": {
            "@odata.context": "/redfish/v1/$metadata#DellOemJob.DellOemJob",
            "@odata.type": "#DellOemJob.v1_0_0.DellOemJob",
            "ActualRunningStartTime": "2025-07-25T11:47:29",
            "ActualRunningStopTime": "2025-07-25T11:48:45",
            "JobType": "FirmwareUpdate",
            "OemJobState": "Completed",
            "UntilTime": "TIME_NA"
        }
    },
    "MaxExecutionTime": "PT2H",
    "Id": "JID_534620255910",
    "@odata.type": "#Job.v1_2_4.Job",
    "Messages": [
        {
            "Message": "Firmware update successfully completed",
            "MessageArgs": [
                "Firmware update successfully completed"
            ],
            "MessageArgs@odata.count": 1,
            "MessageId": "IDRAC.2.14.PR19"
        }
    ],
    "Messages@odata.count": 1,
    "PercentComplete": 100,
    "Description": "Represent a job in Redfish",
    "EndTime": "2025-07-25T12:04:56-05:00",
    "@odata.etag": "W/\"gen-2\"",
    "StartTime": "2025-07-25T11:47:05-05:00",
    "@odata.context": "/redfish/v1/$metadata#Job.Job",
    "@odata.id": "/redfish/v1/JobService/Jobs/JID_534620255910",
    "JobStatus": "OK",
    "Name": "Firmware Update: Network"
}