{
    "@odata.context": "/redfish/v1/$metadata#PCIeFunction.PCIeFunction",
    "@odata.etag": "\"1740158369\"",
    "@odata.type": "#PCIeFunction.v1_6_0.PCIeFunction",
    "@odata.id": "/redfish/v1/Chassis/System.Embedded.1/PCIeDevices/3-0/PCIeFunctions/3-0-0",
    "ClassCode": "0x030000",
    "Description": "Integrated Matrox G200eW3 Graphics Controller",
    "DeviceClass": "DisplayController",
    "DeviceId": "0x0536",
    "Enabled": true,
    "FunctionId": 0,
    "FunctionType": "Physical",
    "Id": "3-0-0",
    "Links": {
        "StorageControllers": [],
        "StorageControllers@odata.count": 0,
        "Drives": [],
        "Drives@odata.count": 0,
        "EthernetInterfaces": [],
        "EthernetInterfaces@odata.count": 0,
        "PCIeDevice": {
            "@odata.id": "/redfish/v1/Chassis/System.Embedded.1/PCIeDevices/3-0"
        }
    },
    "Name": "Integrated Matrox G200eW3 Graphics Controller",
    "Oem": {
        "Dell": {
            "@odata.type": "#DellChassisPCIeFunction.v1_1_0.DellPCIeFunction",
            "DellPCIeFunction": {
                "DataBusWidth": "Unknown",
                "LastSystemInventoryTime": "2025-02-21T17:19:23+00:00",
                "LastUpdateTime": "2023-07-11T23:10:52+00:00",
                "SlotLength": "Unknown",
                "SlotType": "Unknown",
                "Id": "Video.Embedded.1-1"
            }
        }
    },
    "RevisionId": "0x04",
    "Status": {
        "State": "Enabled",
        "Health": "OK",
        "HealthRollup": "OK"
    },
    "SubsystemId": "0x0b9d",
    "SubsystemVendorId": "0x1028",
    "VendorId": "0x102b"
}