{
    "@odata.etag": "\"W/'gen-1'\"",
    "DeviceFQDD": "NIC.Slot.10",
    "@odata.context": "/redfish/v1/$metadata#DellAssembly.DellAssembly",
    "@odata.id": "/redfish/v1/Chassis/System.Embedded.1/Oem/Dell/DellAssembly/NIC.Slot.10_0x23_FRU",
    "Description": "This resource shall be used to represent an assembly information.",
    "PackageType": "Module/Card",
    "Name": "DellAssembly",
    "SerialNumber": "VNFCBBA44S014F",
    "@odata.type": "#DellAssembly.v1_1_0.DellAssembly",
    "Id": "NIC.Slot.10_0x23_FRU"
}