{
    "@odata.context": "/redfish/v1/$metadata#PCIeDevice.PCIeDevice",
    "@odata.etag": "\"1707801112\"",
    "@odata.id": "/redfish/v1/Chassis/System.Embedded.1/PCIeDevices/1-0",
    "@odata.type": "#PCIeDevice.v1_11_1.PCIeDevice",
    "AssetTag": null,
    "Description": "BOSS-N1 Monolithic",
    "DeviceType": "SingleFunction",
    "FirmwareVersion": "2.1.13.2025",
    "Id": "1-0",
    "Links": {
        "Chassis": [
            {
                "@odata.id": "/redfish/v1/Chassis/System.Embedded.1"
            }
        ],
        "Chassis@odata.count": 1,
        "Oem": {
            "Dell": {
                "@odata.type": "#DellOem.v1_3_0.DellOemLinks",
                "CPUAffinity": [],
                "CPUAffinity@odata.count": 0
            }
        },
        "PCIeFunctions": [
            {
                "@odata.id": "/redfish/v1/Chassis/System.Embedded.1/PCIeDevices/1-0/PCIeFunctions/1-0-0"
            }
        ],
        "PCIeFunctions@odata.count": 1,
        "PCIeFunctions@Redfish.Deprecated": "Please migrate to PCIeFunctions property in the root resource."
    },
    "Manufacturer": "Marvell Technology Group Ltd.",
    "Model": "BOSS-N1 Monolithic",
    "Name": "BOSS-N1 Monolithic",
    "PartNumber": "0WW56V",
    "SKU": null,
    "SerialNumber": "CNFCP0033M00WS",
    "Slot": {},
    "Status": {
        "State": "Enabled",
        "Health": "OK",
        "HealthRollup": "OK"
    },
    "PCIeFunctions": {
        "@odata.id": "/redfish/v1/Chassis/System.Embedded.1/PCIeDevices/1-0/PCIeFunctions"
    }
}