{
    "@odata.context": "/redfish/v1/$metadata#JsonSchemaFile.JsonSchemaFile",
    "@odata.id": "/redfish/v1/JsonSchemas/Bios",
    "@odata.type": "#JsonSchemaFile.v1_1_4.JsonSchemaFile",
    "Description": "Bios Schema File Location",
    "Id": "Bios",
    "Languages": [
        "en"
    ],
    "Languages@odata.count": 1,
    "Location": [
        {
            "Language": "en",
            "PublicationUri": "http://redfish.dmtf.org/schemas/v1/Bios.json",
            "Uri": "/redfish/v1/Schemas/Bios.json"
        }
    ],
    "Location@odata.count": 1,
    "Name": "Bios Schema File",
    "Schema": "#Bios.Bios"
}