{
    "@odata.etag": "W/\"gen-1\"",
    "SerialNumber": "CNFCP0055C003K",
    "PackageType": "Module/Card",
    "Name": "DellAssembly",
    "@odata.type": "#DellAssembly.v1_1_0.DellAssembly",
    "Id": "SystemHPM.Embedded.1_0x23_FRU",
    "@odata.id": "/redfish/v1/Chassis/System.Embedded.1/Oem/Dell/DellAssembly/SystemHPM.Embedded.1_0x23_FRU",
    "@odata.context": "/redfish/v1/$metadata#DellAssembly.DellAssembly",
    "DeviceFQDD": "SystemHPM.Embedded.1",
    "Description": "This resource shall be used to represent an assembly information."
}