{
    "Id": "Fan2_2",
    "ReadingRangeMax": null,
    "@odata.type": "#Sensor.v1_9_0.Sensor",
    "Reading": 4080,
    "PhysicalContext": "SystemBoard",
    "Oem": {
        "Dell": {
            "@odata.context": "/redfish/v1/$metadata#DellOemSensor.DellOemSensor",
            "@odata.type": "#DellOemSensor.v1_1_0.DellOemSensor",
            "CurrentState": "Normal",
            "DeviceID": "iDRAC.Embedded.1#Fan2_2",
            "PossibleStates": [
                "Unknown",
                "Fatal",
                "Normal",
                "Upper Fatal",
                "Upper Critical",
                "Upper Non-Critical",
                "Lower Non-Critical",
                "Lower Critical",
                "Lower Fatal"
            ],
            "PossibleStates@odata.count": 9,
            "RequestedState": "NotApplicable"
        }
    },
    "ReadingBasis": "Zero",
    "ReadingUnits": "RPM",
    "@odata.id": "/redfish/v1/Chassis/System.Embedded.1/Sensors/Fan2_2",
    "ReadingRangeMin": 600,
    "Status": {
        "State": "Enabled",
        "Health": "OK"
    },
    "ReadingType": "Rotational",
    "@odata.context": "/redfish/v1/$metadata#Sensor.Sensor",
    "Name": "Fan2_2",
    "Thresholds": {
        "LowerCaution": {
            "Reading": 840
        },
        "LowerCritical": {
            "Reading": 600
        },
        "UpperCaution": {
            "Reading": null
        },
        "UpperCritical": {
            "Reading": null
        }
    },
    "Description": "Instance of Sensor Id",
    "@odata.etag": "\"W/'gen-56'\""
}