{
    "Name": "DellNetworkTransceiverPortMetrics",
    "@odata.context": "/redfish/v1/$metadata#DellNetworkTransceiverPortMetricsCollection.DellNetworkTransceiverPortMetricsCollection",
    "@odata.type": "#DellNetworkTransceiverPortMetricsCollection.DellNetworkTransceiverPortMetricsCollection",
    "Description": "A collection of DellNetworkTransceiverPortMetrics resource",
    "Members": [
        {
            "VoltageStatus": "Ok",
            "Id": "NetworkTransceiver.Integrated.1:NIC.Slot.10-1",
            "FQDD": "NetworkTransceiver.Integrated.1:NIC.Slot.10-1",
            "TXBiasCurrentStatus": "Ok",
            "RXInputPowermW": 0,
            "TemperatureCelsius": 0,
            "TXBiasCurrentmA": 0,
            "TXOutputPowermW": 0,
            "VoltageValueVolts": 0,
            "@odata.type": "#DellNetworkTransceiverPortMetrics.v1_0_0.DellNetworkTransceiverPortMetrics",
            "Name": "DellNetworkTransceiverPortMetrics",
            "@odata.etag": "W/\"gen-2\"",
            "TXOutputPowerStatus": "Ok",
            "RXInputPowerStatus": "Ok",
            "TemperatureStatus": "Ok",
            "@odata.context": "/redfish/v1/$metadata#DellNetworkTransceiverPortMetrics.DellNetworkTransceiverPortMetrics",
            "@odata.id": "/redfish/v1/Chassis/System.Embedded.1/Oem/Dell/DellNetworkTransceiverPortMetrics/NetworkTransceiver.Integrated.1_NIC.Slot.10-1"
        }
    ],
    "Members@odata.count": 1,
    "@odata.id": "/redfish/v1/Chassis/System.Embedded.1/Oem/Dell/DellNetworkTransceiverPortMetrics",
    "@odata.etag": "W/\"gen-1\""
}