{
    "Oem": {
        "Dell": {
            "@odata.context": "/redfish/v1/$metadata#DellChassisPCIeFunction.DellChassisPCIeFunction",
            "@odata.type": "#DellChassisPCIeFunction.v1_1_0.DellPCIeFunction",
            "DellPCIeFunction": {
                "SlotLength": "Unknown",
                "SlotType": "Unknown",
                "DataBusWidth": "Unknown",
                "Id": "RAID.SL.3-1",
                "LastSystemInventoryTime": "2025-02-21T23:53:00+00:00",
                "LastUpdateTime": "2025-02-21T21:24:07+00:00"
            }
        }
    },
    "ClassCode": "0x000001",
    "Links": {
        "Drives": [
            {
                "@odata.id": "/redfish/v1/Systems/System.Embedded.1/Storage/RAID.SL.3-1/Drives/Disk.Bay.0_Enclosure.Internal.0-1_RAID.SL.3-1"
            },
            {
                "@odata.id": "/redfish/v1/Systems/System.Embedded.1/Storage/RAID.SL.3-1/Drives/Disk.Bay.1_Enclosure.Internal.0-1_RAID.SL.3-1"
            },
            {
                "@odata.id": "/redfish/v1/Systems/System.Embedded.1/Storage/RAID.SL.3-1/Drives/Disk.Bay.2_Enclosure.Internal.0-1_RAID.SL.3-1"
            },
            {
                "@odata.id": "/redfish/v1/Systems/System.Embedded.1/Storage/RAID.SL.3-1/Drives/Disk.Bay.3_Enclosure.Internal.0-1_RAID.SL.3-1"
            },
            {
                "@odata.id": "/redfish/v1/Systems/System.Embedded.1/Storage/RAID.SL.3-1/Drives/Disk.Bay.4_Enclosure.Internal.0-1_RAID.SL.3-1"
            },
            {
                "@odata.id": "/redfish/v1/Systems/System.Embedded.1/Storage/RAID.SL.3-1/Drives/Disk.Bay.5_Enclosure.Internal.0-1_RAID.SL.3-1"
            },
            {
                "@odata.id": "/redfish/v1/Systems/System.Embedded.1/Storage/RAID.SL.3-1/Drives/Disk.Bay.8_Enclosure.Internal.0-1_RAID.SL.3-1"
            },
            {
                "@odata.id": "/redfish/v1/Systems/System.Embedded.1/Storage/RAID.SL.3-1/Drives/Disk.Bay.9_Enclosure.Internal.0-1_RAID.SL.3-1"
            }
        ],
        "Drives@odata.count": 8,
        "PCIeDevice": {
            "@odata.id": "/redfish/v1/Chassis/System.Embedded.1/PCIeDevices/0-174-0"
        },
        "StorageControllers": [
            {
                "@odata.id": "/redfish/v1/Systems/System.Embedded.1/Storage/RAID.SL.3-1#/StorageControllers/0"
            }
        ],
        "StorageControllers@odata.count": 1
    },
    "RevisionId": "0x01",
    "FunctionType": "Physical",
    "DeviceClass": "MassStorageController",
    "Description": "PERC H965i Front",
    "Name": "PERC H965i Front",
    "@odata.etag": "\"W/'gen-4'\"",
    "@odata.id": "/redfish/v1/Chassis/System.Embedded.1/PCIeDevices/0-174-0/PCIeFunctions/0-174-0-0",
    "FunctionProtocol": "PCIe",
    "Id": "0-174-0-0",
    "@odata.type": "#PCIeFunction.v1_6_0.PCIeFunction",
    "FunctionId": 0,
    "VendorId": "0x1000",
    "Status": {
        "State": "Enabled",
        "Health": "OK",
        "HealthRollup": "OK"
    },
    "SubsystemVendorId": "0x1028",
    "SubsystemId": "0x22cc",
    "@odata.context": "/redfish/v1/$metadata#PCIeFunction.PCIeFunction",
    "Enabled": true,
    "DeviceId": "0x00a5"
}