{
    "PhysicalContext": "SystemBoard",
    "@odata.etag": "\"W/'gen-238'\"",
    "Id": "CoolingController.1.Fan1",
    "Location": {
        "PartLocation": {
            "LocationType": "Slot",
            "LocationOrdinalValue": 1
        }
    },
    "Description": "Represents fan properties of the chassis",
    "Status": {
        "State": "Enabled",
        "Health": "OK"
    },
    "SecondarySpeedPercent": {
        "DataSourceUri": "/redfish/v1/Chassis/System.Embedded.1/Sensors/Fan1_2",
        "SpeedRPM": 4110
    },
    "SpeedPercent": {
        "DataSourceUri": "/redfish/v1/Chassis/System.Embedded.1/Sensors/Fan1_1",
        "SpeedRPM": 5070
    },
    "@odata.type": "#Fan.v1_5_2.Fan",
    "HotPluggable": true,
    "Name": "Fan1",
    "@odata.id": "/redfish/v1/Chassis/System.Embedded.1/ThermalSubsystem/Fans/CoolingController.1.Fan1",
    "@odata.context": "/redfish/v1/$metadata#Fan.Fan",
    "Oem": {
        "Dell": {
            "FanPWM": 17,
            "FanType": "Gold",
            "@odata.context": "/redfish/v1/$metadata#DellFan.DellFan",
            "@odata.type": "#DellFan.v1_1_0.DellFan"
        }
    }
}