{
    "@odata.context": "/redfish/v1/$metadata#DellPCIeSSDBackPlaneCollection.DellPCIeSSDBackPlaneCollection",
    "@odata.id": "/redfish/v1/Chassis/System.Embedded.1/Oem/Dell/DellPCIeSSDBackPlanes",
    "@odata.type": "#DellPCIeSSDBackPlaneCollection.DellPCIeSSDBackPlaneCollection",
    "Description": "A collection of DellPCIeSSDBackPlane resource",
    "Members": [
        {
            "@odata.context": "/redfish/v1/$metadata#DellPCIeSSDBackPlane.DellPCIeSSDBackPlane",
            "@odata.id": "/redfish/v1/Chassis/System.Embedded.1/Oem/Dell/DellPCIeSSDBackPlanes/Enclosure.Internal.0-1",
            "@odata.type": "#DellPCIeSSDBackPlane.v1_3_0.DellPCIeSSDBackPlane",
            "Description": "An instance of DellPCIeSSDBackPlane will have PCIeSSD back plane specific data.",
            "FirmwareVersion": "1.77",
            "Id": "Enclosure.Internal.0-1",
            "Name": "DellPCIeSSDBackPlane",
            "PCIExpressGeneration": "Gen 5",
            "SlotCount": 8,
            "WiredOrder": 1
        },
        {
            "@odata.context": "/redfish/v1/$metadata#DellPCIeSSDBackPlane.DellPCIeSSDBackPlane",
            "@odata.id": "/redfish/v1/Chassis/System.Embedded.1/Oem/Dell/DellPCIeSSDBackPlanes/Enclosure.Internal.0-3",
            "@odata.type": "#DellPCIeSSDBackPlane.v1_3_0.DellPCIeSSDBackPlane",
            "Description": "An instance of DellPCIeSSDBackPlane will have PCIeSSD back plane specific data.",
            "FirmwareVersion": "1.77",
            "Id": "Enclosure.Internal.0-3",
            "Name": "DellPCIeSSDBackPlane",
            "PCIExpressGeneration": "Gen 5",
            "SlotCount": 8,
            "WiredOrder": 3
        },
        {
            "@odata.context": "/redfish/v1/$metadata#DellPCIeSSDBackPlane.DellPCIeSSDBackPlane",
            "@odata.id": "/redfish/v1/Chassis/System.Embedded.1/Oem/Dell/DellPCIeSSDBackPlanes/Enclosure.Internal.0-4",
            "@odata.type": "#DellPCIeSSDBackPlane.v1_3_0.DellPCIeSSDBackPlane",
            "Description": "An instance of DellPCIeSSDBackPlane will have PCIeSSD back plane specific data.",
            "FirmwareVersion": "1.77",
            "Id": "Enclosure.Internal.0-4",
            "Name": "DellPCIeSSDBackPlane",
            "PCIExpressGeneration": "Gen 5",
            "SlotCount": 8,
            "WiredOrder": 4
        },
        {
            "@odata.context": "/redfish/v1/$metadata#DellPCIeSSDBackPlane.DellPCIeSSDBackPlane",
            "@odata.id": "/redfish/v1/Chassis/System.Embedded.1/Oem/Dell/DellPCIeSSDBackPlanes/Enclosure.Internal.0-2",
            "@odata.type": "#DellPCIeSSDBackPlane.v1_3_0.DellPCIeSSDBackPlane",
            "Description": "An instance of DellPCIeSSDBackPlane will have PCIeSSD back plane specific data.",
            "FirmwareVersion": "1.77",
            "Id": "Enclosure.Internal.0-2",
            "Name": "DellPCIeSSDBackPlane",
            "PCIExpressGeneration": "Gen 5",
            "SlotCount": 8,
            "WiredOrder": 2
        },
        {
            "@odata.context": "/redfish/v1/$metadata#DellPCIeSSDBackPlane.DellPCIeSSDBackPlane",
            "@odata.id": "/redfish/v1/Chassis/System.Embedded.1/Oem/Dell/DellPCIeSSDBackPlanes/Enclosure.Internal.0-5",
            "@odata.type": "#DellPCIeSSDBackPlane.v1_3_0.DellPCIeSSDBackPlane",
            "Description": "An instance of DellPCIeSSDBackPlane will have PCIeSSD back plane specific data.",
            "FirmwareVersion": "1.77",
            "Id": "Enclosure.Internal.0-5",
            "Name": "DellPCIeSSDBackPlane",
            "PCIExpressGeneration": "Gen 5",
            "SlotCount": 8,
            "WiredOrder": 5
        }
    ],
    "Members@odata.count": 5,
    "Name": "DellPCIeSSDBackPlaneCollection"
}