{
    "@odata.type": "#Job.v1_2_4.Job",
    "MaxExecutionTime": "PT2H",
    "JobState": "Completed",
    "Oem": {
        "Dell": {
            "@odata.context": "/redfish/v1/$metadata#DellOemJob.DellOemJob",
            "@odata.type": "#DellOemJob.v1_0_0.DellOemJob",
            "ActualRunningStartTime": "2025-02-20T18:08:15",
            "ActualRunningStopTime": "2025-02-20T18:08:20",
            "JobType": "RebootPowerCycle",
            "OemJobState": "RebootCompleted",
            "UntilTime": "TIME_NA"
        }
    },
    "Messages": [
        {
            "Message": "Reboot is complete.",
            "MessageArgs": [],
            "MessageArgs@odata.count": 0,
            "MessageId": "IDRAC.2.9.RED030"
        }
    ],
    "Messages@odata.count": 1,
    "Name": "Reboot1",
    "Id": "RID_400964907403",
    "StartTime": "2025-02-20T18:08:10-06:00",
    "JobStatus": "OK",
    "@odata.id": "/redfish/v1/JobService/Jobs/RID_400964907403",
    "Description": "Represent a job in Redfish",
    "EndTime": "2025-02-20T18:08:20-06:00",
    "PercentComplete": 100,
    "@odata.context": "/redfish/v1/$metadata#Job.Job",
    "@odata.etag": "\"W/'gen-16'\""
}