{
    "@odata.id": "/redfish/v1/ComponentIntegrity/CPU.Socket.1",
    "@odata.type": "#ComponentIntegrity.v1_2_3.ComponentIntegrity",
    "ComponentIntegrityType": "SPDM",
    "Actions": {
        "#ComponentIntegrity.SPDMGetSignedMeasurements": {
            "target": "/redfish/v1/ComponentIntegrity/CPU.Socket.1/Actions/ComponentIntegrity.SPDMGetSignedMeasurements"
        }
    },
    "@odata.context": "/redfish/v1/$metadata#ComponentIntegrity.ComponentIntegrity",
    "Oem": {
        "Dell": {
            "@odata.type": "#DellComponentIntegrity.v1_0_0.SPDM",
            "SPDM": {
                "DeviceChallengeStatus": "Success",
                "DigestAndCertificateSupport": "Enabled",
                "EncryptionSupport": "Disabled",
                "MeasurementsSupport": "Enabled",
                "ChallengeAuthResponseSupport": "Enabled"
            },
            "@odata.context": "/redfish/v1/$metadata#DellComponentIntegrity.DellComponentIntegrity"
        }
    },
    "SPDM": {
        "MeasurementSet": {
            "MeasurementSpecification": "DMTF",
            "MeasurementSummary": "xX6Ylvx7/ncqxF4HkgCRTnsMKao/8Yel01UTf6gL/0EdiUwlUpupZbiBbEeNAcgR",
            "MeasurementSummaryHashAlgorithm": "TPM_ALG_SHA_384",
            "MeasurementSummaryType": "All",
            "Measurements": []
        },
        "Requester": {
            "@odata.id": "/redfish/v1/Managers/iDRAC.Embedded.1"
        },
        "IdentityAuthentication": {
            "ResponderAuthentication": {
                "ComponentCertificate": {
                    "@odata.id": "/redfish/v1/Systems/System.Embedded.1/Processors/CPU.Socket.1/Certificates/SPDMCert-157-0"
                },
                "VerificationStatus": "Success"
            }
        }
    },
    "ComponentIntegrityTypeVersion": "1.0.0",
    "TargetComponentURI": "/redfish/v1/Systems/System.Embedded.1/Processors/CPU.Socket.1",
    "Id": "CPU.Socket.1",
    "Name": "Component Integrity for CPU",
    "Description": "SPDM Integrity Information for CPU",
    "@odata.etag": "\"W/'gen-30'\"",
    "ComponentIntegrityEnabled": true
}