{
    "@odata.context": "/redfish/v1/$metadata#JobCollection.JobCollection",
    "@odata.id": "/redfish/v1/JobService/Jobs",
    "@odata.type": "#JobCollection.JobCollection",
    "Description": "A Collection of Job resource instances",
    "Members": [
        {
            "@odata.id": "/redfish/v1/JobService/Jobs/JID_077500146622"
        },
        {
            "@odata.id": "/redfish/v1/JobService/Jobs/JID_077501073651"
        },
        {
            "@odata.id": "/redfish/v1/JobService/Jobs/JID_077501870647"
        },
        {
            "@odata.id": "/redfish/v1/JobService/Jobs/JID_078037756624"
        },
        {
            "@odata.id": "/redfish/v1/JobService/Jobs/JID_078038719702"
        }
    ],
    "Members@odata.count": 5,
    "Name": "JobCollection"
}