{
    "@odata.context": "/redfish/v1/$metadata#JsonSchemaFile.JsonSchemaFile",
    "@odata.id": "/redfish/v1/JsonSchemas/DellFirmwareImageHashCollection",
    "@odata.type": "#JsonSchemaFile.v1_1_4.JsonSchemaFile",
    "Description": "DellFirmwareImageHashCollection Schema File Location",
    "Id": "DellFirmwareImageHashCollection",
    "Languages": [
        "en"
    ],
    "Languages@odata.count": 1,
    "Location": [
        {
            "Language": "en",
            "PublicationUri": "http://downloads.dell.com/redfish/bmc/schemas/DellFirmwareImageHashCollection.json",
            "Uri": "/redfish/v1/Schemas/DellFirmwareImageHashCollection.json"
        }
    ],
    "Location@odata.count": 1,
    "Name": "DellFirmwareImageHashCollection Schema File",
    "Schema": "#DellFirmwareImageHashCollection.DellFirmwareImageHashCollection"
}