{
    "@odata.etag": "W/\"gen-1\"",
    "@odata.id": "/redfish/v1/Chassis/System.Embedded.1/PCIeSlots",
    "Slots": [
        {
            "HotPluggable": true,
            "Links": {
                "Processors": [],
                "Processors@odata.count": 0,
                "Oem": {
                    "Dell": {
                        "@odata.context": "/redfish/v1/$metadata#DellPCIeSlots.DellPCIeSlots",
                        "@odata.type": "#DellPCIeSlots.v1_1_0.DellPCIeSlotLinks",
                        "CPUAffinity": [],
                        "CPUAffinity@odata.count": 0
                    }
                },
                "PCIeDevice": [],
                "PCIeDevice@odata.count": 0
            },
            "Location": {
                "PartLocation": {
                    "LocationOrdinalValue": 11,
                    "LocationType": "Slot"
                }
            },
            "Oem": {
                "Dell": {
                    "@odata.type": "#DellPCIeSlots.v1_1_0.DellPCIeSlots",
                    "SlotKey": "PCIeSSD.BaySlot.11:2",
                    "@odata.context": "/redfish/v1/$metadata#DellPCIeSlots.DellPCIeSlots"
                }
            },
            "SlotType": "HalfLength",
            "Lanes": 2,
            "PCIeType": null,
            "Status": {
                "State": "Enabled"
            }
        },
        {
            "Oem": {
                "Dell": {
                    "@odata.type": "#DellPCIeSlots.v1_1_0.DellPCIeSlots",
                    "SlotKey": "PCIeSSD.BaySlot.25:4",
                    "@odata.context": "/redfish/v1/$metadata#DellPCIeSlots.DellPCIeSlots"
                }
            },
            "SlotType": "HalfLength",
            "Status": {
                "State": "Enabled"
            },
            "HotPluggable": true,
            "PCIeType": null,
            "Links": {
                "Processors": [],
                "Processors@odata.count": 0,
                "Oem": {
                    "Dell": {
                        "CPUAffinity": [],
                        "CPUAffinity@odata.count": 0,
                        "@odata.context": "/redfish/v1/$metadata#DellPCIeSlots.DellPCIeSlots",
                        "@odata.type": "#DellPCIeSlots.v1_1_0.DellPCIeSlotLinks"
                    }
                },
                "PCIeDevice": [],
                "PCIeDevice@odata.count": 0
            },
            "Location": {
                "PartLocation": {
                    "LocationOrdinalValue": 25,
                    "LocationType": "Slot"
                }
            },
            "Lanes": 2
        },
        {
            "PCIeType": null,
            "Lanes": 2,
            "SlotType": "HalfLength",
            "Status": {
                "State": "Enabled"
            },
            "Links": {
                "Oem": {
                    "Dell": {
                        "@odata.context": "/redfish/v1/$metadata#DellPCIeSlots.DellPCIeSlots",
                        "@odata.type": "#DellPCIeSlots.v1_1_0.DellPCIeSlotLinks",
                        "CPUAffinity": [],
                        "CPUAffinity@odata.count": 0
                    }
                },
                "PCIeDevice": [],
                "PCIeDevice@odata.count": 0,
                "Processors": [],
                "Processors@odata.count": 0
            },
            "HotPluggable": true,
            "Oem": {
                "Dell": {
                    "@odata.context": "/redfish/v1/$metadata#DellPCIeSlots.DellPCIeSlots",
                    "@odata.type": "#DellPCIeSlots.v1_1_0.DellPCIeSlots",
                    "SlotKey": "PCIeSSD.BaySlot.16:3"
                }
            },
            "Location": {
                "PartLocation": {
                    "LocationType": "Slot",
                    "LocationOrdinalValue": 16
                }
            }
        },
        {
            "PCIeType": null,
            "Location": {
                "PartLocation": {
                    "LocationOrdinalValue": 3,
                    "LocationType": "Slot"
                }
            },
            "Oem": {
                "Dell": {
                    "@odata.type": "#DellPCIeSlots.v1_1_0.DellPCIeSlots",
                    "SlotKey": "PCIeSSD.BaySlot.3:1",
                    "@odata.context": "/redfish/v1/$metadata#DellPCIeSlots.DellPCIeSlots"
                }
            },
            "HotPluggable": true,
            "Status": {
                "State": "Enabled"
            },
            "Lanes": 2,
            "SlotType": "HalfLength",
            "Links": {
                "PCIeDevice": [],
                "PCIeDevice@odata.count": 0,
                "Processors": [],
                "Processors@odata.count": 0,
                "Oem": {
                    "Dell": {
                        "@odata.context": "/redfish/v1/$metadata#DellPCIeSlots.DellPCIeSlots",
                        "@odata.type": "#DellPCIeSlots.v1_1_0.DellPCIeSlotLinks",
                        "CPUAffinity": [],
                        "CPUAffinity@odata.count": 0
                    }
                }
            }
        },
        {
            "Links": {
                "Oem": {
                    "Dell": {
                        "@odata.type": "#DellPCIeSlots.v1_1_0.DellPCIeSlotLinks",
                        "CPUAffinity": [],
                        "CPUAffinity@odata.count": 0,
                        "@odata.context": "/redfish/v1/$metadata#DellPCIeSlots.DellPCIeSlots"
                    }
                },
                "PCIeDevice": [],
                "PCIeDevice@odata.count": 0,
                "Processors": [],
                "Processors@odata.count": 0
            },
            "Lanes": 2,
            "Location": {
                "PartLocation": {
                    "LocationOrdinalValue": 24,
                    "LocationType": "Slot"
                }
            },
            "Status": {
                "State": "Enabled"
            },
            "PCIeType": null,
            "Oem": {
                "Dell": {
                    "SlotKey": "PCIeSSD.BaySlot.24:4",
                    "@odata.context": "/redfish/v1/$metadata#DellPCIeSlots.DellPCIeSlots",
                    "@odata.type": "#DellPCIeSlots.v1_1_0.DellPCIeSlots"
                }
            },
            "HotPluggable": true,
            "SlotType": "HalfLength"
        },
        {
            "HotPluggable": true,
            "Lanes": 2,
            "PCIeType": null,
            "Links": {
                "PCIeDevice": [],
                "PCIeDevice@odata.count": 0,
                "Processors": [],
                "Processors@odata.count": 0,
                "Oem": {
                    "Dell": {
                        "@odata.context": "/redfish/v1/$metadata#DellPCIeSlots.DellPCIeSlots",
                        "@odata.type": "#DellPCIeSlots.v1_1_0.DellPCIeSlotLinks",
                        "CPUAffinity": [],
                        "CPUAffinity@odata.count": 0
                    }
                }
            },
            "Oem": {
                "Dell": {
                    "@odata.context": "/redfish/v1/$metadata#DellPCIeSlots.DellPCIeSlots",
                    "@odata.type": "#DellPCIeSlots.v1_1_0.DellPCIeSlots",
                    "SlotKey": "PCIeSSD.BaySlot.38:5"
                }
            },
            "Location": {
                "PartLocation": {
                    "LocationOrdinalValue": 38,
                    "LocationType": "Slot"
                }
            },
            "Status": {
                "State": "Enabled"
            },
            "SlotType": "HalfLength"
        },
        {
            "Status": {
                "State": "Enabled"
            },
            "HotPluggable": true,
            "PCIeType": null,
            "Links": {
                "PCIeDevice": [],
                "PCIeDevice@odata.count": 0,
                "Processors": [],
                "Processors@odata.count": 0,
                "Oem": {
                    "Dell": {
                        "@odata.type": "#DellPCIeSlots.v1_1_0.DellPCIeSlotLinks",
                        "CPUAffinity": [],
                        "CPUAffinity@odata.count": 0,
                        "@odata.context": "/redfish/v1/$metadata#DellPCIeSlots.DellPCIeSlots"
                    }
                }
            },
            "Oem": {
                "Dell": {
                    "@odata.context": "/redfish/v1/$metadata#DellPCIeSlots.DellPCIeSlots",
                    "@odata.type": "#DellPCIeSlots.v1_1_0.DellPCIeSlots",
                    "SlotKey": "PCIeSSD.BaySlot.27:4"
                }
            },
            "SlotType": "HalfLength",
            "Lanes": 2,
            "Location": {
                "PartLocation": {
                    "LocationOrdinalValue": 27,
                    "LocationType": "Slot"
                }
            }
        },
        {
            "Location": {
                "PartLocation": {
                    "LocationType": "Slot",
                    "LocationOrdinalValue": 29
                }
            },
            "Oem": {
                "Dell": {
                    "@odata.type": "#DellPCIeSlots.v1_1_0.DellPCIeSlots",
                    "SlotKey": "PCIeSSD.BaySlot.29:4",
                    "@odata.context": "/redfish/v1/$metadata#DellPCIeSlots.DellPCIeSlots"
                }
            },
            "SlotType": "HalfLength",
            "Links": {
                "Processors": [],
                "Processors@odata.count": 0,
                "Oem": {
                    "Dell": {
                        "@odata.context": "/redfish/v1/$metadata#DellPCIeSlots.DellPCIeSlots",
                        "@odata.type": "#DellPCIeSlots.v1_1_0.DellPCIeSlotLinks",
                        "CPUAffinity": [],
                        "CPUAffinity@odata.count": 0
                    }
                },
                "PCIeDevice": [],
                "PCIeDevice@odata.count": 0
            },
            "HotPluggable": true,
            "PCIeType": null,
            "Status": {
                "State": "Enabled"
            },
            "Lanes": 2
        },
        {
            "Oem": {
                "Dell": {
                    "SlotKey": "PCIeSSD.BaySlot.21:3",
                    "@odata.context": "/redfish/v1/$metadata#DellPCIeSlots.DellPCIeSlots",
                    "@odata.type": "#DellPCIeSlots.v1_1_0.DellPCIeSlots"
                }
            },
            "Lanes": 2,
            "SlotType": "HalfLength",
            "Status": {
                "State": "Enabled"
            },
            "Links": {
                "PCIeDevice": [],
                "PCIeDevice@odata.count": 0,
                "Processors": [],
                "Processors@odata.count": 0,
                "Oem": {
                    "Dell": {
                        "@odata.type": "#DellPCIeSlots.v1_1_0.DellPCIeSlotLinks",
                        "CPUAffinity": [],
                        "CPUAffinity@odata.count": 0,
                        "@odata.context": "/redfish/v1/$metadata#DellPCIeSlots.DellPCIeSlots"
                    }
                }
            },
            "HotPluggable": true,
            "Location": {
                "PartLocation": {
                    "LocationOrdinalValue": 21,
                    "LocationType": "Slot"
                }
            },
            "PCIeType": null
        },
        {
            "SlotType": "HalfLength",
            "Status": {
                "State": "Enabled"
            },
            "Lanes": 2,
            "Location": {
                "PartLocation": {
                    "LocationOrdinalValue": 8,
                    "LocationType": "Slot"
                }
            },
            "PCIeType": null,
            "HotPluggable": true,
            "Oem": {
                "Dell": {
                    "@odata.context": "/redfish/v1/$metadata#DellPCIeSlots.DellPCIeSlots",
                    "@odata.type": "#DellPCIeSlots.v1_1_0.DellPCIeSlots",
                    "SlotKey": "PCIeSSD.BaySlot.8:2"
                }
            },
            "Links": {
                "PCIeDevice": [],
                "PCIeDevice@odata.count": 0,
                "Processors": [],
                "Processors@odata.count": 0,
                "Oem": {
                    "Dell": {
                        "CPUAffinity": [],
                        "CPUAffinity@odata.count": 0,
                        "@odata.context": "/redfish/v1/$metadata#DellPCIeSlots.DellPCIeSlots",
                        "@odata.type": "#DellPCIeSlots.v1_1_0.DellPCIeSlotLinks"
                    }
                }
            }
        },
        {
            "PCIeType": null,
            "Lanes": 2,
            "SlotType": "HalfLength",
            "Oem": {
                "Dell": {
                    "@odata.type": "#DellPCIeSlots.v1_1_0.DellPCIeSlots",
                    "SlotKey": "PCIeSSD.BaySlot.34:5",
                    "@odata.context": "/redfish/v1/$metadata#DellPCIeSlots.DellPCIeSlots"
                }
            },
            "Status": {
                "State": "Enabled"
            },
            "Links": {
                "Processors": [],
                "Processors@odata.count": 0,
                "Oem": {
                    "Dell": {
                        "@odata.type": "#DellPCIeSlots.v1_1_0.DellPCIeSlotLinks",
                        "CPUAffinity": [],
                        "CPUAffinity@odata.count": 0,
                        "@odata.context": "/redfish/v1/$metadata#DellPCIeSlots.DellPCIeSlots"
                    }
                },
                "PCIeDevice": [],
                "PCIeDevice@odata.count": 0
            },
            "Location": {
                "PartLocation": {
                    "LocationOrdinalValue": 34,
                    "LocationType": "Slot"
                }
            },
            "HotPluggable": true
        },
        {
            "Oem": {
                "Dell": {
                    "@odata.context": "/redfish/v1/$metadata#DellPCIeSlots.DellPCIeSlots",
                    "@odata.type": "#DellPCIeSlots.v1_1_0.DellPCIeSlots",
                    "SlotKey": "PCIeSSD.BaySlot.35:5"
                }
            },
            "Links": {
                "Processors": [],
                "Processors@odata.count": 0,
                "Oem": {
                    "Dell": {
                        "CPUAffinity": [],
                        "CPUAffinity@odata.count": 0,
                        "@odata.context": "/redfish/v1/$metadata#DellPCIeSlots.DellPCIeSlots",
                        "@odata.type": "#DellPCIeSlots.v1_1_0.DellPCIeSlotLinks"
                    }
                },
                "PCIeDevice": [],
                "PCIeDevice@odata.count": 0
            },
            "PCIeType": null,
            "HotPluggable": true,
            "Location": {
                "PartLocation": {
                    "LocationOrdinalValue": 35,
                    "LocationType": "Slot"
                }
            },
            "SlotType": "HalfLength",
            "Lanes": 2,
            "Status": {
                "State": "Enabled"
            }
        },
        {
            "Status": {
                "State": "Enabled"
            },
            "SlotType": "HalfLength",
            "PCIeType": null,
            "HotPluggable": true,
            "Links": {
                "Oem": {
                    "Dell": {
                        "@odata.type": "#DellPCIeSlots.v1_1_0.DellPCIeSlotLinks",
                        "CPUAffinity": [],
                        "CPUAffinity@odata.count": 0,
                        "@odata.context": "/redfish/v1/$metadata#DellPCIeSlots.DellPCIeSlots"
                    }
                },
                "PCIeDevice": [],
                "PCIeDevice@odata.count": 0,
                "Processors": [],
                "Processors@odata.count": 0
            },
            "Lanes": 2,
            "Location": {
                "PartLocation": {
                    "LocationType": "Slot",
                    "LocationOrdinalValue": 0
                }
            },
            "Oem": {
                "Dell": {
                    "SlotKey": "PCIeSSD.BaySlot.0:1",
                    "@odata.context": "/redfish/v1/$metadata#DellPCIeSlots.DellPCIeSlots",
                    "@odata.type": "#DellPCIeSlots.v1_1_0.DellPCIeSlots"
                }
            }
        },
        {
            "Status": {
                "State": "Enabled"
            },
            "HotPluggable": true,
            "Oem": {
                "Dell": {
                    "@odata.context": "/redfish/v1/$metadata#DellPCIeSlots.DellPCIeSlots",
                    "@odata.type": "#DellPCIeSlots.v1_1_0.DellPCIeSlots",
                    "SlotKey": "PCIeSSD.BaySlot.26:4"
                }
            },
            "SlotType": "HalfLength",
            "Lanes": 2,
            "PCIeType": null,
            "Links": {
                "PCIeDevice": [],
                "PCIeDevice@odata.count": 0,
                "Processors": [],
                "Processors@odata.count": 0,
                "Oem": {
                    "Dell": {
                        "@odata.context": "/redfish/v1/$metadata#DellPCIeSlots.DellPCIeSlots",
                        "@odata.type": "#DellPCIeSlots.v1_1_0.DellPCIeSlotLinks",
                        "CPUAffinity": [],
                        "CPUAffinity@odata.count": 0
                    }
                }
            },
            "Location": {
                "PartLocation": {
                    "LocationOrdinalValue": 26,
                    "LocationType": "Slot"
                }
            }
        },
        {
            "PCIeType": null,
            "HotPluggable": true,
            "SlotType": "HalfLength",
            "Status": {
                "State": "Enabled"
            },
            "Location": {
                "PartLocation": {
                    "LocationOrdinalValue": 13,
                    "LocationType": "Slot"
                }
            },
            "Lanes": 2,
            "Links": {
                "PCIeDevice": [],
                "PCIeDevice@odata.count": 0,
                "Processors": [],
                "Processors@odata.count": 0,
                "Oem": {
                    "Dell": {
                        "CPUAffinity": [],
                        "CPUAffinity@odata.count": 0,
                        "@odata.context": "/redfish/v1/$metadata#DellPCIeSlots.DellPCIeSlots",
                        "@odata.type": "#DellPCIeSlots.v1_1_0.DellPCIeSlotLinks"
                    }
                }
            },
            "Oem": {
                "Dell": {
                    "@odata.context": "/redfish/v1/$metadata#DellPCIeSlots.DellPCIeSlots",
                    "@odata.type": "#DellPCIeSlots.v1_1_0.DellPCIeSlots",
                    "SlotKey": "PCIeSSD.BaySlot.13:2"
                }
            }
        },
        {
            "Links": {
                "Oem": {
                    "Dell": {
                        "@odata.context": "/redfish/v1/$metadata#DellPCIeSlots.DellPCIeSlots",
                        "@odata.type": "#DellPCIeSlots.v1_1_0.DellPCIeSlotLinks",
                        "CPUAffinity": [],
                        "CPUAffinity@odata.count": 0
                    }
                },
                "PCIeDevice": [],
                "PCIeDevice@odata.count": 0,
                "Processors": [],
                "Processors@odata.count": 0
            },
            "SlotType": "HalfLength",
            "HotPluggable": true,
            "Location": {
                "PartLocation": {
                    "LocationOrdinalValue": 19,
                    "LocationType": "Slot"
                }
            },
            "Oem": {
                "Dell": {
                    "@odata.type": "#DellPCIeSlots.v1_1_0.DellPCIeSlots",
                    "SlotKey": "PCIeSSD.BaySlot.19:3",
                    "@odata.context": "/redfish/v1/$metadata#DellPCIeSlots.DellPCIeSlots"
                }
            },
            "Lanes": 2,
            "Status": {
                "State": "Enabled"
            },
            "PCIeType": null
        },
        {
            "Oem": {
                "Dell": {
                    "@odata.context": "/redfish/v1/$metadata#DellPCIeSlots.DellPCIeSlots",
                    "@odata.type": "#DellPCIeSlots.v1_1_0.DellPCIeSlots",
                    "SlotKey": "PCIeSSD.BaySlot.36:5"
                }
            },
            "PCIeType": null,
            "SlotType": "HalfLength",
            "HotPluggable": true,
            "Links": {
                "PCIeDevice": [],
                "PCIeDevice@odata.count": 0,
                "Processors": [],
                "Processors@odata.count": 0,
                "Oem": {
                    "Dell": {
                        "@odata.context": "/redfish/v1/$metadata#DellPCIeSlots.DellPCIeSlots",
                        "@odata.type": "#DellPCIeSlots.v1_1_0.DellPCIeSlotLinks",
                        "CPUAffinity": [],
                        "CPUAffinity@odata.count": 0
                    }
                }
            },
            "Location": {
                "PartLocation": {
                    "LocationOrdinalValue": 36,
                    "LocationType": "Slot"
                }
            },
            "Status": {
                "State": "Enabled"
            },
            "Lanes": 2
        },
        {
            "SlotType": "HalfLength",
            "Status": {
                "State": "Enabled"
            },
            "Lanes": 16,
            "Location": {
                "PartLocation": {
                    "LocationOrdinalValue": 3,
                    "LocationType": "Slot"
                }
            },
            "HotPluggable": false,
            "PCIeType": "Gen5",
            "Oem": {
                "Dell": {
                    "@odata.context": "/redfish/v1/$metadata#DellPCIeSlots.DellPCIeSlots",
                    "@odata.type": "#DellPCIeSlots.v1_1_0.DellPCIeSlots",
                    "SlotKey": "PCIe.Slot.3"
                }
            },
            "Links": {
                "PCIeDevice": [],
                "PCIeDevice@odata.count": 0,
                "Processors": [
                    {
                        "@odata.id": "/redfish/v1/Systems/System.Embedded.1/Processors/CPU.Socket.1"
                    }
                ],
                "Processors@odata.count": 1,
                "Oem": {
                    "Dell": {
                        "@odata.context": "/redfish/v1/$metadata#DellPCIeSlots.DellPCIeSlots",
                        "@odata.type": "#DellPCIeSlots.v1_1_0.DellPCIeSlotLinks",
                        "CPUAffinity": [
                            {
                                "@odata.id": "/redfish/v1/Systems/System.Embedded.1/Processors/CPU.Socket.1"
                            }
                        ],
                        "CPUAffinity@odata.count": 1
                    }
                }
            }
        },
        {
            "Location": {
                "PartLocation": {
                    "LocationType": "Slot",
                    "LocationOrdinalValue": 18
                }
            },
            "PCIeType": null,
            "Oem": {
                "Dell": {
                    "@odata.context": "/redfish/v1/$metadata#DellPCIeSlots.DellPCIeSlots",
                    "@odata.type": "#DellPCIeSlots.v1_1_0.DellPCIeSlots",
                    "SlotKey": "PCIeSSD.BaySlot.18:3"
                }
            },
            "SlotType": "HalfLength",
            "Links": {
                "Processors": [],
                "Processors@odata.count": 0,
                "Oem": {
                    "Dell": {
                        "@odata.context": "/redfish/v1/$metadata#DellPCIeSlots.DellPCIeSlots",
                        "@odata.type": "#DellPCIeSlots.v1_1_0.DellPCIeSlotLinks",
                        "CPUAffinity": [],
                        "CPUAffinity@odata.count": 0
                    }
                },
                "PCIeDevice": [],
                "PCIeDevice@odata.count": 0
            },
            "Lanes": 2,
            "HotPluggable": true,
            "Status": {
                "State": "Enabled"
            }
        },
        {
            "Links": {
                "Processors": [],
                "Processors@odata.count": 0,
                "Oem": {
                    "Dell": {
                        "@odata.type": "#DellPCIeSlots.v1_1_0.DellPCIeSlotLinks",
                        "CPUAffinity": [],
                        "CPUAffinity@odata.count": 0,
                        "@odata.context": "/redfish/v1/$metadata#DellPCIeSlots.DellPCIeSlots"
                    }
                },
                "PCIeDevice": [],
                "PCIeDevice@odata.count": 0
            },
            "Oem": {
                "Dell": {
                    "@odata.type": "#DellPCIeSlots.v1_1_0.DellPCIeSlots",
                    "SlotKey": "PCIeSSD.BaySlot.28:4",
                    "@odata.context": "/redfish/v1/$metadata#DellPCIeSlots.DellPCIeSlots"
                }
            },
            "Status": {
                "State": "Enabled"
            },
            "Location": {
                "PartLocation": {
                    "LocationOrdinalValue": 28,
                    "LocationType": "Slot"
                }
            },
            "PCIeType": null,
            "SlotType": "HalfLength",
            "Lanes": 2,
            "HotPluggable": true
        },
        {
            "SlotType": "HalfLength",
            "Oem": {
                "Dell": {
                    "SlotKey": "PCIeSSD.BaySlot.4:1",
                    "@odata.context": "/redfish/v1/$metadata#DellPCIeSlots.DellPCIeSlots",
                    "@odata.type": "#DellPCIeSlots.v1_1_0.DellPCIeSlots"
                }
            },
            "Status": {
                "State": "Enabled"
            },
            "PCIeType": null,
            "Location": {
                "PartLocation": {
                    "LocationOrdinalValue": 4,
                    "LocationType": "Slot"
                }
            },
            "HotPluggable": true,
            "Lanes": 2,
            "Links": {
                "PCIeDevice": [],
                "PCIeDevice@odata.count": 0,
                "Processors": [],
                "Processors@odata.count": 0,
                "Oem": {
                    "Dell": {
                        "@odata.context": "/redfish/v1/$metadata#DellPCIeSlots.DellPCIeSlots",
                        "@odata.type": "#DellPCIeSlots.v1_1_0.DellPCIeSlotLinks",
                        "CPUAffinity": [],
                        "CPUAffinity@odata.count": 0
                    }
                }
            }
        },
        {
            "Lanes": 2,
            "HotPluggable": true,
            "Links": {
                "Oem": {
                    "Dell": {
                        "CPUAffinity": [],
                        "CPUAffinity@odata.count": 0,
                        "@odata.context": "/redfish/v1/$metadata#DellPCIeSlots.DellPCIeSlots",
                        "@odata.type": "#DellPCIeSlots.v1_1_0.DellPCIeSlotLinks"
                    }
                },
                "PCIeDevice": [],
                "PCIeDevice@odata.count": 0,
                "Processors": [],
                "Processors@odata.count": 0
            },
            "Oem": {
                "Dell": {
                    "SlotKey": "PCIeSSD.BaySlot.31:4",
                    "@odata.context": "/redfish/v1/$metadata#DellPCIeSlots.DellPCIeSlots",
                    "@odata.type": "#DellPCIeSlots.v1_1_0.DellPCIeSlots"
                }
            },
            "SlotType": "HalfLength",
            "Location": {
                "PartLocation": {
                    "LocationOrdinalValue": 31,
                    "LocationType": "Slot"
                }
            },
            "Status": {
                "State": "Enabled"
            },
            "PCIeType": null
        },
        {
            "Lanes": 2,
            "PCIeType": null,
            "SlotType": "HalfLength",
            "Oem": {
                "Dell": {
                    "@odata.context": "/redfish/v1/$metadata#DellPCIeSlots.DellPCIeSlots",
                    "@odata.type": "#DellPCIeSlots.v1_1_0.DellPCIeSlots",
                    "SlotKey": "PCIeSSD.BaySlot.5:1"
                }
            },
            "Links": {
                "Processors": [],
                "Processors@odata.count": 0,
                "Oem": {
                    "Dell": {
                        "CPUAffinity": [],
                        "CPUAffinity@odata.count": 0,
                        "@odata.context": "/redfish/v1/$metadata#DellPCIeSlots.DellPCIeSlots",
                        "@odata.type": "#DellPCIeSlots.v1_1_0.DellPCIeSlotLinks"
                    }
                },
                "PCIeDevice": [],
                "PCIeDevice@odata.count": 0
            },
            "Location": {
                "PartLocation": {
                    "LocationOrdinalValue": 5,
                    "LocationType": "Slot"
                }
            },
            "HotPluggable": true,
            "Status": {
                "State": "Enabled"
            }
        },
        {
            "SlotType": "HalfLength",
            "Status": {
                "State": "Enabled"
            },
            "Lanes": 2,
            "HotPluggable": true,
            "Oem": {
                "Dell": {
                    "SlotKey": "PCIeSSD.BaySlot.7:1",
                    "@odata.context": "/redfish/v1/$metadata#DellPCIeSlots.DellPCIeSlots",
                    "@odata.type": "#DellPCIeSlots.v1_1_0.DellPCIeSlots"
                }
            },
            "PCIeType": null,
            "Links": {
                "Oem": {
                    "Dell": {
                        "@odata.context": "/redfish/v1/$metadata#DellPCIeSlots.DellPCIeSlots",
                        "@odata.type": "#DellPCIeSlots.v1_1_0.DellPCIeSlotLinks",
                        "CPUAffinity": [],
                        "CPUAffinity@odata.count": 0
                    }
                },
                "PCIeDevice": [],
                "PCIeDevice@odata.count": 0,
                "Processors": [],
                "Processors@odata.count": 0
            },
            "Location": {
                "PartLocation": {
                    "LocationOrdinalValue": 7,
                    "LocationType": "Slot"
                }
            }
        },
        {
            "Status": {
                "State": "Enabled"
            },
            "Links": {
                "Oem": {
                    "Dell": {
                        "CPUAffinity": [],
                        "CPUAffinity@odata.count": 0,
                        "@odata.context": "/redfish/v1/$metadata#DellPCIeSlots.DellPCIeSlots",
                        "@odata.type": "#DellPCIeSlots.v1_1_0.DellPCIeSlotLinks"
                    }
                },
                "PCIeDevice": [],
                "PCIeDevice@odata.count": 0,
                "Processors": [],
                "Processors@odata.count": 0
            },
            "HotPluggable": true,
            "PCIeType": null,
            "Lanes": 2,
            "Location": {
                "PartLocation": {
                    "LocationType": "Slot",
                    "LocationOrdinalValue": 15
                }
            },
            "SlotType": "HalfLength",
            "Oem": {
                "Dell": {
                    "SlotKey": "PCIeSSD.BaySlot.15:2",
                    "@odata.context": "/redfish/v1/$metadata#DellPCIeSlots.DellPCIeSlots",
                    "@odata.type": "#DellPCIeSlots.v1_1_0.DellPCIeSlots"
                }
            }
        },
        {
            "Lanes": 2,
            "SlotType": "HalfLength",
            "Status": {
                "State": "Enabled"
            },
            "PCIeType": null,
            "Location": {
                "PartLocation": {
                    "LocationOrdinalValue": 17,
                    "LocationType": "Slot"
                }
            },
            "HotPluggable": true,
            "Links": {
                "Oem": {
                    "Dell": {
                        "@odata.context": "/redfish/v1/$metadata#DellPCIeSlots.DellPCIeSlots",
                        "@odata.type": "#DellPCIeSlots.v1_1_0.DellPCIeSlotLinks",
                        "CPUAffinity": [],
                        "CPUAffinity@odata.count": 0
                    }
                },
                "PCIeDevice": [],
                "PCIeDevice@odata.count": 0,
                "Processors": [],
                "Processors@odata.count": 0
            },
            "Oem": {
                "Dell": {
                    "@odata.type": "#DellPCIeSlots.v1_1_0.DellPCIeSlots",
                    "SlotKey": "PCIeSSD.BaySlot.17:3",
                    "@odata.context": "/redfish/v1/$metadata#DellPCIeSlots.DellPCIeSlots"
                }
            }
        },
        {
            "Oem": {
                "Dell": {
                    "@odata.type": "#DellPCIeSlots.v1_1_0.DellPCIeSlots",
                    "SlotKey": "PCIeSSD.BaySlot.2:1",
                    "@odata.context": "/redfish/v1/$metadata#DellPCIeSlots.DellPCIeSlots"
                }
            },
            "SlotType": "HalfLength",
            "Lanes": 2,
            "PCIeType": null,
            "Links": {
                "PCIeDevice": [],
                "PCIeDevice@odata.count": 0,
                "Processors": [],
                "Processors@odata.count": 0,
                "Oem": {
                    "Dell": {
                        "@odata.type": "#DellPCIeSlots.v1_1_0.DellPCIeSlotLinks",
                        "CPUAffinity": [],
                        "CPUAffinity@odata.count": 0,
                        "@odata.context": "/redfish/v1/$metadata#DellPCIeSlots.DellPCIeSlots"
                    }
                }
            },
            "HotPluggable": true,
            "Status": {
                "State": "Enabled"
            },
            "Location": {
                "PartLocation": {
                    "LocationType": "Slot",
                    "LocationOrdinalValue": 2
                }
            }
        },
        {
            "HotPluggable": true,
            "Links": {
                "Oem": {
                    "Dell": {
                        "CPUAffinity": [],
                        "CPUAffinity@odata.count": 0,
                        "@odata.context": "/redfish/v1/$metadata#DellPCIeSlots.DellPCIeSlots",
                        "@odata.type": "#DellPCIeSlots.v1_1_0.DellPCIeSlotLinks"
                    }
                },
                "PCIeDevice": [],
                "PCIeDevice@odata.count": 0,
                "Processors": [],
                "Processors@odata.count": 0
            },
            "Location": {
                "PartLocation": {
                    "LocationOrdinalValue": 22,
                    "LocationType": "Slot"
                }
            },
            "SlotType": "HalfLength",
            "Oem": {
                "Dell": {
                    "SlotKey": "PCIeSSD.BaySlot.22:3",
                    "@odata.context": "/redfish/v1/$metadata#DellPCIeSlots.DellPCIeSlots",
                    "@odata.type": "#DellPCIeSlots.v1_1_0.DellPCIeSlots"
                }
            },
            "PCIeType": null,
            "Status": {
                "State": "Enabled"
            },
            "Lanes": 2
        },
        {
            "HotPluggable": true,
            "PCIeType": null,
            "Status": {
                "State": "Enabled"
            },
            "Oem": {
                "Dell": {
                    "SlotKey": "PCIeSSD.BaySlot.14:2",
                    "@odata.context": "/redfish/v1/$metadata#DellPCIeSlots.DellPCIeSlots",
                    "@odata.type": "#DellPCIeSlots.v1_1_0.DellPCIeSlots"
                }
            },
            "Lanes": 2,
            "SlotType": "HalfLength",
            "Links": {
                "PCIeDevice": [],
                "PCIeDevice@odata.count": 0,
                "Processors": [],
                "Processors@odata.count": 0,
                "Oem": {
                    "Dell": {
                        "@odata.type": "#DellPCIeSlots.v1_1_0.DellPCIeSlotLinks",
                        "CPUAffinity": [],
                        "CPUAffinity@odata.count": 0,
                        "@odata.context": "/redfish/v1/$metadata#DellPCIeSlots.DellPCIeSlots"
                    }
                }
            },
            "Location": {
                "PartLocation": {
                    "LocationOrdinalValue": 14,
                    "LocationType": "Slot"
                }
            }
        },
        {
            "Status": {
                "State": "Enabled"
            },
            "SlotType": "HalfLength",
            "Links": {
                "Oem": {
                    "Dell": {
                        "@odata.type": "#DellPCIeSlots.v1_1_0.DellPCIeSlotLinks",
                        "CPUAffinity": [],
                        "CPUAffinity@odata.count": 0,
                        "@odata.context": "/redfish/v1/$metadata#DellPCIeSlots.DellPCIeSlots"
                    }
                },
                "PCIeDevice": [],
                "PCIeDevice@odata.count": 0,
                "Processors": [],
                "Processors@odata.count": 0
            },
            "Oem": {
                "Dell": {
                    "@odata.context": "/redfish/v1/$metadata#DellPCIeSlots.DellPCIeSlots",
                    "@odata.type": "#DellPCIeSlots.v1_1_0.DellPCIeSlots",
                    "SlotKey": "PCIeSSD.BaySlot.33:5"
                }
            },
            "Lanes": 2,
            "PCIeType": null,
            "Location": {
                "PartLocation": {
                    "LocationOrdinalValue": 33,
                    "LocationType": "Slot"
                }
            },
            "HotPluggable": true
        },
        {
            "Lanes": 2,
            "Links": {
                "PCIeDevice": [],
                "PCIeDevice@odata.count": 0,
                "Processors": [],
                "Processors@odata.count": 0,
                "Oem": {
                    "Dell": {
                        "@odata.context": "/redfish/v1/$metadata#DellPCIeSlots.DellPCIeSlots",
                        "@odata.type": "#DellPCIeSlots.v1_1_0.DellPCIeSlotLinks",
                        "CPUAffinity": [],
                        "CPUAffinity@odata.count": 0
                    }
                }
            },
            "Status": {
                "State": "Enabled"
            },
            "Oem": {
                "Dell": {
                    "@odata.type": "#DellPCIeSlots.v1_1_0.DellPCIeSlots",
                    "SlotKey": "PCIeSSD.BaySlot.9:2",
                    "@odata.context": "/redfish/v1/$metadata#DellPCIeSlots.DellPCIeSlots"
                }
            },
            "Location": {
                "PartLocation": {
                    "LocationType": "Slot",
                    "LocationOrdinalValue": 9
                }
            },
            "SlotType": "HalfLength",
            "HotPluggable": true,
            "PCIeType": null
        },
        {
            "Links": {
                "Processors": [],
                "Processors@odata.count": 0,
                "Oem": {
                    "Dell": {
                        "CPUAffinity": [],
                        "CPUAffinity@odata.count": 0,
                        "@odata.context": "/redfish/v1/$metadata#DellPCIeSlots.DellPCIeSlots",
                        "@odata.type": "#DellPCIeSlots.v1_1_0.DellPCIeSlotLinks"
                    }
                },
                "PCIeDevice": [],
                "PCIeDevice@odata.count": 0
            },
            "PCIeType": null,
            "HotPluggable": true,
            "Lanes": 2,
            "SlotType": "HalfLength",
            "Oem": {
                "Dell": {
                    "@odata.type": "#DellPCIeSlots.v1_1_0.DellPCIeSlots",
                    "SlotKey": "PCIeSSD.BaySlot.30:4",
                    "@odata.context": "/redfish/v1/$metadata#DellPCIeSlots.DellPCIeSlots"
                }
            },
            "Status": {
                "State": "Enabled"
            },
            "Location": {
                "PartLocation": {
                    "LocationOrdinalValue": 30,
                    "LocationType": "Slot"
                }
            }
        },
        {
            "Oem": {
                "Dell": {
                    "@odata.context": "/redfish/v1/$metadata#DellPCIeSlots.DellPCIeSlots",
                    "@odata.type": "#DellPCIeSlots.v1_1_0.DellPCIeSlots",
                    "SlotKey": "PCIeSSD.BaySlot.32:5"
                }
            },
            "HotPluggable": true,
            "Lanes": 2,
            "SlotType": "HalfLength",
            "Links": {
                "Processors": [],
                "Processors@odata.count": 0,
                "Oem": {
                    "Dell": {
                        "CPUAffinity": [],
                        "CPUAffinity@odata.count": 0,
                        "@odata.context": "/redfish/v1/$metadata#DellPCIeSlots.DellPCIeSlots",
                        "@odata.type": "#DellPCIeSlots.v1_1_0.DellPCIeSlotLinks"
                    }
                },
                "PCIeDevice": [],
                "PCIeDevice@odata.count": 0
            },
            "Status": {
                "State": "Enabled"
            },
            "Location": {
                "PartLocation": {
                    "LocationOrdinalValue": 32,
                    "LocationType": "Slot"
                }
            },
            "PCIeType": null
        },
        {
            "SlotType": "HalfLength",
            "HotPluggable": true,
            "Links": {
                "Oem": {
                    "Dell": {
                        "CPUAffinity": [],
                        "CPUAffinity@odata.count": 0,
                        "@odata.context": "/redfish/v1/$metadata#DellPCIeSlots.DellPCIeSlots",
                        "@odata.type": "#DellPCIeSlots.v1_1_0.DellPCIeSlotLinks"
                    }
                },
                "PCIeDevice": [],
                "PCIeDevice@odata.count": 0,
                "Processors": [],
                "Processors@odata.count": 0
            },
            "Oem": {
                "Dell": {
                    "@odata.type": "#DellPCIeSlots.v1_1_0.DellPCIeSlots",
                    "SlotKey": "PCIeSSD.BaySlot.39:5",
                    "@odata.context": "/redfish/v1/$metadata#DellPCIeSlots.DellPCIeSlots"
                }
            },
            "Lanes": 2,
            "Status": {
                "State": "Enabled"
            },
            "Location": {
                "PartLocation": {
                    "LocationOrdinalValue": 39,
                    "LocationType": "Slot"
                }
            },
            "PCIeType": null
        },
        {
            "Links": {
                "Oem": {
                    "Dell": {
                        "@odata.type": "#DellPCIeSlots.v1_1_0.DellPCIeSlotLinks",
                        "CPUAffinity": [],
                        "CPUAffinity@odata.count": 0,
                        "@odata.context": "/redfish/v1/$metadata#DellPCIeSlots.DellPCIeSlots"
                    }
                },
                "PCIeDevice": [],
                "PCIeDevice@odata.count": 0,
                "Processors": [],
                "Processors@odata.count": 0
            },
            "Lanes": 2,
            "SlotType": "HalfLength",
            "PCIeType": null,
            "Location": {
                "PartLocation": {
                    "LocationOrdinalValue": 6,
                    "LocationType": "Slot"
                }
            },
            "Oem": {
                "Dell": {
                    "SlotKey": "PCIeSSD.BaySlot.6:1",
                    "@odata.context": "/redfish/v1/$metadata#DellPCIeSlots.DellPCIeSlots",
                    "@odata.type": "#DellPCIeSlots.v1_1_0.DellPCIeSlots"
                }
            },
            "Status": {
                "State": "Enabled"
            },
            "HotPluggable": true
        },
        {
            "Status": {
                "State": "Enabled"
            },
            "Location": {
                "PartLocation": {
                    "LocationType": "Slot",
                    "LocationOrdinalValue": 10
                }
            },
            "PCIeType": null,
            "SlotType": "HalfLength",
            "HotPluggable": true,
            "Lanes": 2,
            "Links": {
                "Oem": {
                    "Dell": {
                        "CPUAffinity": [],
                        "CPUAffinity@odata.count": 0,
                        "@odata.context": "/redfish/v1/$metadata#DellPCIeSlots.DellPCIeSlots",
                        "@odata.type": "#DellPCIeSlots.v1_1_0.DellPCIeSlotLinks"
                    }
                },
                "PCIeDevice": [],
                "PCIeDevice@odata.count": 0,
                "Processors": [],
                "Processors@odata.count": 0
            },
            "Oem": {
                "Dell": {
                    "@odata.type": "#DellPCIeSlots.v1_1_0.DellPCIeSlots",
                    "SlotKey": "PCIeSSD.BaySlot.10:2",
                    "@odata.context": "/redfish/v1/$metadata#DellPCIeSlots.DellPCIeSlots"
                }
            }
        },
        {
            "Oem": {
                "Dell": {
                    "@odata.context": "/redfish/v1/$metadata#DellPCIeSlots.DellPCIeSlots",
                    "@odata.type": "#DellPCIeSlots.v1_1_0.DellPCIeSlots",
                    "SlotKey": "PCIeSSD.BaySlot.12:2"
                }
            },
            "HotPluggable": true,
            "Location": {
                "PartLocation": {
                    "LocationOrdinalValue": 12,
                    "LocationType": "Slot"
                }
            },
            "Status": {
                "State": "Enabled"
            },
            "SlotType": "HalfLength",
            "Lanes": 2,
            "PCIeType": null,
            "Links": {
                "Oem": {
                    "Dell": {
                        "@odata.context": "/redfish/v1/$metadata#DellPCIeSlots.DellPCIeSlots",
                        "@odata.type": "#DellPCIeSlots.v1_1_0.DellPCIeSlotLinks",
                        "CPUAffinity": [],
                        "CPUAffinity@odata.count": 0
                    }
                },
                "PCIeDevice": [],
                "PCIeDevice@odata.count": 0,
                "Processors": [],
                "Processors@odata.count": 0
            }
        },
        {
            "Location": {
                "PartLocation": {
                    "LocationType": "Slot",
                    "LocationOrdinalValue": 20
                }
            },
            "PCIeType": null,
            "Links": {
                "Processors": [],
                "Processors@odata.count": 0,
                "Oem": {
                    "Dell": {
                        "@odata.context": "/redfish/v1/$metadata#DellPCIeSlots.DellPCIeSlots",
                        "@odata.type": "#DellPCIeSlots.v1_1_0.DellPCIeSlotLinks",
                        "CPUAffinity": [],
                        "CPUAffinity@odata.count": 0
                    }
                },
                "PCIeDevice": [],
                "PCIeDevice@odata.count": 0
            },
            "HotPluggable": true,
            "Status": {
                "State": "Enabled"
            },
            "Oem": {
                "Dell": {
                    "SlotKey": "PCIeSSD.BaySlot.20:3",
                    "@odata.context": "/redfish/v1/$metadata#DellPCIeSlots.DellPCIeSlots",
                    "@odata.type": "#DellPCIeSlots.v1_1_0.DellPCIeSlots"
                }
            },
            "SlotType": "HalfLength",
            "Lanes": 2
        },
        {
            "Oem": {
                "Dell": {
                    "SlotKey": "PCIeSSD.BaySlot.37:5",
                    "@odata.context": "/redfish/v1/$metadata#DellPCIeSlots.DellPCIeSlots",
                    "@odata.type": "#DellPCIeSlots.v1_1_0.DellPCIeSlots"
                }
            },
            "Lanes": 2,
            "SlotType": "HalfLength",
            "Links": {
                "Oem": {
                    "Dell": {
                        "@odata.type": "#DellPCIeSlots.v1_1_0.DellPCIeSlotLinks",
                        "CPUAffinity": [],
                        "CPUAffinity@odata.count": 0,
                        "@odata.context": "/redfish/v1/$metadata#DellPCIeSlots.DellPCIeSlots"
                    }
                },
                "PCIeDevice": [],
                "PCIeDevice@odata.count": 0,
                "Processors": [],
                "Processors@odata.count": 0
            },
            "HotPluggable": true,
            "PCIeType": null,
            "Status": {
                "State": "Enabled"
            },
            "Location": {
                "PartLocation": {
                    "LocationOrdinalValue": 37,
                    "LocationType": "Slot"
                }
            }
        },
        {
            "Oem": {
                "Dell": {
                    "@odata.type": "#DellPCIeSlots.v1_1_0.DellPCIeSlots",
                    "SlotKey": "PCIe.Slot.10",
                    "@odata.context": "/redfish/v1/$metadata#DellPCIeSlots.DellPCIeSlots"
                }
            },
            "Links": {
                "PCIeDevice": [
                    {
                        "@odata.id": "/redfish/v1/Chassis/System.Embedded.1/PCIeDevices/1-153-0"
                    }
                ],
                "PCIeDevice@odata.count": 1,
                "Processors": [
                    {
                        "@odata.id": "/redfish/v1/Systems/System.Embedded.1/Processors/CPU.Socket.1"
                    }
                ],
                "Processors@odata.count": 1,
                "Oem": {
                    "Dell": {
                        "@odata.type": "#DellPCIeSlots.v1_1_0.DellPCIeSlotLinks",
                        "CPUAffinity": [
                            {
                                "@odata.id": "/redfish/v1/Systems/System.Embedded.1/Processors/CPU.Socket.1"
                            }
                        ],
                        "CPUAffinity@odata.count": 1,
                        "@odata.context": "/redfish/v1/$metadata#DellPCIeSlots.DellPCIeSlots"
                    }
                }
            },
            "Status": {
                "State": "Enabled"
            },
            "PCIeType": null,
            "Location": {
                "PartLocation": {
                    "LocationType": "Slot",
                    "LocationOrdinalValue": 10
                }
            },
            "Lanes": 4,
            "HotPluggable": false,
            "SlotType": "OCP3Small"
        },
        {
            "HotPluggable": true,
            "Oem": {
                "Dell": {
                    "@odata.type": "#DellPCIeSlots.v1_1_0.DellPCIeSlots",
                    "SlotKey": "PCIeSSD.BaySlot.23:3",
                    "@odata.context": "/redfish/v1/$metadata#DellPCIeSlots.DellPCIeSlots"
                }
            },
            "Location": {
                "PartLocation": {
                    "LocationOrdinalValue": 23,
                    "LocationType": "Slot"
                }
            },
            "Lanes": 2,
            "SlotType": "HalfLength",
            "Status": {
                "State": "Enabled"
            },
            "Links": {
                "Oem": {
                    "Dell": {
                        "@odata.context": "/redfish/v1/$metadata#DellPCIeSlots.DellPCIeSlots",
                        "@odata.type": "#DellPCIeSlots.v1_1_0.DellPCIeSlotLinks",
                        "CPUAffinity": [],
                        "CPUAffinity@odata.count": 0
                    }
                },
                "PCIeDevice": [],
                "PCIeDevice@odata.count": 0,
                "Processors": [],
                "Processors@odata.count": 0
            },
            "PCIeType": null
        },
        {
            "Location": {
                "PartLocation": {
                    "LocationOrdinalValue": 1,
                    "LocationType": "Slot"
                }
            },
            "Oem": {
                "Dell": {
                    "@odata.context": "/redfish/v1/$metadata#DellPCIeSlots.DellPCIeSlots",
                    "@odata.type": "#DellPCIeSlots.v1_1_0.DellPCIeSlots",
                    "SlotKey": "PCIeSSD.BaySlot.1:1"
                }
            },
            "SlotType": "HalfLength",
            "PCIeType": null,
            "HotPluggable": true,
            "Lanes": 2,
            "Status": {
                "State": "Enabled"
            },
            "Links": {
                "Oem": {
                    "Dell": {
                        "@odata.context": "/redfish/v1/$metadata#DellPCIeSlots.DellPCIeSlots",
                        "@odata.type": "#DellPCIeSlots.v1_1_0.DellPCIeSlotLinks",
                        "CPUAffinity": [],
                        "CPUAffinity@odata.count": 0
                    }
                },
                "PCIeDevice": [],
                "PCIeDevice@odata.count": 0,
                "Processors": [],
                "Processors@odata.count": 0
            }
        }
    ],
    "Slots@odata.count": 42,
    "@odata.context": "/redfish/v1/$metadata#PCIeSlots.PCIeSlots",
    "@odata.type": "#PCIeSlots.v1_6_1.PCIeSlots",
    "Name": "PCIeSlots",
    "Description": "This Resource shall represent a set of PCIe slot information.",
    "Id": "PCIeSlots"
}