{
    "@odata.id": "/redfish/v1/JobService/Jobs/JID_615621922581",
    "@odata.type": "#Job.v1_2_4.Job",
    "Id": "JID_615621922581",
    "Description": "Represent a job in Redfish",
    "JobStatus": "OK",
    "@odata.etag": "W/\"gen-2\"",
    "EndTime": "2025-10-27T05:50:28-05:00",
    "Name": "Export Configuration",
    "Oem": {
        "Dell": {
            "ActualRunningStartTime": "2025-10-27T05:49:52",
            "ActualRunningStopTime": "2025-10-27T05:50:28",
            "JobType": "ExportConfiguration",
            "OemJobState": "Completed",
            "UntilTime": null,
            "@odata.context": "/redfish/v1/$metadata#DellOemJob.DellOemJob",
            "@odata.type": "#DellOemJob.v1_0_0.DellOemJob"
        }
    },
    "MaxExecutionTime": "PT2H",
    "StartTime": "2025-10-27T05:49:52-05:00",
    "PercentComplete": 100,
    "JobState": "Completed",
    "Messages": [
        {
            "Message": "Successfully exported Server Configuration Profile",
            "MessageArgs": [],
            "MessageArgs@odata.count": 1,
            "MessageId": "IDRAC.2.14.SYS043"
        }
    ],
    "Messages@odata.count": 1,
    "@odata.context": "/redfish/v1/$metadata#Job.Job"
}