{
    "@odata.context": "/redfish/v1/$metadata#JsonSchemaFile.JsonSchemaFile",
    "@odata.id": "/redfish/v1/JsonSchemas/DellCertificateStoreCollection",
    "@odata.type": "#JsonSchemaFile.v1_1_4.JsonSchemaFile",
    "Description": "DellCertificateStoreCollection Schema File Location",
    "Id": "DellCertificateStoreCollection",
    "Languages": [
        "en"
    ],
    "Languages@odata.count": 1,
    "Location": [
        {
            "Language": "en",
            "PublicationUri": "http://downloads.dell.com/redfish/bmc/schemas/DellCertificateStoreCollection.json",
            "Uri": "/redfish/v1/Schemas/DellCertificateStoreCollection.json"
        }
    ],
    "Location@odata.count": 1,
    "Name": "DellCertificateStoreCollection Schema File",
    "Schema": "#DellCertificateStoreCollection.DellCertificateStoreCollection"
}