{
    "@odata.context": "/redfish/v1/$metadata#DellPCIeSSDBackPlane.DellPCIeSSDBackPlane",
    "@odata.id": "/redfish/v1/Chassis/System.Embedded.1/Oem/Dell/DellPCIeSSDBackPlanes/Enclosure.Internal.0-5",
    "@odata.type": "#DellPCIeSSDBackPlane.v1_3_0.DellPCIeSSDBackPlane",
    "Description": "An instance of DellPCIeSSDBackPlane will have PCIeSSD back plane specific data.",
    "FirmwareVersion": "1.77",
    "Id": "Enclosure.Internal.0-5",
    "Name": "DellPCIeSSDBackPlane",
    "PCIExpressGeneration": "Gen 5",
    "SlotCount": 8,
    "WiredOrder": 5
}