{
    "@odata.context": "/redfish/v1/$metadata#DellNIC.DellNIC",
    "@odata.id": "/redfish/v1/Chassis/System.Embedded.1/NetworkAdapters/NIC.Integrated.1/NetworkDeviceFunctions/NIC.Integrated.1-2-1/Oem/Dell/DellNIC/NIC.Integrated.1-2-1",
    "@odata.type": "#DellNIC.v1_7_0.DellNIC",
    "BusNumber": 61,
    "CableLengthMetres": null,
    "ControllerBIOSVersion": "229.2.75.0",
    "DataBusWidth": "Unknown",
    "Description": "An instance of DellNIC will have NIC device specific data.",
    "DeviceDescription": "Integrated NIC 1 Port 2 Partition 1",
    "EFIVersion": "229.2.64.0",
    "FCOSDriverVersion": null,
    "FCoEOSDriverVersion": null,
    "FCoEOffloadMode": "Unknown",
    "FQDD": "NIC.Integrated.1-2-1",
    "FamilyVersion": "22.92.07.50",
    "ISCSIOSDriverVersion": null,
    "Id": "NIC.Integrated.1-2-1",
    "IdentifierType": null,
    "InstanceID": "NIC.Integrated.1-2-1",
    "LANDriverVersion": "222.0.155 ",
    "LastSystemInventoryTime": "2025-02-12T19:37:11+00:00",
    "LastUpdateTime": "2024-08-16T10:10:51+00:00",
    "LinkDuplex": "Unknown",
    "MaxBandwidthPercent": 100,
    "MediaType": "SFF_CAGE",
    "MinBandwidthPercent": 0,
    "Name": "DellNIC",
    "NicMode": "Enabled",
    "PCIDeviceID": "16d7",
    "PCISubDeviceID": "4145",
    "PCISubVendorID": "14e4",
    "PCIVendorID": "14e4",
    "PartNumber": "024FG6",
    "PermanentFCOEMACAddress": null,
    "PermanentFIPAddress": null,
    "PermanentiSCSIMACAddress": null,
    "ProductName": "Broadcom Adv. Dual 25Gb Ethernet - 14:23:F2:E7:C8:81",
    "Protocol": "NIC",
    "RDMAOSDriverVersion": null,
    "Revision": null,
    "SNAPIState": "Disabled",
    "SNAPISupport": "NotAvailable",
    "SerialNumber": "VNFCBBA3490161",
    "SlotLength": "Unknown",
    "SlotType": "Unknown",
    "TransceiverPartNumber": null,
    "TransceiverSerialNumber": null,
    "TransceiverVendorName": null,
    "VPISupport": "NotAvailable",
    "VendorName": "Broadcom Corp",
    "VirtualFIPAddress": null,
    "VirtualISCSIAddress": null,
    "iScsiOffloadMode": "Unknown"
}