{
    "@odata.context": "/redfish/v1/$metadata#Port.Port",
    "@odata.id": "/redfish/v1/Chassis/System.Embedded.1/NetworkAdapters/NIC.Slot.3/Ports/NIC.Slot.3-1",
    "@odata.type": "#Port.v1_9_0.Port",
    "LinkNetworkTechnology": "Ethernet",
    "CurrentSpeedGbps": 0,
    "Description": "Instance of Port for NIC",
    "Ethernet": {
        "AssociatedMACAddresses": [
            "B4:96:91:B6:3E:12"
        ],
        "EEEEnabled": null,
        "FlowControlConfiguration": null,
        "FlowControlStatus": null,
        "LLDPReceive": {},
        "WakeOnLANEnabled": null
    },
    "LinkConfiguration": [
        {
            "AutoSpeedNegotiationCapable": null,
            "AutoSpeedNegotiationEnabled": null
        }
    ],
    "FunctionMaxBandwidth": [
        {
            "AllocationPercent": null,
            "NetworkDeviceFunction": {
                "@odata.id": "/redfish/v1/Chassis/System.Embedded.1/NetworkAdapters/NIC.Slot.3/NetworkDeviceFunctions/NIC.Slot.3-1-1"
            }
        }
    ],
    "FunctionMinBandwidth": [
        {
            "AllocationPercent": null,
            "NetworkDeviceFunction": {
                "@odata.id": "/redfish/v1/Chassis/System.Embedded.1/NetworkAdapters/NIC.Slot.3/NetworkDeviceFunctions/NIC.Slot.3-1-1"
            }
        }
    ],
    "Id": "NIC.Slot.3-1",
    "LinkStatus": "LinkDown",
    "Metrics": {
        "@odata.id": "/redfish/v1/Chassis/System.Embedded.1/NetworkAdapters/NIC.Slot.3/Ports/NIC.Slot.3-1/Metrics"
    },
    "PortId": "1",
    "Status": {
        "State": "Enabled",
        "Health": null,
        "HealthRollup": null
    },
    "Name": "Network Inteface Card(NIC) Port View"
}