{
    "VendorName": "Broadcom Corp",
    "ControllerBIOSVersion": "232.0.163.9",
    "NumberPCIEFunctionsEnabled": 1,
    "LastSystemInventoryTime": "2025-11-06T19:28:47+00:00",
    "MediaType": "SFF_CAGE",
    "ProductName": "Broadcom Adv. Quad 25Gb Ethernet - 14:23:F2:3E:36:B0",
    "ISCSIOSDriverVersion": "",
    "RDMAOSDriverVersion": "",
    "SerialNumber": "VNFCBBA2CD04S3",
    "RTCapable": true,
    "PermanentFCOEMACAddress": "14:23:F2:3E:36:B0",
    "@odata.context": "/redfish/v1/$metadata#DellNIC.DellNIC",
    "Name": "DellNIC",
    "MinBandwidthPercent": 0,
    "FCoEWWNN": "",
    "FamilyVersion": "23.21.14.14",
    "Id": "NIC.Slot.10-1-1",
    "SlotType": "OCPNIC3.0SmallFormFactor",
    "PartNumber": "03Y64D",
    "NicMode": "Enabled",
    "BusNumber": 153,
    "Description": "An instance of DellNIC will have NIC device specific data.",
    "PCIDeviceID": "1751",
    "FCoEOffloadMode": "Unknown",
    "FCOSDriverVersion": "",
    "VPISupport": "NotAvailable",
    "PCISubVendorID": "14E4",
    "VirtualISCSIAddress": null,
    "FQDD": "NIC.Slot.10-1-1",
    "SNAPIState": "Disabled",
    "FunctionNumber": 0,
    "LastUpdateTime": "2025-11-06T11:28:45+00:00",
    "InstanceID": "NIC.Slot.10-1-1",
    "Protocol": "NIC",
    "VirtualFIPAddress": null,
    "@odata.type": "#DellNIC.v1_9_0.DellNIC",
    "PCIVendorID": "14E4",
    "MaxBandwidthPercent": 100,
    "iScsiOffloadMode": "Disabled",
    "NumberPCIEFunctionsSupported": 4,
    "PCISubDeviceID": "5045",
    "SNAPISupport": "NotAvailable",
    "LinkDuplex": "FullDuplex",
    "PermanentiSCSIMACAddress": null,
    "@odata.id": "/redfish/v1/Chassis/System.Embedded.1/Oem/Dell/DellNIC/NIC.Slot.10-1-1",
    "FCoEOSDriverVersion": "",
    "EFIVersion": "232.0.164.2",
    "PermanentFIPAddress": null,
    "SlotLength": "Other",
    "DeviceDescription": "NIC in Slot 10 Port 1 Partition 1",
    "NumberOfPorts": 4,
    "LANDriverVersion": "216.0.14",
    "DataBusWidth": "4XOrX4",
    "@odata.etag": "W/\"gen-1631\""
}