{
    "@odata.context": "/redfish/v1/$metadata#PCIeDevice.PCIeDevice",
    "Model": null,
    "Id": "0-209-0",
    "Description": "Turin USB 3.1 xHCI",
    "PCIeInterface": {
        "MaxLanes": null,
        "MaxPCIeType": null,
        "PCIeType": null,
        "LanesInUse": null
    },
    "AssetTag": null,
    "FirmwareVersion": "",
    "@odata.etag": "W/\"gen-4\"",
    "Slot": {
        "Lanes": null,
        "Location": {
            "PartLocation": {
                "LocationOrdinalValue": null,
                "LocationType": "Slot"
            }
        },
        "PCIeType": null,
        "SlotType": null
    },
    "Links": {
        "Chassis@odata.count": 1,
        "Oem": {
            "Dell": {
                "CPUAffinity": [],
                "CPUAffinity@odata.count": 0,
                "@odata.context": "/redfish/v1/$metadata#DellPCIeDevice.DellPCIeDevice",
                "@odata.type": "#DellPCIeDevice.v1_0_0.DellPCIeDeviceLinks"
            }
        },
        "PCIeFunctions": [
            {
                "@odata.id": "/redfish/v1/Chassis/System.Embedded.1/PCIeDevices/0-209-0/PCIeFunctions/0-209-0-4"
            }
        ],
        "PCIeFunctions@odata.count": 1,
        "Chassis": [
            {
                "@odata.id": "/redfish/v1/Chassis/System.Embedded.1"
            }
        ]
    },
    "DeviceType": "MultiFunction",
    "SerialNumber": null,
    "@odata.type": "#PCIeDevice.v1_18_0.PCIeDevice",
    "Name": "Turin USB 3.1 xHCI",
    "Manufacturer": "Advanced Micro Devices, Inc. [AMD]",
    "@odata.id": "/redfish/v1/Chassis/System.Embedded.1/PCIeDevices/0-209-0",
    "PCIeFunctions": {
        "@odata.id": "/redfish/v1/Chassis/System.Embedded.1/PCIeDevices/0-209-0/PCIeFunctions"
    },
    "Status": {
        "Health": "OK",
        "HealthRollup": "OK",
        "State": "Enabled"
    },
    "PartNumber": null,
    "SKU": null
}