{
    "@odata.etag": "W/\"gen-1\"",
    "@odata.type": "#PCIeFunctionCollection.PCIeFunctionCollection",
    "Description": "Collection of PCIeFunctions",
    "Members": [
        {
            "@odata.id": "/redfish/v1/Chassis/System.Embedded.1/PCIeDevices/0-100-1/PCIeFunctions/0-100-1-0"
        }
    ],
    "Members@odata.count": 1,
    "Name": "PCIeFunction Collection",
    "@odata.context": "/redfish/v1/$metadata#PCIeFunctionCollection.PCIeFunctionCollection",
    "@odata.id": "/redfish/v1/Chassis/System.Embedded.1/PCIeDevices/0-100-1/PCIeFunctions"
}