{
    "@odata.context": "/redfish/v1/$metadata#PCIeFunction.PCIeFunction",
    "@odata.etag": "\"1707801110\"",
    "@odata.type": "#PCIeFunction.v1_5_0.PCIeFunction",
    "@odata.id": "/redfish/v1/Chassis/System.Embedded.1/PCIeDevices/141-0/PCIeFunctions/141-0-0",
    "ClassCode": "0x010802",
    "Description": "DC NVMe SED CD7 RI 960GB",
    "DeviceClass": "MassStorageController",
    "DeviceId": "0x0011",
    "Enabled": true,
    "FunctionId": 0,
    "FunctionType": "Physical",
    "Id": "141-0-0",
    "Links": {
        "StorageControllers": [],
        "StorageControllers@odata.count": 0,
        "Drives": [
            {
                "@odata.id": "/redfish/v1/Systems/System.Embedded.1/Storage/CPU.1/Drives/Disk.Bay.1_Enclosure.Internal.0-1"
            }
        ],
        "Drives@odata.count": 1,
        "EthernetInterfaces": [],
        "EthernetInterfaces@odata.count": 0,
        "PCIeDevice": {
            "@odata.id": "/redfish/v1/Chassis/System.Embedded.1/PCIeDevices/141-0"
        }
    },
    "Name": "DC NVMe SED CD7 RI 960GB",
    "Oem": {
        "Dell": {
            "@odata.type": "#DellChassisPCIeFunction.v1_1_0.DellPCIeFunction",
            "DellPCIeFunction": {
                "DataBusWidth": "4XOrX4",
                "LastSystemInventoryTime": "2024-02-13T05:11:00+00:00",
                "LastUpdateTime": "2022-02-02T19:21:32+00:00",
                "SlotLength": "2.5InchDriveFormFactor",
                "SlotType": "PCIExpressGen5SFF-8639",
                "Id": "Disk.Bay.1:Enclosure.Internal.0-1"
            }
        }
    },
    "RevisionId": "0x01",
    "Status": {
        "State": "Enabled",
        "Health": "OK",
        "HealthRollup": "OK"
    },
    "SubsystemId": "0x2189",
    "SubsystemVendorId": "0x1028",
    "VendorId": "0x1e0f"
}