{
    "@odata.context": "/redfish/v1/$metadata#Sensor.Sensor",
    "Thresholds": {
        "UpperCaution": {
            "Reading": null
        },
        "UpperCritical": {
            "Reading": null
        },
        "LowerCaution": {
            "Reading": null
        },
        "LowerCritical": {
            "Reading": null
        }
    },
    "PhysicalContext": "PowerSupply",
    "ReadingUnits": "A",
    "Description": "Instance of Sensor Id",
    "@odata.type": "#Sensor.v1_10_1.Sensor",
    "ReadingRangeMin": null,
    "Name": "PS1 Current 1",
    "Reading": 0.8,
    "Id": "PS1Current1",
    "@odata.id": "/redfish/v1/Chassis/System.Embedded.1/Sensors/PS1Current1",
    "Oem": {
        "Dell": {
            "PossibleStates@odata.count": 9,
            "RequestedState": "NotApplicable",
            "CurrentState": "Normal",
            "DeviceID": "iDRAC.Embedded.1#PS1Current1",
            "@odata.context": "/redfish/v1/$metadata#DellOemSensor.DellOemSensor",
            "@odata.type": "#DellOemSensor.v1_2_0.DellOemSensor",
            "PossibleStates": [
                "Unknown",
                "Fatal",
                "Normal",
                "Upper Fatal",
                "Upper Critical",
                "Upper Non-Critical",
                "Lower Non-Critical",
                "Lower Critical",
                "Lower Fatal"
            ]
        }
    },
    "@odata.etag": "W/\"gen-198\"",
    "Status": {
        "State": "Enabled",
        "Health": "OK"
    },
    "ReadingBasis": "Zero",
    "ReadingRangeMax": null,
    "ReadingType": "Current"
}