{
    "@odata.context": "/redfish/v1/$metadata#JsonSchemaFile.JsonSchemaFile",
    "@odata.id": "/redfish/v1/JsonSchemas/AccountService.v1_15_1",
    "@odata.type": "#JsonSchemaFile.v1_1_5.JsonSchemaFile",
    "Description": "AccountService Schema File Location",
    "Id": "AccountService.v1_15_1",
    "Languages": [
        "en"
    ],
    "Languages@odata.count": 1,
    "Location": [
        {
            "Language": "en",
            "PublicationUri": "http://redfish.dmtf.org/schemas/v1/AccountService.v1_15_1.json",
            "Uri": "/redfish/v1/Schemas/AccountService.v1_15_1.json"
        }
    ],
    "Location@odata.count": 1,
    "Name": "AccountService Schema File",
    "Schema": "#AccountService.v1_15_1.AccountService"
}