{
    "Members": [
        {
            "Id": "NetworkTransceiver.Integrated.1:NIC.Slot.10-1",
            "FQDD": "NetworkTransceiver.Integrated.1:NIC.Slot.10-1",
            "@odata.etag": "W/\"gen-1686\"",
            "PartNumber": "D0R73",
            "VendorName": "DELL EMC",
            "@odata.type": "#DellNetworkTransceiver.v1_1_0.DellNetworkTransceiver",
            "Oem": {},
            "IdentifierType": "SFP/SFP+/SFP28",
            "InterfaceType": "DirectAttachCopper",
            "DeviceDescription": "Network Transceiver in NIC in Slot 10 Port 1",
            "Name": "DellNetworkTransceiver",
            "Revision": "A",
            "@odata.id": "/redfish/v1/Chassis/System.Embedded.1/Oem/Dell/DellNetworkTransceivers/NetworkTransceiver.Integrated.1_NIC.Slot.10-1",
            "@odata.context": "/redfish/v1/$metadata#DellNetworkTransceiver.DellNetworkTransceiver",
            "SerialNumber": "CN0LXD0001T9200"
        }
    ],
    "Members@odata.count": 1,
    "Name": "DellNetworkTransceiver",
    "@odata.context": "/redfish/v1/$metadata#DellNetworkTransceiverCollection.DellNetworkTransceiverCollection",
    "@odata.id": "/redfish/v1/Chassis/System.Embedded.1/Oem/Dell/DellNetworkTransceivers",
    "@odata.etag": "W/\"gen-1\"",
    "@odata.type": "#DellNetworkTransceiverCollection.DellNetworkTransceiverCollection",
    "Description": "A collection of DellNetworkTransceiver resource"
}