{
    "@odata.context": "/redfish/v1/$metadata#ComponentIntegrity.ComponentIntegrity",
    "@odata.id": "/redfish/v1/ComponentIntegrity/NonRAID.Slot.1-1",
    "@odata.type": "#ComponentIntegrity.v1_2_1.ComponentIntegrity",
    "ComponentIntegrityEnabled": true,
    "ComponentIntegrityType": "SPDM",
    "Name": "Component Integrity for PERC12",
    "ComponentIntegrityTypeVersion": "1.1.0",
    "Description": "SPDM Integrity Information for PERC 12",
    "Id": "NonRAID.Slot.1-1",
    "Links": {
        "ComponentsProtected": [
            {
                "@odata.id": null
            }
        ]
    },
    "SPDM": {
        "Requester": {
            "@odata.id": "/redfish/v1/Managers/iDRAC.Embedded.1"
        },
        "IdentityAuthentication": {
            "ResponderAuthentication": {
                "ComponentCertificate": {
                    "@odata.id": "/redfish/v1/Systems/System.Embedded.1/Storage/NonRAID.Slot.1-1/Controllers/NonRAID.Slot.1-1/Certificates/slot0"
                },
                "VerificationStatus": "Success"
            }
        }
    },
    "TargetComponentURI": "/redfish/v1/Systems/System.Embedded.1/Storage/NonRAID.Slot.1-1/Controllers/NonRAID.Slot.1-1",
    "Oem": {
        "Dell": {
            "@odata.type": "#DellComponentIntegrity.v1_0_0.SPDM",
            "SPDM": {
                "DigestAndCertificateSupport": "Enabled",
                "ChallengeAuthResponseSupport": "Enabled",
                "MeasurementsSupport": "Disabled",
                "EncryptionSupport": "Disabled",
                "DeviceChallengeStatus": "Success"
            }
        }
    }
}