{
    "@odata.context": "/redfish/v1/$metadata#PCIeDevice.PCIeDevice",
    "@odata.etag": "\"1706632770\"",
    "@odata.id": "/redfish/v1/Chassis/System.Embedded.1/PCIeDevices/49-0",
    "@odata.type": "#PCIeDevice.v1_11_1.PCIeDevice",
    "AssetTag": null,
    "Description": "MT27800 Family [ConnectX-5]",
    "DeviceType": "MultiFunction",
    "FirmwareVersion": "16.35.30.06",
    "Id": "49-0",
    "Links": {
        "Chassis": [
            {
                "@odata.id": "/redfish/v1/Chassis/System.Embedded.1"
            }
        ],
        "Chassis@odata.count": 1,
        "Oem": {
            "Dell": {
                "@odata.type": "#DellOem.v1_3_0.DellOemLinks",
                "CPUAffinity": [
                    {
                        "@odata.id": "/redfish/v1/Systems/System.Embedded.1/Processors/CPU.Socket.1"
                    }
                ],
                "CPUAffinity@odata.count": 1
            }
        },
        "PCIeFunctions": [
            {
                "@odata.id": "/redfish/v1/Chassis/System.Embedded.1/PCIeDevices/49-0/PCIeFunctions/49-0-1"
            },
            {
                "@odata.id": "/redfish/v1/Chassis/System.Embedded.1/PCIeDevices/49-0/PCIeFunctions/49-0-0"
            }
        ],
        "PCIeFunctions@odata.count": 2,
        "PCIeFunctions@Redfish.Deprecated": "Please migrate to PCIeFunctions property in the root resource."
    },
    "Manufacturer": "Mellanox Technologies",
    "Model": "MLNX 25GbE 2P ConnectX5 OCP3 NIC",
    "Name": "MT27800 Family [ConnectX-5]",
    "PartNumber": "04TRD3",
    "SKU": null,
    "SerialNumber": "INJBNM4154J0OR",
    "Slot": {},
    "Status": {
        "State": "Enabled",
        "Health": "OK",
        "HealthRollup": "OK"
    },
    "PCIeFunctions": {
        "@odata.id": "/redfish/v1/Chassis/System.Embedded.1/PCIeDevices/49-0/PCIeFunctions"
    }
}