{
    "MaxExecutionTime": "PT2H",
    "StartTime": "2025-02-20T14:40:01-06:00",
    "PercentComplete": 100,
    "JobState": "Completed",
    "@odata.context": "/redfish/v1/$metadata#Job.Job",
    "Id": "JID_400840015118",
    "JobStatus": "OK",
    "EndTime": "2025-02-20T14:50:58-06:00",
    "@odata.id": "/redfish/v1/JobService/Jobs/JID_400840015118",
    "Messages": [
        {
            "MessageId": "IDRAC.2.9.PR19",
            "Message": "Job completed successfully.",
            "MessageArgs": [],
            "MessageArgs@odata.count": 0
        }
    ],
    "Messages@odata.count": 1,
    "Oem": {
        "Dell": {
            "ActualRunningStartTime": "2025-02-20T14:41:28",
            "ActualRunningStopTime": "2025-02-20T14:50:58",
            "JobType": "FirmwareUpdate",
            "OemJobState": "Completed",
            "UntilTime": "TIME_NA",
            "@odata.context": "/redfish/v1/$metadata#DellOemJob.DellOemJob",
            "@odata.type": "#DellOemJob.v1_0_0.DellOemJob"
        }
    },
    "@odata.type": "#Job.v1_2_4.Job",
    "Name": "Firmware Update: iDRAC with Lifecycle Controller",
    "@odata.etag": "\"W/'gen-2'\"",
    "Description": "Represent a job in Redfish"
}