{
    "@odata.etag": "W/\"gen-5\"",
    "Description": "uPD720201 USB 3.0 Host Controller",
    "@odata.context": "/redfish/v1/$metadata#PCIeFunction.PCIeFunction",
    "ClassCode": "0x00000c",
    "Links": {
        "MemoryDomains": [],
        "MemoryDomains@odata.count": 0,
        "PCIeDevice": {
            "@odata.id": "/redfish/v1/Chassis/System.Embedded.1/PCIeDevices/0-155-0"
        },
        "Drives": [],
        "Drives@odata.count": 0
    },
    "Name": "uPD720201 USB 3.0 Host Controller",
    "Oem": {
        "Dell": {
            "@odata.context": "/redfish/v1/$metadata#DellChassisPCIeFunction.DellChassisPCIeFunction",
            "@odata.type": "#DellChassisPCIeFunction.v1_1_0.DellPCIeFunction",
            "DellPCIeFunction": {
                "LastUpdateTime": "2025-11-06T17:28:45+00:00",
                "SlotLength": "Unknown",
                "SlotType": "Unknown",
                "DataBusWidth": "Unknown",
                "Id": "USBXHCI.Embedded.1-1",
                "LastSystemInventoryTime": "2025-11-06T19:28:47+00:00"
            }
        }
    },
    "RevisionId": "0x03",
    "FunctionType": "Physical",
    "DeviceNumber": "0x00",
    "SegmentNumber": "0x0000",
    "DeviceClass": "SerialBusController",
    "Id": "0-155-0-0",
    "@odata.id": "/redfish/v1/Chassis/System.Embedded.1/PCIeDevices/0-155-0/PCIeFunctions/0-155-0-0",
    "DeviceId": "0x0014",
    "FunctionProtocol": "PCIe",
    "SubsystemVendorId": "0x1028",
    "SubsystemId": "0x0d99",
    "FunctionNumber": "0x0",
    "FunctionId": 0,
    "VendorId": "0x1912",
    "@odata.type": "#PCIeFunction.v1_6_0.PCIeFunction",
    "Status": {
        "State": "Enabled",
        "Health": "OK",
        "HealthRollup": "OK"
    },
    "BusNumber": "0x9b",
    "Enabled": true
}