{
    "Id": "PSU.Slot.1_InputPower",
    "Reading": 154,
    "PhysicalContext": "PowerSupply",
    "@odata.context": "/redfish/v1/$metadata#Sensor.Sensor",
    "ReadingBasis": "Zero",
    "Name": "InputPowerSensor",
    "Description": "Power Supply 1 Input Power",
    "Status": {
        "Health": "OK",
        "State": "Enabled"
    },
    "@odata.etag": "\"W/'gen-10'\"",
    "ReadingType": "Power",
    "ReadingUnits": "W",
    "@odata.id": "/redfish/v1/Chassis/System.Embedded.1/Sensors/PSU.Slot.1_InputPower",
    "@odata.type": "#Sensor.v1_9_0.Sensor"
}