{
    "@odata.etag": "\"W/'gen-15'\"",
    "PercentComplete": 100,
    "@odata.type": "#Job.v1_2_4.Job",
    "JobStatus": "Critical",
    "EndTime": "2025-02-20T19:54:01-06:00",
    "@odata.id": "/redfish/v1/JobService/Jobs/JID_401027971460",
    "Oem": {
        "Dell": {
            "OemJobState": "Failed",
            "UntilTime": "2025-02-20T20:04:00",
            "@odata.context": "/redfish/v1/$metadata#DellOemJob.DellOemJob",
            "@odata.type": "#DellOemJob.v1_0_0.DellOemJob",
            "ActualRunningStartTime": "2025-02-20T19:54:01",
            "ActualRunningStopTime": "2025-02-20T19:54:01",
            "JobType": "Miscellaneous"
        }
    },
    "Description": "Represent a job in Redfish",
    "StartTime": "2025-02-20T19:54:00-06:00",
    "JobState": "Completed",
    "@odata.context": "/redfish/v1/$metadata#Job.Job",
    "Messages": [
        {
            "Message": "The Job did not complete successfully.",
            "MessageArgs": [],
            "MessageArgs@odata.count": 0,
            "MessageId": "IDRAC.2.9.JCP003"
        }
    ],
    "Messages@odata.count": 1,
    "MaxExecutionTime": "PT2H",
    "Id": "JID_401027971460",
    "Name": "DellBios.RunBIOSLiveScanning"
}