{
    "Members": [
        {
            "@odata.id": "/redfish/v1/Chassis/System.Embedded.1/NetworkAdapters/NIC.Slot.10"
        }
    ],
    "Members@odata.count": 1,
    "Name": "Network Adapter Collection",
    "@odata.context": "/redfish/v1/$metadata#NetworkAdapterCollection.NetworkAdapterCollection",
    "@odata.id": "/redfish/v1/Chassis/System.Embedded.1/NetworkAdapters",
    "@odata.etag": "W/\"gen-1\"",
    "@odata.type": "#NetworkAdapterCollection.NetworkAdapterCollection",
    "Description": "Collection Of Network Adapter"
}