{
    "@odata.context": "/redfish/v1/$metadata#NetworkDeviceFunctionCollection.NetworkDeviceFunctionCollection",
    "@odata.id": "/redfish/v1/Chassis/System.Embedded.1/NetworkAdapters/NIC.Slot.2/NetworkDeviceFunctions",
    "@odata.type": "#NetworkDeviceFunctionCollection.NetworkDeviceFunctionCollection",
    "Description": "Collection Of Network Device Function entities",
    "Members": [
        {
            "@odata.id": "/redfish/v1/Chassis/System.Embedded.1/NetworkAdapters/NIC.Slot.2/NetworkDeviceFunctions/NIC.Slot.2-1-1"
        },
        {
            "@odata.id": "/redfish/v1/Chassis/System.Embedded.1/NetworkAdapters/NIC.Slot.2/NetworkDeviceFunctions/NIC.Slot.2-2-1"
        }
    ],
    "Members@odata.count": 2,
    "Name": "Network Device Function Collection"
}