{
    "@odata.type": "#Fan.v1_5_2.Fan",
    "Id": "Fan.Embedded.4B",
    "Name": "Fan 4B",
    "Description": "Represents fan properties of the chassis",
    "Status": {
        "Health": "OK",
        "State": "Enabled"
    },
    "PhysicalContext": "SystemBoard",
    "HotPluggable": false,
    "SpeedPercent": {
        "SpeedRPM": 7440
    },
    "Location": {
        "PartLocation": {
            "ServiceLabel": "System Board Fan4B",
            "LocationType": "Bay"
        }
    },
    "Oem": {
        "Dell": {
            "@odata.type": "#DellFan.v1_0_0.DellFan",
            "FanType": "Gold",
            "FanPWM": 23
        }
    },
    "@odata.id": "/redfish/v1/Chassis/System.Embedded.1/ThermalSubsystem/Fans/Fan.Embedded.4B",
    "@odata.context": "/redfish/v1/$metadata#Fan.Fan"
}