{
    "@odata.context": "/redfish/v1/$metadata#JsonSchemaFile.JsonSchemaFile",
    "@odata.id": "/redfish/v1/JsonSchemas/DellJobService",
    "@odata.type": "#JsonSchemaFile.v1_1_4.JsonSchemaFile",
    "Description": "DellJobService Schema File Location",
    "Id": "DellJobService",
    "Languages": [
        "en"
    ],
    "Languages@odata.count": 1,
    "Location": [
        {
            "Language": "en",
            "PublicationUri": "http://downloads.dell.com/redfish/bmc/schemas/DellJobService.json",
            "Uri": "/redfish/v1/Schemas/DellJobService.json"
        }
    ],
    "Location@odata.count": 1,
    "Name": "DellJobService Schema File",
    "Schema": "#DellJobService.DellJobService"
}