{
    "Links": {
        "PhysicalNetworkPortAssignment": {
            "@odata.id": "/redfish/v1/Chassis/System.Embedded.1/NetworkAdapters/NIC.Slot.10/Ports/NIC.Slot.10-3"
        },
        "PhysicalPortAssignment": {
            "@odata.id": "/redfish/v1/Chassis/System.Embedded.1/NetworkAdapters/NIC.Slot.10/NetworkPorts/NIC.Slot.10-3"
        },
        "Oem": {
            "Dell": {
                "@odata.context": "/redfish/v1/$metadata#DellNetworkDeviceFunction.DellNetworkDeviceFunction",
                "@odata.type": "#DellNetworkDeviceFunction.v1_0_0.DellNetworkDeviceFunctionLinks",
                "CPUAffinity": [
                    {
                        "@odata.id": "/redfish/v1/Systems/System.Embedded.1/Processors/CPU.Socket.1"
                    }
                ],
                "DellNetworkAttributes": {
                    "@odata.id": "/redfish/v1/Chassis/System.Embedded.1/NetworkAdapters/NIC.Slot.10/NetworkDeviceFunctions/NIC.Slot.10-3-1/Oem/Dell/DellNetworkAttributes/NIC.Slot.10-3-1"
                }
            }
        }
    },
    "@Redfish.Settings": {
        "@odata.type": "#Settings.v1_4_0.Settings",
        "SettingsObject": {
            "@odata.id": "/redfish/v1/Chassis/System.Embedded.1/NetworkAdapters/NIC.Slot.10/NetworkDeviceFunctions/NIC.Slot.10-3-1/Settings"
        },
        "SupportedApplyTimes": [
            "OnReset"
        ],
        "@odata.context": "/redfish/v1/$metadata#Settings.Settings"
    },
    "Status": {
        "HealthRollup": "OK",
        "State": "Enabled",
        "Health": "OK"
    },
    "PhysicalPortAssignment": {
        "@odata.id": "/redfish/v1/Chassis/System.Embedded.1/NetworkAdapters/NIC.Slot.10/NetworkPorts/NIC.Slot.10-3"
    },
    "AssignablePhysicalNetworkPorts": [
        {
            "@odata.id": "/redfish/v1/Chassis/System.Embedded.1/NetworkAdapters/NIC.Slot.10/Ports/NIC.Slot.10-3"
        }
    ],
    "AssignablePhysicalPorts@odata.count": 1,
    "AssignablePhysicalPorts": [
        {
            "@odata.id": "/redfish/v1/Chassis/System.Embedded.1/NetworkAdapters/NIC.Slot.10/NetworkPorts/NIC.Slot.10-3"
        }
    ],
    "NetDevFuncCapabilities": [
        "Disabled",
        "Ethernet",
        "iSCSI"
    ],
    "NetDevFuncCapabilities@odata.count": 3,
    "MaxVirtualFunctions": 32,
    "Oem": {
        "Dell": {
            "@odata.type": "#DellNetworkDeviceFunction.v1_0_0.DellNetworkDeviceFunction",
            "DellNIC": {
                "MaxBandwidthPercent": 100,
                "ISCSIOSDriverVersion": "",
                "FunctionNumber": 2,
                "BusNumber": 153,
                "ControllerBIOSVersion": "232.0.163.9",
                "DataBusWidth": "4XOrX4",
                "VirtualISCSIAddress": null,
                "MediaType": "SFF_CAGE",
                "PartNumber": "03Y64D",
                "Name": "DellNIC",
                "EFIVersion": "232.0.164.2",
                "Description": "An instance of DellNIC will have NIC device specific data.",
                "NumberPCIEFunctionsSupported": 4,
                "Id": "NIC.Slot.10-3-1",
                "LinkDuplex": "Unknown",
                "LANDriverVersion": "216.0.14",
                "@odata.context": "/redfish/v1/$metadata#DellNIC.DellNIC",
                "@odata.type": "#DellNIC.v1_9_0.DellNIC",
                "MinBandwidthPercent": 0,
                "SlotType": "OCPNIC3.0SmallFormFactor",
                "PCISubVendorID": "14E4",
                "SNAPISupport": "NotAvailable",
                "SNAPIState": "Disabled",
                "FamilyVersion": "23.21.14.14",
                "FCOSDriverVersion": "",
                "DeviceDescription": "NIC in Slot 10 Port 3 Partition 1",
                "@odata.id": "/redfish/v1/Chassis/System.Embedded.1/Oem/Dell/DellNIC/NIC.Slot.10-3-1",
                "RDMAOSDriverVersion": "",
                "Protocol": "NIC",
                "SerialNumber": "VNFCBBA2CD04S3",
                "VendorName": "Broadcom Corp",
                "PermanentiSCSIMACAddress": null,
                "iScsiOffloadMode": "Disabled",
                "FCoEWWNN": "",
                "LastSystemInventoryTime": "2025-11-06T19:28:47+00:00",
                "FCoEOffloadMode": "Unknown",
                "FCoEOSDriverVersion": "",
                "VirtualFIPAddress": null,
                "FQDD": "NIC.Slot.10-3-1",
                "PCIDeviceID": "1751",
                "NicMode": "Enabled",
                "VPISupport": "NotAvailable",
                "LastUpdateTime": "2025-11-06T11:28:45+00:00",
                "RTCapable": true,
                "InstanceID": "NIC.Slot.10-3-1",
                "PCIVendorID": "14E4",
                "NumberOfPorts": 4,
                "SlotLength": "Other",
                "PermanentFCOEMACAddress": "14:23:F2:3E:36:B2",
                "PermanentFIPAddress": null,
                "PCISubDeviceID": "5045",
                "NumberPCIEFunctionsEnabled": 1,
                "ProductName": "Broadcom Adv. Quad 25Gb Ethernet - 14:23:F2:3E:36:B0"
            },
            "DellNICCapabilities": {
                "RDMASupport": "Supported",
                "BPESupport": null,
                "IPSecOffloadSupport": null,
                "EVBModesSupport": null,
                "OSBMCManagementPassThrough": "Supported",
                "FCoEMaxNumberOfFCTargets": null,
                "FCoEMaxNumberOutStandingCommands": null,
                "TCPChimneySupport": null,
                "PartitionWOLSupport": null,
                "iSCSIBootSupport": "Supported",
                "@odata.type": "#DellNICCapabilities.v1_2_0.DellNICCapabilities",
                "PriorityFlowControl": null,
                "NWManagementPassThrough": "Supported",
                "TCPOffloadEngineSupport": null,
                "VEBVEPAMultiChannel": null,
                "VEBVEPASingleChannel": null,
                "FlexAddressingSupport": "Supported",
                "iSCSIOffloadSupport": "NotSupported",
                "CongestionNotification": null,
                "FCoEMaxNPIVPerPort": null,
                "@odata.context": "/redfish/v1/$metadata#DellNICCapabilities.DellNICCapabilities",
                "FCoEMaxIOsPerSession": null,
                "PersistencePolicySupport": "Supported",
                "FCoEMaxNumberLogins": null,
                "uEFISupport": null,
                "Description": "string",
                "Id": "NIC.Slot.10-3-1",
                "FCoEMaxNumberExchanges": null,
                "PXEBootSupport": "Supported",
                "RemotePHY": null,
                "@odata.id": "/redfish/v1/Chassis/System.Embedded.1/Oem/Dell/DellNICCapabilities/NIC.Slot.10-3-1",
                "VEB": null,
                "OpenFlowSupport": "NotSupported",
                "ETS": null,
                "NicPartitioningSupport": "Supported",
                "FeatureLicensingSupport": null,
                "MACSecSupport": null,
                "DCBExchangeProtocol": null,
                "FCoEBootSupport": "NotSupported",
                "Name": "DellNICCapabilities",
                "VirtualLinkControl": "NotSupported",
                "FCoEOffloadSupport": "NotSupported",
                "OnChipThermalSensor": "Supported"
            },
            "DellNICPortMetrics": {
                "RxPauseXOFFFrames": 0,
                "TxMutlicastPackets": 0,
                "FCOEPktRxCount": null,
                "RxJabberPkt": 0,
                "FQDD": "NIC.Slot.10-3-1",
                "OSDriverState": "Operational",
                "TxBytes": 0,
                "RDMATxTotalPackets": 0,
                "TxMutlicastPackets@Redfish.Deprecated": "This property has been deprecated in favor of TxMulticastPackets.",
                "RDMARxTotalBytes": 0,
                "RDMATxTotalBytes": 0,
                "RxBytes": 0,
                "FCCRCErrorCount": null,
                "RxErrorPktAlignmentErrors": 0,
                "StartStatisticTime": "2025-11-06T13:30:50-06:00",
                "FCOERxPktDroppedCount": null,
                "@odata.type": "#DellNICPortMetrics.v1_2_0.DellNICPortMetrics",
                "@odata.context": "/redfish/v1/$metadata#DellNICPortMetrics.DellNICPortMetrics",
                "LanUnicastPktRXCount": 0,
                "Name": "DellNICPortMetrics",
                "TxErrorPktLateCollision": 0,
                "RxPauseXONFrames": null,
                "FCOELinkFailures": null,
                "RxMulticastPackets": 0,
                "RxBroadcast": 0,
                "TxPauseXOFFFrames": 0,
                "RDMARxTotalPackets": 0,
                "RxMutlicastPackets": 0,
                "FCOEPktTxCount": null,
                "TxErrorPktSingleCollision": 0,
                "TxBroadcast": 0,
                "RDMATotalProtocolErrors": null,
                "TxErrorPktMultipleCollision": 0,
                "TxPauseXONFrames": null,
                "LanFCSRxErrors": null,
                "DiscardedPkts": 0,
                "PartitionLinkStatus": "Down",
                "Id": "NIC.Slot.10-3-1",
                "LanUnicastPktTXCount": 0,
                "RDMATxTotalWritePkts": 0,
                "RxErrorPktFCSErrors": 0,
                "RDMATotalProtectionErrors": null,
                "Description": "Represents the statistics of the NIC, NIC port, or partition.",
                "TxUnicastPackets": 0,
                "@odata.id": "/redfish/v1/Chassis/System.Embedded.1/Oem/Dell/DellNICPortMetrics/NIC.Slot.10-3-1",
                "RxFalseCarrierDetection": 0,
                "RxMutlicastPackets@Redfish.Deprecated": "This property has been deprecated in favor of RxMulticastPackets.",
                "TxErrorPktExcessiveCollision": 0,
                "RDMATxTotalReadReqPkts": 0,
                "StatisticTime": "2025-11-06T15:50:41-06:00",
                "RxRuntPkt": 0,
                "PartitionOSDriverState": "Operational",
                "TxMulticastPackets": 0,
                "RDMATxTotalSendPkts": 0,
                "RxUnicastPackets": 0
            },
            "@odata.context": "/redfish/v1/$metadata#DellNetworkDeviceFunction.DellNetworkDeviceFunction"
        }
    },
    "@odata.etag": "W/\"gen-14\"",
    "PhysicalPortAssignment@Redfish.Deprecated": "This property has been deprecated and moved to the Links property to avoid loops on expand.",
    "Id": "NIC.Slot.10-3-1",
    "iSCSIBoot": {},
    "Name": "NetworkDeviceFunction",
    "@odata.id": "/redfish/v1/Chassis/System.Embedded.1/NetworkAdapters/NIC.Slot.10/NetworkDeviceFunctions/NIC.Slot.10-3-1",
    "AssignablePhysicalNetworkPorts@odata.count": 1,
    "@odata.context": "/redfish/v1/$metadata#NetworkDeviceFunction.NetworkDeviceFunction",
    "@odata.type": "#NetworkDeviceFunction.v1_10_0.NetworkDeviceFunction",
    "Ethernet": {
        "PermanentMACAddress": "14:23:F2:3E:36:B2",
        "VLAN": {
            "VLANId": 1,
            "VLANEnable": false
        },
        "MACAddress": "14:23:F2:3E:36:B2",
        "MTUSize": null
    },
    "PhysicalNetworkPortAssignment": {
        "@odata.id": "/redfish/v1/Chassis/System.Embedded.1/NetworkAdapters/NIC.Slot.10/Ports/NIC.Slot.10-3"
    },
    "Description": "NetworkDeviceFunction",
    "NetDevFuncType": "Ethernet"
}