{
    "@odata.context": "/redfish/v1/$metadata#DellNICCapabilities.DellNICCapabilities",
    "@odata.id": "/redfish/v1/Chassis/System.Embedded.1/Oem/Dell/DellNICCapabilities/NIC.Slot.4-2-1",
    "@odata.type": "#DellNICCapabilities.v1_2_0.DellNICCapabilities",
    "BPESupport": "NotSupported",
    "CongestionNotification": "Supported",
    "DCBExchangeProtocol": "Supported",
    "Description": "An instance of DellNICCapabilities will have data specific to NIC and its port and partitions capabilities.",
    "ETS": "Supported",
    "EVBModesSupport": "NotSupported",
    "FCoEBootSupport": "NotSupported",
    "FCoEMaxIOsPerSession": 0,
    "FCoEMaxNPIVPerPort": 0,
    "FCoEMaxNumberExchanges": 0,
    "FCoEMaxNumberLogins": 0,
    "FCoEMaxNumberOfFCTargets": 0,
    "FCoEMaxNumberOutStandingCommands": 0,
    "FCoEOffloadSupport": "NotSupported",
    "FeatureLicensingSupport": "NotSupported",
    "FlexAddressingSupport": "Supported",
    "IPSecOffloadSupport": "NotSupported",
    "Id": "NIC.Slot.4-2-1",
    "MACSecSupport": "NotSupported",
    "NWManagementPassThrough": "Supported",
    "Name": "DellNICCapabilities",
    "NicPartitioningSupport": "NotSupported",
    "OSBMCManagementPassThrough": "Supported",
    "OnChipThermalSensor": "Supported",
    "OpenFlowSupport": "NotSupported",
    "PXEBootSupport": "Supported",
    "PartitionWOLSupport": "NotSupported",
    "PersistencePolicySupport": "Supported",
    "PriorityFlowControl": "Supported",
    "RDMASupport": "Supported",
    "RemotePHY": "NotSupported",
    "TCPChimneySupport": "NotSupported",
    "TCPOffloadEngineSupport": "NotSupported",
    "VEB": "NotSupported",
    "VEBVEPAMultiChannel": "NotSupported",
    "VEBVEPASingleChannel": "NotSupported",
    "VirtualLinkControl": "NotSupported",
    "iSCSIBootSupport": "Supported",
    "iSCSIOffloadSupport": "NotSupported",
    "uEFISupport": "Supported"
}