{
    "Oem": {
        "Dell": {
            "FanPWM": 17,
            "FanType": "Gold",
            "@odata.context": "/redfish/v1/$metadata#DellFan.DellFan",
            "@odata.type": "#DellFan.v1_1_0.DellFan"
        }
    },
    "Name": "Fan6",
    "@odata.context": "/redfish/v1/$metadata#Fan.Fan",
    "SecondarySpeedPercent": {
        "DataSourceUri": "/redfish/v1/Chassis/System.Embedded.1/Sensors/Fan6_2",
        "SpeedRPM": 4110
    },
    "Description": "Represents fan properties of the chassis",
    "@odata.type": "#Fan.v1_5_2.Fan",
    "Id": "CoolingController.1.Fan6",
    "HotPluggable": true,
    "@odata.etag": "\"W/'gen-235'\"",
    "Location": {
        "PartLocation": {
            "LocationOrdinalValue": 6,
            "LocationType": "Slot"
        }
    },
    "PhysicalContext": "SystemBoard",
    "Status": {
        "State": "Enabled",
        "Health": "OK"
    },
    "SpeedPercent": {
        "DataSourceUri": "/redfish/v1/Chassis/System.Embedded.1/Sensors/Fan6_1",
        "SpeedRPM": 5190
    },
    "@odata.id": "/redfish/v1/Chassis/System.Embedded.1/ThermalSubsystem/Fans/CoolingController.1.Fan6"
}