{
    "Slot": {
        "SlotType": null,
        "Lanes": null,
        "Location": {
            "PartLocation": {
                "LocationOrdinalValue": null,
                "LocationType": "Slot"
            }
        },
        "PCIeType": null
    },
    "@odata.etag": "\"W/'gen-3'\"",
    "Model": null,
    "Links": {
        "Chassis": [
            {
                "@odata.id": "/redfish/v1/Chassis/System.Embedded.1"
            }
        ],
        "Chassis@odata.count": 1,
        "Oem": {
            "Dell": {
                "@odata.type": "#DellPCIeDevice.v1_0_0.DellPCIeDeviceLinks",
                "CPUAffinity": [],
                "CPUAffinity@odata.count": 0,
                "@odata.context": "/redfish/v1/$metadata#DellPCIeDevice.DellPCIeDevice"
            }
        },
        "PCIeFunctions": [
            {
                "@odata.id": "/redfish/v1/Chassis/System.Embedded.1/PCIeDevices/0-59-0/PCIeFunctions/0-59-0-0"
            }
        ],
        "PCIeFunctions@odata.count": 1
    },
    "Manufacturer": "Renesas Electronics Corp.",
    "PCIeFunctions": {
        "@odata.id": "/redfish/v1/Chassis/System.Embedded.1/PCIeDevices/0-59-0/PCIeFunctions"
    },
    "FirmwareVersion": "",
    "SKU": null,
    "@odata.context": "/redfish/v1/$metadata#PCIeDevice.PCIeDevice",
    "@odata.type": "#PCIeDevice.v1_14_0.PCIeDevice",
    "PartNumber": null,
    "PCIeInterface": {
        "LanesInUse": null,
        "MaxLanes": null,
        "MaxPCIeType": null,
        "PCIeType": null
    },
    "Description": "uPD720201 USB 3.0 Host Controller",
    "AssetTag": null,
    "Status": {
        "Health": "OK",
        "HealthRollup": "OK",
        "State": "Enabled"
    },
    "DeviceType": "SingleFunction",
    "Name": "uPD720201 USB 3.0 Host Controller",
    "SerialNumber": null,
    "@odata.id": "/redfish/v1/Chassis/System.Embedded.1/PCIeDevices/0-59-0",
    "Id": "0-59-0"
}