{
    "@odata.context": "/redfish/v1/$metadata#PCIeSlots.PCIeSlots",
    "@odata.id": "/redfish/v1/Chassis/System.Embedded.1/PCIeSlots",
    "@odata.type": "#PCIeSlots.v1_5_0.PCIeSlots",
    "Description": "This Resource shall represent a set of PCIe slot information.",
    "Id": "PCIeSlots",
    "Name": "PCIeSlots",
    "Slots": [
        {
            "HotPluggable": false,
            "Lanes": 16,
            "Links": {
                "PCIeDevice": [
                    {
                        "@odata.id": "/redfish/v1/Chassis/System.Embedded.1/PCIeDevices/177-0"
                    }
                ],
                "PCIeDevice@odata.count": 1,
                "Processors": [
                    {
                        "@odata.id": "/redfish/v1/Systems/System.Embedded.1/Processors/CPU.Socket.2"
                    }
                ],
                "Processors@odata.count": 1,
                "Oem": {
                    "Dell": {
                        "@odata.type": "#DellOem.v1_3_0.DellOemLinks",
                        "CPUAffinity": [
                            {
                                "@odata.id": "/redfish/v1/Systems/System.Embedded.1/Processors/CPU.Socket.2"
                            }
                        ],
                        "CPUAffinity@odata.count": 1
                    }
                }
            },
            "Location": {
                "PartLocation": {
                    "LocationOrdinalValue": 3,
                    "LocationType": "Slot"
                }
            },
            "PCIeType": "Gen4",
            "SlotType": "FullLength",
            "Status": {
                "State": "Enabled"
            },
            "Oem": {
                "Dell": {
                    "@odata.type": "#DellPCIeSlots.v1_0_0.DellPCIeSlots",
                    "SlotKey": "PCIe.Slot.3"
                }
            }
        }
    ],
    "Slots@odata.count": 1
}