{
    "TxPauseXOFFFrames": 0,
    "TxBroadcast": 0,
    "DiscardedPkts": 0,
    "RDMATxTotalWritePkts": 0,
    "RxMutlicastPackets@Redfish.Deprecated": "This property has been deprecated in favor of RxMulticastPackets.",
    "RDMATxTotalSendPkts": 0,
    "RxPauseXONFrames": null,
    "@odata.etag": "W/\"gen-1681\"",
    "TxUnicastPackets": 0,
    "StatisticTime": "2025-11-06T15:50:46-06:00",
    "TxMulticastPackets": 0,
    "RxBytes": 0,
    "FCOERxPktDroppedCount": null,
    "RxBroadcast": 0,
    "TxErrorPktSingleCollision": 0,
    "Id": "NIC.Slot.10-3-1",
    "RDMATotalProtectionErrors": null,
    "Description": "Represents the statistics of the NIC, NIC port, or partition.",
    "RxRuntPkt": 0,
    "RxJabberPkt": 0,
    "TxBytes": 0,
    "RDMATxTotalPackets": 0,
    "FCOEPktTxCount": null,
    "RDMATotalProtocolErrors": null,
    "TxPauseXONFrames": null,
    "PartitionLinkStatus": "Down",
    "RxErrorPktFCSErrors": 0,
    "RxPauseXOFFFrames": 0,
    "TxMutlicastPackets": 0,
    "LanUnicastPktRXCount": 0,
    "RxMulticastPackets": 0,
    "TxErrorPktMultipleCollision": 0,
    "LanFCSRxErrors": null,
    "@odata.id": "/redfish/v1/Chassis/System.Embedded.1/Oem/Dell/DellNICPortMetrics/NIC.Slot.10-3-1",
    "RxFalseCarrierDetection": 0,
    "RDMATxTotalBytes": 0,
    "Name": "DellNICPortMetrics",
    "RDMARxTotalPackets": 0,
    "LanUnicastPktTXCount": 0,
    "RDMATxTotalReadReqPkts": 0,
    "PartitionOSDriverState": "Operational",
    "RxUnicastPackets": 0,
    "FQDD": "NIC.Slot.10-3-1",
    "FCOELinkFailures": null,
    "RxMutlicastPackets": 0,
    "TxErrorPktExcessiveCollision": 0,
    "StartStatisticTime": "2025-11-06T13:30:50-06:00",
    "@odata.context": "/redfish/v1/$metadata#DellNICPortMetrics.DellNICPortMetrics",
    "TxErrorPktLateCollision": 0,
    "RxErrorPktAlignmentErrors": 0,
    "FCOEPktRxCount": null,
    "OSDriverState": "Operational",
    "TxMutlicastPackets@Redfish.Deprecated": "This property has been deprecated in favor of TxMulticastPackets.",
    "RDMARxTotalBytes": 0,
    "FCCRCErrorCount": null,
    "@odata.type": "#DellNICPortMetrics.v1_2_0.DellNICPortMetrics"
}