{
    "@odata.context": "/redfish/v1/$metadata#DellNetworkTransceiver.DellNetworkTransceiver",
    "@odata.id": "/redfish/v1/Chassis/System.Embedded.1/Oem/Dell/DellNetworkTransceivers/NetworkTransceiver.Integrated.1_NIC.Slot.4-1",
    "@odata.type": "#DellNetworkTransceiver.v1_1_0.DellNetworkTransceiver",
    "Description": "DellNetworkTransceiver represents a Network Transceiver device in the managed system. Instantiating this class represents the specific managed objects and its properties for the number of managed devices present in the system.",
    "DeviceDescription": "Network Transceiver in NIC in Slot 4 Port 1",
    "FQDD": "NetworkTransceiver.Integrated.1:NIC.Slot.4-1",
    "Id": "NetworkTransceiver.Integrated.1:NIC.Slot.4-1",
    "IdentifierType": "SFP/SFP+/SFP28",
    "InterfaceType": "DirectAttachCopper",
    "Name": "DellNetworkTransceiver",
    "PartNumber": "74752-9506",
    "Revision": null,
    "SerialNumber": "216030711",
    "VendorName": "Molex Inc."
}