{
    "@odata.context": "/redfish/v1/$metadata#JsonSchemaFile.JsonSchemaFile",
    "@odata.id": "/redfish/v1/JsonSchemas/CertificateLocations",
    "@odata.type": "#JsonSchemaFile.v1_1_4.JsonSchemaFile",
    "Description": "CertificateLocations Schema File Location",
    "Id": "CertificateLocations",
    "Languages": [
        "en"
    ],
    "Languages@odata.count": 1,
    "Location": [
        {
            "Language": "en",
            "PublicationUri": "http://redfish.dmtf.org/schemas/v1/CertificateLocations.json",
            "Uri": "/redfish/v1/Schemas/CertificateLocations.json"
        }
    ],
    "Location@odata.count": 1,
    "Name": "CertificateLocations Schema File",
    "Schema": "#CertificateLocations.CertificateLocations"
}