{
    "@odata.context": "/redfish/v1/$metadata#NetworkAdapter.NetworkAdapter",
    "@odata.id": "/redfish/v1/Chassis/System.Embedded.1/NetworkAdapters/NIC.Slot.10",
    "@odata.type": "#NetworkAdapter.v1_11_0.NetworkAdapter",
    "Assembly": {
        "@odata.id": "/redfish/v1/Chassis/System.Embedded.1/NetworkAdapters/NIC.Slot.10/Assembly"
    },
    "Controllers": [
        {
            "ControllerCapabilities": {
                "DataCenterBridging": {
                    "Capable": true
                },
                "NPAR": {
                    "NparCapable": true,
                    "NparEnabled": null
                },
                "NPIV": {
                    "MaxDeviceLogins": 0,
                    "MaxPortLogins": 0
                },
                "NetworkDeviceFunctionCount": 4,
                "NetworkPortCount": 4,
                "VirtualizationOffload": {
                    "SRIOV": {
                        "SRIOVVEPACapable": true
                    },
                    "VirtualFunction": {
                        "DeviceMaxCount": 128,
                        "MinAssignmentGroupSize": 8,
                        "NetworkPortMaxCount": 32
                    }
                }
            },
            "FirmwarePackageVersion": "22.92.07.50",
            "Links": {
                "NetworkDeviceFunctions": [
                    {
                        "@odata.id": "/redfish/v1/Chassis/System.Embedded.1/NetworkAdapters/NIC.Slot.10/NetworkDeviceFunctions/NIC.Slot.10-2-1"
                    },
                    {
                        "@odata.id": "/redfish/v1/Chassis/System.Embedded.1/NetworkAdapters/NIC.Slot.10/NetworkDeviceFunctions/NIC.Slot.10-1-1"
                    },
                    {
                        "@odata.id": "/redfish/v1/Chassis/System.Embedded.1/NetworkAdapters/NIC.Slot.10/NetworkDeviceFunctions/NIC.Slot.10-3-1"
                    },
                    {
                        "@odata.id": "/redfish/v1/Chassis/System.Embedded.1/NetworkAdapters/NIC.Slot.10/NetworkDeviceFunctions/NIC.Slot.10-4-1"
                    }
                ],
                "NetworkDeviceFunctions@odata.count": 4,
                "NetworkPorts": [
                    {
                        "@odata.id": "/redfish/v1/Chassis/System.Embedded.1/NetworkAdapters/NIC.Slot.10/NetworkPorts/NIC.Slot.10-2"
                    },
                    {
                        "@odata.id": "/redfish/v1/Chassis/System.Embedded.1/NetworkAdapters/NIC.Slot.10/NetworkPorts/NIC.Slot.10-1"
                    },
                    {
                        "@odata.id": "/redfish/v1/Chassis/System.Embedded.1/NetworkAdapters/NIC.Slot.10/NetworkPorts/NIC.Slot.10-3"
                    },
                    {
                        "@odata.id": "/redfish/v1/Chassis/System.Embedded.1/NetworkAdapters/NIC.Slot.10/NetworkPorts/NIC.Slot.10-4"
                    }
                ],
                "NetworkPorts@odata.count": 4,
                "Oem": {
                    "Dell": {
                        "@odata.type": "#DellOem.v1_3_0.DellOemLinks",
                        "CPUAffinity": [
                            {
                                "@odata.id": "/redfish/v1/Systems/System.Embedded.1/Processors/CPU.Socket.0"
                            }
                        ],
                        "CPUAffinity@odata.count": 1
                    }
                }
            }
        }
    ],
    "Controllers@odata.count": 1,
    "Description": "Network Adapter View",
    "Id": "NIC.Slot.10",
    "Manufacturer": "Broadcom Inc. and subsidiaries",
    "Model": "BRCM 4P 25G SFP 57504S OCP NIC",
    "Name": "Network Adapter View",
    "NetworkDeviceFunctions": {
        "@odata.id": "/redfish/v1/Chassis/System.Embedded.1/NetworkAdapters/NIC.Slot.10/NetworkDeviceFunctions"
    },
    "NetworkPorts": {
        "@odata.id": "/redfish/v1/Chassis/System.Embedded.1/NetworkAdapters/NIC.Slot.10/NetworkPorts"
    },
    "NetworkPorts@Redfish.Deprecated": "Please migrate to use /redfish/v1/Chassis/System.Embedded.1/NetworkAdapters/{NetworkAdaptersId}/Ports",
    "Oem": {
        "Dell": {
            "@odata.type": "#DellNetworkAdapter.v1_2_0.DellNetworkAdapter",
            "PLDMMonitoringEnabled": false
        }
    },
    "Ports": {
        "@odata.id": "/redfish/v1/Chassis/System.Embedded.1/NetworkAdapters/NIC.Slot.10/Ports"
    },
    "PartNumber": "03Y64D",
    "SerialNumber": "VNFCBBA44S014F",
    "Status": {
        "Health": "OK",
        "HealthRollup": "OK",
        "State": "Enabled"
    }
}