{
    "Model": "BRCM 4P 25G SFP 57504S OCP NIC",
    "PCIeFunctions": {
        "@odata.id": "/redfish/v1/Chassis/System.Embedded.1/PCIeDevices/1-153-0/PCIeFunctions"
    },
    "@odata.context": "/redfish/v1/$metadata#PCIeDevice.PCIeDevice",
    "FirmwareVersion": "23.21.14.14",
    "Slot": {
        "SlotType": "OCP3Small",
        "Lanes": 4,
        "Location": {
            "PartLocation": {
                "LocationOrdinalValue": 10,
                "LocationType": "Slot"
            }
        },
        "PCIeType": null
    },
    "Status": {
        "HealthRollup": "OK",
        "State": "Enabled",
        "Health": "OK"
    },
    "AssetTag": null,
    "PCIeInterface": {
        "MaxPCIeType": null,
        "PCIeType": null,
        "LanesInUse": 4,
        "MaxLanes": 4
    },
    "PartNumber": "03Y64D",
    "Links": {
        "Chassis": [
            {
                "@odata.id": "/redfish/v1/Chassis/System.Embedded.1"
            }
        ],
        "Chassis@odata.count": 1,
        "Oem": {
            "Dell": {
                "@odata.context": "/redfish/v1/$metadata#DellPCIeDevice.DellPCIeDevice",
                "@odata.type": "#DellPCIeDevice.v1_0_0.DellPCIeDeviceLinks",
                "CPUAffinity": [
                    {
                        "@odata.id": "/redfish/v1/Systems/System.Embedded.1/Processors/CPU.Socket.1"
                    }
                ],
                "CPUAffinity@odata.count": 1
            }
        },
        "PCIeFunctions": [
            {
                "@odata.id": "/redfish/v1/Chassis/System.Embedded.1/PCIeDevices/1-153-0/PCIeFunctions/1-153-0-2"
            },
            {
                "@odata.id": "/redfish/v1/Chassis/System.Embedded.1/PCIeDevices/1-153-0/PCIeFunctions/1-153-0-0"
            },
            {
                "@odata.id": "/redfish/v1/Chassis/System.Embedded.1/PCIeDevices/1-153-0/PCIeFunctions/1-153-0-1"
            },
            {
                "@odata.id": "/redfish/v1/Chassis/System.Embedded.1/PCIeDevices/1-153-0/PCIeFunctions/1-153-0-3"
            }
        ],
        "PCIeFunctions@odata.count": 4
    },
    "DeviceType": "MultiFunction",
    "@odata.etag": "W/\"gen-13\"",
    "@odata.id": "/redfish/v1/Chassis/System.Embedded.1/PCIeDevices/1-153-0",
    "Description": "BRCM 4P 25G SFP 57504S OCP NIC",
    "SerialNumber": "VNFCBBA2CD04S3",
    "SKU": null,
    "Id": "1-153-0",
    "Name": "BRCM 4P 25G SFP 57504S OCP NIC",
    "@odata.type": "#PCIeDevice.v1_18_0.PCIeDevice",
    "Manufacturer": "DELL"
}