{
    "@odata.context": "/redfish/v1/$metadata#JobCollection.JobCollection",
    "@odata.id": "/redfish/v1/JobService/Jobs",
    "@odata.type": "#JobCollection.JobCollection",
    "Description": "A Collection of Job resource instances",
    "Members": [
        {
            "@odata.id": "/redfish/v1/JobService/Jobs/JID_056718761220"
        },
        {
            "@odata.id": "/redfish/v1/JobService/Jobs/JID_056718887440"
        },
        {
            "@odata.id": "/redfish/v1/JobService/Jobs/JID_056719098701"
        },
        {
            "@odata.id": "/redfish/v1/JobService/Jobs/JID_056719661826"
        },
        {
            "@odata.id": "/redfish/v1/JobService/Jobs/JID_056719973268"
        },
        {
            "@odata.id": "/redfish/v1/JobService/Jobs/JID_056720234430"
        },
        {
            "@odata.id": "/redfish/v1/JobService/Jobs/JID_056720395451"
        },
        {
            "@odata.id": "/redfish/v1/JobService/Jobs/JID_056720606418"
        },
        {
            "@odata.id": "/redfish/v1/JobService/Jobs/JID_056720767376"
        },
        {
            "@odata.id": "/redfish/v1/JobService/Jobs/JID_056720928401"
        },
        {
            "@odata.id": "/redfish/v1/JobService/Jobs/RID_056721139367"
        },
        {
            "@odata.id": "/redfish/v1/JobService/Jobs/JID_056731018505"
        },
        {
            "@odata.id": "/redfish/v1/JobService/Jobs/JID_056935059246"
        },
        {
            "@odata.id": "/redfish/v1/JobService/Jobs/JID_056961161704"
        },
        {
            "@odata.id": "/redfish/v1/JobService/Jobs/JID_056967313062"
        },
        {
            "@odata.id": "/redfish/v1/JobService/Jobs/JID_060113339299"
        },
        {
            "@odata.id": "/redfish/v1/JobService/Jobs/JID_060152548573"
        },
        {
            "@odata.id": "/redfish/v1/JobService/Jobs/JID_060152549591"
        },
        {
            "@odata.id": "/redfish/v1/JobService/Jobs/JID_060153161125"
        },
        {
            "@odata.id": "/redfish/v1/JobService/Jobs/JID_061160037797"
        },
        {
            "@odata.id": "/redfish/v1/JobService/Jobs/JID_061160561771"
        },
        {
            "@odata.id": "/redfish/v1/JobService/Jobs/JID_061235710926"
        },
        {
            "@odata.id": "/redfish/v1/JobService/Jobs/RID_061235823657"
        },
        {
            "@odata.id": "/redfish/v1/JobService/Jobs/JID_066318353259"
        }
    ],
    "Members@odata.count": 24,
    "Name": "JobCollection"
}