{
    "@odata.context": "/redfish/v1/$metadata#Chassis.Chassis",
    "@odata.id": "/redfish/v1/Chassis/Enclosure.Internal.0-4/Settings",
    "@odata.type": "#Chassis.v1_26_0.Chassis",
    "Actions": {},
    "AssetTag": "",
    "ChassisType": "StorageEnclosure",
    "Description": "PCIe SSD Backplane 4",
    "Id": "Enclosure.Internal.0-4",
    "Links": {
        "ContainedBy": {
            "@odata.id": "/redfish/v1/Chassis/System.Embedded.1"
        },
        "Contains": [],
        "Contains@odata.count": 0,
        "Drives": [],
        "Drives@odata.count": 0,
        "ManagedBy": [
            {
                "@odata.id": "/redfish/v1/Managers/iDRAC.Embedded.1"
            }
        ],
        "ManagedBy@odata.count": 1,
        "PCIeDevices": [],
        "PCIeDevices@Redfish.Deprecated": "Please migrate to use /redfish/v1/Chassis/Enclosure.Internal.0-4/PCIeDevices",
        "PCIeDevices@odata.count": 0,
        "Storage": [
            {
                "@odata.id": "/redfish/v1/Systems/System.Embedded.1/Storage/CPU.1"
            }
        ],
        "Storage@odata.count": 1
    },
    "Location": {
        "Oem": {
            "Dell": {
                "@odata.type": "#DellLocation.v1_2_0.DellLocation",
                "PartLocation": {
                    "ExtendedReference": "Front"
                }
            }
        },
        "PartLocation": {
            "LocationType": "Backplane",
            "Reference": "Front"
        }
    },
    "Manufacturer": null,
    "Model": "PCIe SSD Backplane 4",
    "Name": "PCIe SSD Backplane 4",
    "Oem": {
        "Dell": {
            "@odata.type": "#DellOemEnclosureChassis.v1_2_0.DellOemEnclosureChassis",
            "DellChassisEnclosure": {
                "BackplaneType": "NotShared",
                "Connector": 0,
                "LastSystemInventoryTime": "2025-11-06T13:28:47-06:00",
                "LastUpdateTime": "2025-11-06T05:28:45-06:00",
                "RAIDMultipath": "Off",
                "TempProbeCount": 0,
                "Version": "1.77"
            }
        }
    },
    "PCIeDevices": {
        "@odata.id": "/redfish/v1/Chassis/Enclosure.Internal.0-4/PCIeDevices"
    },
    "PartNumber": null,
    "PowerState": "On",
    "PoweredByParent": true,
    "SKU": "",
    "SerialNumber": null,
    "Status": {
        "Health": "OK",
        "HealthRollup": "OK",
        "State": "Enabled"
    },
    "ThermalManagedByParent": true
}