{
    "@odata.context": "/redfish/v1/$metadata#PCIeDevice.PCIeDevice",
    "@odata.etag": "\"1706632776\"",
    "@odata.id": "/redfish/v1/Chassis/Enclosure.Internal.0-0_RAID.SL.3-1/PCIeDevices/101-0",
    "@odata.type": "#PCIeDevice.v1_11_1.PCIeDevice",
    "AssetTag": null,
    "Description": "PERC H745 Front",
    "DeviceType": "SingleFunction",
    "FirmwareVersion": "51.16.0-5150",
    "Id": "101-0",
    "Links": {
        "Chassis": [
            {
                "@odata.id": "/redfish/v1/Chassis/Enclosure.Internal.0-1_RAID.SL.3-1"
            },
            {
                "@odata.id": "/redfish/v1/Chassis/Enclosure.Internal.0-0_RAID.SL.3-1"
            }
        ],
        "Chassis@odata.count": 1,
        "PCIeFunctions": [
            {
                "@odata.id": "/redfish/v1/Chassis/Enclosure.Internal.0-1_RAID.SL.3-1/PCIeDevices/101-0/PCIeFunctions/101-0-0"
            },
            {
                "@odata.id": "/redfish/v1/Chassis/Enclosure.Internal.0-0_RAID.SL.3-1/PCIeDevices/101-0/PCIeFunctions/101-0-0"
            }
        ],
        "PCIeFunctions@odata.count": 2,
        "PCIeFunctions@Redfish.Deprecated": "Please migrate to PCIeFunctions property in the root resource."
    },
    "Manufacturer": "Broadcom / LSI",
    "Model": null,
    "Name": "PERC H745 Front",
    "PartNumber": "0JT47Y",
    "SKU": null,
    "SerialNumber": "0",
    "Status": {
        "State": "Enabled",
        "Health": "OK",
        "HealthRollup": "OK"
    },
    "PCIeFunctions": {
        "@odata.id": "/redfish/v1/Chassis/Enclosure.Internal.0-1_RAID.SL.3-1/PCIeDevices/101-0/PCIeFunctions"
    }
}