{
    "@odata.id": "/redfish/v1/Chassis/System.Embedded.1/PCIeDevices/0-51-0",
    "Id": "0-51-0",
    "PartNumber": "059Y5J",
    "PCIeInterface": {
        "LanesInUse": 2,
        "MaxLanes": null,
        "MaxPCIeType": null,
        "PCIeType": null
    },
    "Slot": {
        "SlotType": "HalfLength",
        "Lanes": 2,
        "Location": {
            "PartLocation": {
                "LocationOrdinalValue": null,
                "LocationType": "Slot"
            }
        },
        "PCIeType": null
    },
    "FirmwareVersion": "2.0.0",
    "@odata.type": "#PCIeDevice.v1_18_0.PCIeDevice",
    "Links": {
        "Chassis@odata.count": 1,
        "Oem": {
            "Dell": {
                "@odata.type": "#DellPCIeDevice.v1_0_0.DellPCIeDeviceLinks",
                "CPUAffinity": [
                    {
                        "@odata.id": "/redfish/v1/Systems/System.Embedded.1/Processors/CPU.Socket.0"
                    }
                ],
                "CPUAffinity@odata.count": 1,
                "@odata.context": "/redfish/v1/$metadata#DellPCIeDevice.DellPCIeDevice"
            }
        },
        "PCIeFunctions": [
            {
                "@odata.id": "/redfish/v1/Chassis/System.Embedded.1/PCIeDevices/0-51-0/PCIeFunctions/0-51-0-0"
            }
        ],
        "PCIeFunctions@odata.count": 1,
        "Chassis": [
            {
                "@odata.id": "/redfish/v1/Chassis/System.Embedded.1"
            }
        ]
    },
    "Name": "DC NVMe CD8P E3.S 1.92TB",
    "Manufacturer": "KIOXIA Corporation",
    "DeviceType": "SingleFunction",
    "AssetTag": null,
    "Description": "DC NVMe CD8P E3.S 1.92TB",
    "@odata.context": "/redfish/v1/$metadata#PCIeDevice.PCIeDevice",
    "@odata.etag": "W/\"gen-5\"",
    "SKU": null,
    "SerialNumber": "PHTBPKK4BA03P9",
    "Model": "Dell DC NVMe CD8P E3.S 1.92TB",
    "Status": {
        "State": "Enabled",
        "Health": "OK",
        "HealthRollup": "OK"
    },
    "PCIeFunctions": {
        "@odata.id": "/redfish/v1/Chassis/System.Embedded.1/PCIeDevices/0-51-0/PCIeFunctions"
    }
}