{
    "PhysicalContext": "SystemBoard",
    "@odata.type": "#Fan.v1_5_2.Fan",
    "Location": {
        "PartLocation": {
            "LocationOrdinalValue": 5,
            "LocationType": "Slot"
        }
    },
    "Status": {
        "State": "Enabled",
        "Health": "OK"
    },
    "Description": "Represents fan properties of the chassis",
    "SecondarySpeedPercent": {
        "DataSourceUri": "/redfish/v1/Chassis/System.Embedded.1/Sensors/Fan5_2",
        "SpeedRPM": 4080
    },
    "@odata.etag": "\"W/'gen-264'\"",
    "HotPluggable": true,
    "Name": "Fan5",
    "Id": "CoolingController.1.Fan5",
    "@odata.id": "/redfish/v1/Chassis/System.Embedded.1/ThermalSubsystem/Fans/CoolingController.1.Fan5",
    "@odata.context": "/redfish/v1/$metadata#Fan.Fan",
    "Oem": {
        "Dell": {
            "FanType": "Gold",
            "@odata.context": "/redfish/v1/$metadata#DellFan.DellFan",
            "@odata.type": "#DellFan.v1_1_0.DellFan",
            "FanPWM": 17
        }
    },
    "SpeedPercent": {
        "DataSourceUri": "/redfish/v1/Chassis/System.Embedded.1/Sensors/Fan5_1",
        "SpeedRPM": 5070
    }
}