{
    "@odata.context": "/redfish/v1/$metadata#JsonSchemaFile.JsonSchemaFile",
    "@odata.id": "/redfish/v1/JsonSchemas/DellControllerCollection",
    "@odata.type": "#JsonSchemaFile.v1_1_4.JsonSchemaFile",
    "Description": "DellControllerCollection Schema File Location",
    "Id": "DellControllerCollection",
    "Languages": [
        "en"
    ],
    "Languages@odata.count": 1,
    "Location": [
        {
            "Language": "en",
            "PublicationUri": "http://downloads.dell.com/redfish/bmc/schemas/DellControllerCollection.json",
            "Uri": "/redfish/v1/Schemas/DellControllerCollection.json"
        }
    ],
    "Location@odata.count": 1,
    "Name": "DellControllerCollection Schema File",
    "Schema": "#DellControllerCollection.DellControllerCollection"
}