{
    "@odata.etag": "W/\"gen-1\"",
    "@odata.type": "#PCIeFunctionCollection.PCIeFunctionCollection",
    "Description": "Collection of PCIeFunctions",
    "Members": [
        {
            "@odata.id": "/redfish/v1/Chassis/System.Embedded.1/PCIeDevices/0-0-24/PCIeFunctions/0-0-24-6"
        },
        {
            "@odata.id": "/redfish/v1/Chassis/System.Embedded.1/PCIeDevices/0-0-24/PCIeFunctions/0-0-24-2"
        },
        {
            "@odata.id": "/redfish/v1/Chassis/System.Embedded.1/PCIeDevices/0-0-24/PCIeFunctions/0-0-24-0"
        },
        {
            "@odata.id": "/redfish/v1/Chassis/System.Embedded.1/PCIeDevices/0-0-24/PCIeFunctions/0-0-24-4"
        },
        {
            "@odata.id": "/redfish/v1/Chassis/System.Embedded.1/PCIeDevices/0-0-24/PCIeFunctions/0-0-24-5"
        },
        {
            "@odata.id": "/redfish/v1/Chassis/System.Embedded.1/PCIeDevices/0-0-24/PCIeFunctions/0-0-24-7"
        },
        {
            "@odata.id": "/redfish/v1/Chassis/System.Embedded.1/PCIeDevices/0-0-24/PCIeFunctions/0-0-24-1"
        },
        {
            "@odata.id": "/redfish/v1/Chassis/System.Embedded.1/PCIeDevices/0-0-24/PCIeFunctions/0-0-24-3"
        }
    ],
    "Members@odata.count": 8,
    "Name": "PCIeFunction Collection",
    "@odata.context": "/redfish/v1/$metadata#PCIeFunctionCollection.PCIeFunctionCollection",
    "@odata.id": "/redfish/v1/Chassis/System.Embedded.1/PCIeDevices/0-0-24/PCIeFunctions"
}