{
    "DateTime": "2025-11-06T15:53:14-06:00",
    "ServiceEnabled": true,
    "@odata.type": "#JobService.v1_0_6.JobService",
    "ServiceCapabilities": {
        "Scheduling": true,
        "MaxJobs": 256,
        "MaxSteps": 1
    },
    "Status": {
        "State": "Enabled",
        "Health": "OK"
    },
    "Jobs": {
        "@odata.id": "/redfish/v1/JobService/Jobs"
    },
    "Log": {
        "@odata.id": "/redfish/v1/Managers/iDRAC.Embedded.1/LogServices/Lclog"
    },
    "@odata.context": "/redfish/v1/$metadata#JobService.JobService",
    "Name": "Job Service",
    "Description": "Represent a job service for a Redfish",
    "Id": "JobService",
    "@odata.etag": "W/\"gen-2\"",
    "@odata.id": "/redfish/v1/JobService"
}