{
    "Description": "Collection Of Port entities",
    "Members": [
        {
            "@odata.id": "/redfish/v1/Chassis/System.Embedded.1/NetworkAdapters/NIC.Slot.10/Ports/NIC.Slot.10-1"
        },
        {
            "@odata.id": "/redfish/v1/Chassis/System.Embedded.1/NetworkAdapters/NIC.Slot.10/Ports/NIC.Slot.10-4"
        },
        {
            "@odata.id": "/redfish/v1/Chassis/System.Embedded.1/NetworkAdapters/NIC.Slot.10/Ports/NIC.Slot.10-2"
        },
        {
            "@odata.id": "/redfish/v1/Chassis/System.Embedded.1/NetworkAdapters/NIC.Slot.10/Ports/NIC.Slot.10-3"
        }
    ],
    "Members@odata.count": 4,
    "@odata.id": "/redfish/v1/Chassis/System.Embedded.1/NetworkAdapters/NIC.Slot.10/Ports",
    "@odata.etag": "W/\"gen-1\"",
    "Name": "Port Collection",
    "@odata.context": "/redfish/v1/$metadata#PortCollection.PortCollection",
    "@odata.type": "#PortCollection.PortCollection"
}