{
    "@odata.context": "/redfish/v1/$metadata#JsonSchemaFile.JsonSchemaFile",
    "@odata.id": "/redfish/v1/JsonSchemas/DellFCStatistics",
    "@odata.type": "#JsonSchemaFile.v1_1_4.JsonSchemaFile",
    "Description": "DellFCStatistics Schema File Location",
    "Id": "DellFCStatistics",
    "Languages": [
        "en"
    ],
    "Languages@odata.count": 1,
    "Location": [
        {
            "Language": "en",
            "PublicationUri": "http://downloads.dell.com/redfish/bmc/schemas/DellFCStatistics.json",
            "Uri": "/redfish/v1/Schemas/DellFCStatistics.json"
        }
    ],
    "Location@odata.count": 1,
    "Name": "DellFCStatistics Schema File",
    "Schema": "#DellFCStatistics.DellFCStatistics"
}