{
    "@odata.context": "/redfish/v1/$metadata#JsonSchemaFile.JsonSchemaFile",
    "@odata.id": "/redfish/v1/JsonSchemas/DellDriveSMARTAttributes",
    "@odata.type": "#JsonSchemaFile.v1_1_4.JsonSchemaFile",
    "Description": "DellDriveSMARTAttributes Schema File Location",
    "Id": "DellDriveSMARTAttributes",
    "Languages": [
        "en"
    ],
    "Languages@odata.count": 1,
    "Location": [
        {
            "Language": "en",
            "PublicationUri": "http://downloads.dell.com/redfish/bmc/schemas/DellDriveSMARTAttributes.json",
            "Uri": "/redfish/v1/Schemas/DellDriveSMARTAttributes.json"
        }
    ],
    "Location@odata.count": 1,
    "Name": "DellDriveSMARTAttributes Schema File",
    "Schema": "#DellDriveSMARTAttributes.DellDriveSMARTAttributes"
}