{
    "@odata.context": "/redfish/v1/$metadata#NetworkDeviceFunction.NetworkDeviceFunction",
    "@odata.id": "/redfish/v1/Chassis/System.Embedded.1/NetworkAdapters/NIC.Slot.4/NetworkDeviceFunctions/NIC.Slot.4-2-1/Settings",
    "@odata.type": "#NetworkDeviceFunction.v1_9_2.NetworkDeviceFunction",
    "AssignablePhysicalPorts": [
        {
            "@odata.id": "/redfish/v1/Chassis/System.Embedded.1/NetworkAdapters/NIC.Slot.4/NetworkPorts/NIC.Slot.4-2"
        }
    ],
    "AssignablePhysicalPorts@odata.count": 1,
    "Description": "NetworkDeviceFunction",
    "Ethernet": {
        "MACAddress": "E8:EB:D3:F7:CB:99",
        "MTUSize": null,
        "PermanentMACAddress": "E8:EB:D3:F7:CB:99",
        "VLAN": {
            "VLANEnable": false,
            "VLANId": 1
        }
    },
    "FibreChannel": {
        "BootTargets": [
            {
                "LUNID": null,
                "WWPN": null
            }
        ],
        "BootTargets@odata.count": 1,
        "FCoEActiveVLANId": null,
        "FCoELocalVLANId": null,
        "PermanentWWNN": null,
        "PermanentWWPN": null,
        "WWNN": null,
        "WWNSource": null,
        "WWPN": null
    },
    "Id": "NIC.Slot.4-2-1",
    "Links": {
        "PhysicalPortAssignment": {
            "@odata.id": "/redfish/v1/Chassis/System.Embedded.1/NetworkAdapters/NIC.Slot.4/NetworkPorts/NIC.Slot.4-2"
        }
    },
    "MaxVirtualFunctions": 127,
    "Name": "NetworkDeviceFunction",
    "NetDevFuncCapabilities": [
        "Disabled",
        "Ethernet"
    ],
    "NetDevFuncCapabilities@odata.count": 2,
    "NetDevFuncType": "Ethernet",
    "PhysicalPortAssignment": {
        "@odata.id": "/redfish/v1/Chassis/System.Embedded.1/NetworkAdapters/NIC.Slot.4/NetworkPorts/NIC.Slot.4-2"
    },
    "Status": {
        "State": "Enabled",
        "Health": "OK",
        "HealthRollup": "OK"
    },
    "iSCSIBoot": {
        "AuthenticationMethod": "None",
        "CHAPSecret": null,
        "CHAPUsername": null,
        "IPAddressType": "IPv4",
        "IPMaskDNSViaDHCP": false,
        "InitiatorDefaultGateway": "0.0.0.0",
        "InitiatorIPAddress": "0.0.0.0",
        "InitiatorName": null,
        "InitiatorNetmask": "0.0.0.0",
        "PrimaryDNS": "0.0.0.0",
        "PrimaryLUN": 0,
        "PrimaryTargetIPAddress": "0.0.0.0",
        "PrimaryTargetName": null,
        "PrimaryTargetTCPPort": 3260,
        "PrimaryVLANEnable": null,
        "PrimaryVLANId": null,
        "SecondaryDNS": null,
        "SecondaryLUN": null,
        "SecondaryTargetIPAddress": null,
        "SecondaryTargetName": null,
        "SecondaryTargetTCPPort": null,
        "SecondaryVLANEnable": null,
        "SecondaryVLANId": null,
        "TargetInfoViaDHCP": false
    }
}