{
    "Id": "System.Embedded.1_0x23_FRU",
    "PackageType": "Module/Card",
    "@odata.id": "/redfish/v1/Chassis/System.Embedded.1/Oem/Dell/DellAssembly/System.Embedded.1_0x23_FRU",
    "Name": "DellAssembly",
    "@odata.type": "#DellAssembly.v1_1_0.DellAssembly",
    "SerialNumber": "CNWS30055K0050",
    "Description": "This resource shall be used to represent an assembly information.",
    "@odata.context": "/redfish/v1/$metadata#DellAssembly.DellAssembly",
    "@odata.etag": "W/\"gen-1\"",
    "DeviceFQDD": "System.Embedded.1"
}