{
    "@odata.context": "/redfish/v1/$metadata#DellNIC.DellNIC",
    "@odata.id": "/redfish/v1/Chassis/System.Embedded.1/NetworkAdapters/NIC.Embedded.1/NetworkDeviceFunctions/NIC.Embedded.2-1-1/Oem/Dell/DellNIC/NIC.Embedded.2-1-1",
    "@odata.type": "#DellNIC.v1_7_0.DellNIC",
    "BusNumber": 4,
    "CableLengthMetres": null,
    "ControllerBIOSVersion": "1.39",
    "DataBusWidth": "Unknown",
    "Description": "An instance of DellNIC will have NIC device specific data.",
    "DeviceDescription": "Embedded NIC 1 Port 2 Partition 1",
    "EFIVersion": "21.6.57",
    "FCOSDriverVersion": null,
    "FCoEOSDriverVersion": null,
    "FCoEOffloadMode": "Unknown",
    "FQDD": "NIC.Embedded.2-1-1",
    "FamilyVersion": "22.61.8",
    "ISCSIOSDriverVersion": null,
    "Id": "NIC.Embedded.2-1-1",
    "IdentifierType": null,
    "InstanceID": "NIC.Embedded.2-1-1",
    "LANDriverVersion": "4.1.\u0007",
    "LastSystemInventoryTime": "2024-01-30T16:38:56+00:00",
    "LastUpdateTime": "2024-01-30T16:38:54+00:00",
    "LinkDuplex": "Unknown",
    "MaxBandwidthPercent": 0,
    "MediaType": "Base T",
    "MinBandwidthPercent": 0,
    "Name": "DellNIC",
    "NicMode": "Unknown",
    "PCIDeviceID": "165f",
    "PCISubDeviceID": "08ff",
    "PCISubVendorID": "1028",
    "PCIVendorID": "14e4",
    "PartNumber": null,
    "PermanentFCOEMACAddress": null,
    "PermanentFIPAddress": null,
    "PermanentiSCSIMACAddress": null,
    "ProductName": "Broadcom NetXtreme Gigabit Ethernet - 70:B5:E8:F0:49:DB",
    "Protocol": "NIC",
    "RDMAOSDriverVersion": null,
    "Revision": null,
    "SNAPIState": "Disabled",
    "SNAPISupport": "NotAvailable",
    "SerialNumber": null,
    "SlotLength": "Unknown",
    "SlotType": "Unknown",
    "TransceiverPartNumber": null,
    "TransceiverSerialNumber": null,
    "TransceiverVendorName": null,
    "VPISupport": "NotAvailable",
    "VendorName": "Broadcom Corp",
    "VirtualFIPAddress": null,
    "VirtualISCSIAddress": null,
    "iScsiOffloadMode": "Unknown"
}