{
    "@odata.context": "/redfish/v1/$metadata#JsonSchemaFile.JsonSchemaFile",
    "@odata.id": "/redfish/v1/JsonSchemas/DellBaseMetricValue",
    "@odata.type": "#JsonSchemaFile.v1_1_4.JsonSchemaFile",
    "Description": "DellBaseMetricValue Schema File Location",
    "Id": "DellBaseMetricValue",
    "Languages": [
        "en"
    ],
    "Languages@odata.count": 1,
    "Location": [
        {
            "Language": "en",
            "PublicationUri": "http://downloads.dell.com/redfish/bmc/schemas/DellBaseMetricValue.json",
            "Uri": "/redfish/v1/Schemas/DellBaseMetricValue.json"
        }
    ],
    "Location@odata.count": 1,
    "Name": "DellBaseMetricValue Schema File",
    "Schema": "#DellBaseMetricValue.DellBaseMetricValue"
}