{
    "@odata.context": "/redfish/v1/$metadata#DellEnclosure.DellEnclosure",
    "@odata.id": "/redfish/v1/Chassis/System.Embedded.1/Oem/Dell/DellEnclosures/Enclosure.Internal.0-2",
    "@odata.type": "#DellEnclosure.v1_1_0.DellEnclosure",
    "AssetName": null,
    "Connector": null,
    "Description": "An instance of DellEnclosure will have storage enclosure specific data.",
    "Id": "Enclosure.Internal.0-2",
    "LastSystemInventoryTime": null,
    "LastUpdateTime": null,
    "Links": {
        "DellEnclosureEMMCollection": [],
        "DellEnclosureEMMCollection@odata.count": 0
    },
    "Name": "DellEnclosure",
    "ServiceTag": null,
    "SlotCount": 8,
    "TempProbeCount": null,
    "Version": null,
    "WiredOrder": 2
}