{
    "@odata.id": "/redfish/v1/Chassis/System.Embedded.1/PowerSubsystem/PowerSupplies",
    "@odata.etag": "W/\"gen-1\"",
    "@odata.type": "#PowerSupplyCollection.PowerSupplyCollection",
    "Description": "Power Supply Collection",
    "Members": [
        {
            "@odata.id": "/redfish/v1/Chassis/System.Embedded.1/PowerSubsystem/PowerSupplies/PSU.Slot.1"
        }
    ],
    "Members@odata.count": 1,
    "Name": "Power Supply Collection",
    "@odata.context": "/redfish/v1/$metadata#PowerSupplyCollection.PowerSupplyCollection"
}