{
    "@Redfish.Settings": {
        "@odata.context": "/redfish/v1/$metadata#Settings.Settings",
        "@odata.type": "#Settings.v1_4_0.Settings",
        "SettingsObject": {
            "@odata.id": "/redfish/v1/Chassis/System.Embedded.1/NetworkAdapters/NIC.Slot.4/NetworkDeviceFunctions/NIC.Slot.4-1-1/Settings"
        },
        "SupportedApplyTimes": [
            "OnReset"
        ]
    },
    "@odata.context": "/redfish/v1/$metadata#NetworkDeviceFunction.NetworkDeviceFunction",
    "@odata.id": "/redfish/v1/Chassis/System.Embedded.1/NetworkAdapters/NIC.Slot.4/NetworkDeviceFunctions/NIC.Slot.4-1-1",
    "@odata.type": "#NetworkDeviceFunction.v1_9_2.NetworkDeviceFunction",
    "AssignablePhysicalPorts": [
        {
            "@odata.id": "/redfish/v1/Chassis/System.Embedded.1/NetworkAdapters/NIC.Slot.4/NetworkPorts/NIC.Slot.4-1"
        }
    ],
    "AssignablePhysicalPorts@odata.count": 1,
    "AssignablePhysicalNetworkPorts": [
        {
            "@odata.id": "/redfish/v1/Chassis/System.Embedded.1/NetworkAdapters/NIC.Slot.4/Ports/NIC.Slot.4-1"
        }
    ],
    "Description": "NetworkDeviceFunction",
    "Ethernet": {
        "MACAddress": "E8:EB:D3:F7:CB:98",
        "MTUSize": null,
        "PermanentMACAddress": "E8:EB:D3:F7:CB:98",
        "VLAN": {
            "VLANEnable": false,
            "VLANId": 1
        }
    },
    "FibreChannel": {
        "BootTargets": [
            {
                "LUNID": null,
                "WWPN": null
            }
        ],
        "BootTargets@odata.count": 1,
        "FCoEActiveVLANId": null,
        "FCoELocalVLANId": null,
        "PermanentWWNN": null,
        "PermanentWWPN": null,
        "WWNN": null,
        "WWNSource": null,
        "WWPN": null
    },
    "Id": "NIC.Slot.4-1-1",
    "Links": {
        "PhysicalPortAssignment": {
            "@odata.id": "/redfish/v1/Chassis/System.Embedded.1/NetworkAdapters/NIC.Slot.4/NetworkPorts/NIC.Slot.4-1"
        },
        "PhysicalNetworkPortAssignment": {
            "@odata.id": "/redfish/v1/Chassis/System.Embedded.1/NetworkAdapters/NIC.Slot.4/Ports/NIC.Slot.4-1"
        },
        "Oem": {
            "Dell": {
                "@odata.type": "#DellOem.v1_3_0.DellOemLinks",
                "DellNetworkAttributes": {
                    "@odata.id": "/redfish/v1/Chassis/System.Embedded.1/NetworkAdapters/NIC.Slot.4/NetworkDeviceFunctions/NIC.Slot.4-1-1/Oem/Dell/DellNetworkAttributes/NIC.Slot.4-1-1"
                },
                "CPUAffinity": [
                    {
                        "@odata.id": "/redfish/v1/Systems/System.Embedded.1/Processors/CPU.Socket.1"
                    }
                ],
                "CPUAffinity@odata.count": 1
            }
        }
    },
    "MaxVirtualFunctions": 127,
    "Name": "NetworkDeviceFunction",
    "NetDevFuncCapabilities": [
        "Disabled",
        "Ethernet",
        "iSCSI"
    ],
    "NetDevFuncCapabilities@odata.count": 3,
    "NetDevFuncType": "Ethernet",
    "Oem": {
        "Dell": {
            "@odata.type": "#DellOem.v1_3_0.DellOemResources",
            "DellNIC": {
                "BusNumber": 135,
                "CableLengthMetres": null,
                "ControllerBIOSVersion": null,
                "DataBusWidth": "16XOrX16",
                "DeviceDescription": "NIC in Slot 4 Port 1 Partition 1",
                "EFIVersion": "14.25.18",
                "FCOSDriverVersion": null,
                "FCoEOSDriverVersion": null,
                "FCoEOffloadMode": "Unknown",
                "FQDD": "NIC.Slot.4-1-1",
                "FamilyVersion": "26.32.20.04",
                "Id": "NIC.Slot.4-1-1",
                "ISCSIOSDriverVersion": null,
                "IdentifierType": null,
                "InstanceID": "NIC.Slot.4-1-1",
                "LANDriverVersion": "2.042.022627",
                "LastSystemInventoryTime": "2025-02-21T23:43:07+00:00",
                "LastUpdateTime": "2025-02-21T15:24:07+00:00",
                "LinkDuplex": "FullDuplex",
                "MaxBandwidthPercent": 0,
                "MediaType": "SFF_CAGE",
                "MinBandwidthPercent": 0,
                "Name": "DellNIC",
                "NicMode": "Enabled",
                "PCIDeviceID": "101f",
                "PCISubDeviceID": "0019",
                "PCISubVendorID": "15b3",
                "PCIVendorID": "15b3",
                "PartNumber": "0DN78C",
                "PermanentFCOEMACAddress": null,
                "PermanentFIPAddress": null,
                "PermanentiSCSIMACAddress": null,
                "ProductName": "NVIDIA ConnectX-6 Lx 2x 25G SFP28 OCP3.0 SFF - E8:EB:D3:F7:CB:98",
                "Protocol": "NIC,RDMA",
                "RDMAOSDriverVersion": null,
                "Revision": null,
                "SNAPIState": "Disabled",
                "SNAPISupport": "NotAvailable",
                "SerialNumber": "IL74031284000Q",
                "SlotLength": "Other",
                "SlotType": null,
                "TransceiverPartNumber": null,
                "TransceiverSerialNumber": null,
                "TransceiverVendorName": null,
                "VPISupport": "NotAvailable",
                "VendorName": "Mellanox Technologies, Inc.",
                "VirtualFIPAddress": null,
                "VirtualISCSIAddress": null,
                "iScsiOffloadMode": "Unknown",
                "@odata.context": "/redfish/v1/$metadata#DellNIC.DellNIC",
                "@odata.type": "#DellNIC.v1_7_0.DellNIC",
                "@odata.id": "/redfish/v1/Chassis/System.Embedded.1/Oem/Dell/DellNIC/NIC.Slot.4-1-1"
            },
            "DellNICPortMetrics": {
                "DiscardedPkts": 0,
                "FCCRCErrorCount": null,
                "FCOELinkFailures": null,
                "FCOEPktRxCount": null,
                "FCOEPktTxCount": null,
                "FCOERxPktDroppedCount": null,
                "FQDD": "NIC.Slot.4-1-1",
                "Id": "NIC.Slot.4-1-1",
                "LanFCSRxErrors": null,
                "LanUnicastPktRXCount": null,
                "LanUnicastPktTXCount": null,
                "Name": "DellNICPortMetrics",
                "OSDriverState": "Operational",
                "PartitionLinkStatus": null,
                "PartitionOSDriverState": null,
                "RDMARxTotalBytes": 0,
                "RDMARxTotalPackets": 0,
                "RDMATotalProtectionErrors": null,
                "RDMATotalProtocolErrors": null,
                "RDMATxTotalBytes": 0,
                "RDMATxTotalPackets": 0,
                "RDMATxTotalReadReqPkts": null,
                "RDMATxTotalSendPkts": null,
                "RDMATxTotalWritePkts": null,
                "RXInputPowermW": null,
                "RXInputPowerStatus": null,
                "RxBroadcast": 0,
                "RxBytes": 41259,
                "RxErrorPktAlignmentErrors": 0,
                "RxErrorPktFCSErrors": 0,
                "RxFalseCarrierDetection": 0,
                "RxJabberPkt": 0,
                "RxMutlicastPackets": 17,
                "RxPauseXOFFFrames": 0,
                "RxPauseXONFrames": 0,
                "RxRuntPkt": 0,
                "RxUnicastPackets": 159,
                "StartStatisticTime": "2025-02-21T17:55:12-06:00",
                "StatisticTime": "2025-02-21T17:57:02-06:00",
                "TXBiasCurrentmA": null,
                "TXBiasCurrentStatus": null,
                "TXOutputPowermW": null,
                "TXOutputPowerStatus": null,
                "TemperatureCelsius": null,
                "TemperatureStatus": null,
                "TxBroadcast": 29,
                "TxBytes": 164746,
                "TxErrorPktExcessiveCollision": 0,
                "TxErrorPktLateCollision": 0,
                "TxErrorPktMultipleCollision": 0,
                "TxErrorPktSingleCollision": 0,
                "TxMutlicastPackets": 269,
                "TxPauseXOFFFrames": 0,
                "TxPauseXONFrames": 0,
                "TxUnicastPackets": 161,
                "VoltageStatus": null,
                "VoltageValueVolts": null,
                "@odata.context": "/redfish/v1/$metadata#DellNICPortMetrics.DellNICPortMetrics",
                "@odata.type": "#DellNICPortMetrics.v1_1_1.DellNICPortMetrics",
                "@odata.id": "/redfish/v1/Chassis/System.Embedded.1/Oem/Dell/DellNICPortMetrics/NIC.Slot.4-1-1"
            },
            "DellNICCapabilities": {
                "BPESupport": "NotSupported",
                "CongestionNotification": "Supported",
                "DCBExchangeProtocol": "Supported",
                "ETS": "Supported",
                "EVBModesSupport": "NotSupported",
                "FCoEBootSupport": "NotSupported",
                "FCoEMaxIOsPerSession": 0,
                "FCoEMaxNPIVPerPort": 0,
                "FCoEMaxNumberExchanges": 0,
                "FCoEMaxNumberLogins": 0,
                "FCoEMaxNumberOfFCTargets": 0,
                "FCoEMaxNumberOutStandingCommands": 0,
                "FCoEOffloadSupport": "NotSupported",
                "FeatureLicensingSupport": "NotSupported",
                "FlexAddressingSupport": "Supported",
                "Id": "NIC.Slot.4-1-1",
                "IPSecOffloadSupport": "NotSupported",
                "MACSecSupport": "NotSupported",
                "Name": "DellNICCapabilities",
                "NicPartitioningSupport": "NotSupported",
                "NWManagementPassThrough": "Supported",
                "OSBMCManagementPassThrough": "Supported",
                "OnChipThermalSensor": "Supported",
                "OpenFlowSupport": "NotSupported",
                "PXEBootSupport": "Supported",
                "PartitionWOLSupport": "NotSupported",
                "PersistencePolicySupport": "Supported",
                "PriorityFlowControl": "Supported",
                "RDMASupport": "Supported",
                "RemotePHY": "NotSupported",
                "TCPChimneySupport": "NotSupported",
                "TCPOffloadEngineSupport": "NotSupported",
                "VEB": "NotSupported",
                "VEBVEPAMultiChannel": "NotSupported",
                "VEBVEPASingleChannel": "NotSupported",
                "VirtualLinkControl": "NotSupported",
                "iSCSIBootSupport": "Supported",
                "iSCSIOffloadSupport": "NotSupported",
                "uEFISupport": "Supported",
                "@odata.context": "/redfish/v1/$metadata#DellNICCapabilities.DellNICCapabilities",
                "@odata.type": "#DellNICCapabilities.v1_2_0.DellNICCapabilities",
                "@odata.id": "/redfish/v1/Chassis/System.Embedded.1/Oem/Dell/DellNICCapabilities/NIC.Slot.4-1-1"
            }
        }
    },
    "PhysicalPortAssignment": {
        "@odata.id": "/redfish/v1/Chassis/System.Embedded.1/NetworkAdapters/NIC.Slot.4/NetworkPorts/NIC.Slot.4-1"
    },
    "PhysicalPortAssignment@Redfish.Deprecated": "This property has been deprecated and moved to the Links property to avoid loops on expand.",
    "Status": {
        "State": "Enabled",
        "Health": "OK",
        "HealthRollup": "OK"
    },
    "iSCSIBoot": {
        "AuthenticationMethod": "None",
        "CHAPSecret": null,
        "CHAPUsername": null,
        "IPAddressType": "IPv4",
        "IPMaskDNSViaDHCP": false,
        "InitiatorDefaultGateway": "0.0.0.0",
        "InitiatorIPAddress": "0.0.0.0",
        "InitiatorName": null,
        "InitiatorNetmask": "0.0.0.0",
        "PrimaryDNS": "0.0.0.0",
        "PrimaryLUN": 0,
        "PrimaryTargetIPAddress": "0.0.0.0",
        "PrimaryTargetName": null,
        "PrimaryTargetTCPPort": 3260,
        "PrimaryVLANEnable": null,
        "PrimaryVLANId": null,
        "SecondaryDNS": null,
        "SecondaryLUN": null,
        "SecondaryTargetIPAddress": null,
        "SecondaryTargetName": null,
        "SecondaryTargetTCPPort": null,
        "SecondaryVLANEnable": null,
        "SecondaryVLANId": null,
        "TargetInfoViaDHCP": false
    }
}