{
    "Id": "PSU.Slot.2_InputPower",
    "Reading": 160,
    "@odata.type": "#Sensor.v1_9_0.Sensor",
    "ReadingBasis": "Zero",
    "Status": {
        "State": "Enabled",
        "Health": "OK"
    },
    "@odata.id": "/redfish/v1/Chassis/System.Embedded.1/Sensors/PSU.Slot.2_InputPower",
    "@odata.context": "/redfish/v1/$metadata#Sensor.Sensor",
    "Description": "Power Supply 2 Input Power",
    "ReadingUnits": "W",
    "@odata.etag": "\"W/'gen-10'\"",
    "PhysicalContext": "PowerSupply",
    "ReadingType": "Power",
    "Name": "InputPowerSensor"
}