{
    "@odata.etag": "W/\"gen-1687\"",
    "Status": {
        "HealthRollup": "OK",
        "State": "Enabled",
        "Health": "OK"
    },
    "LinkNetworkTechnology": "Ethernet",
    "LinkConfiguration": [
        {
            "AutoSpeedNegotiationEnabled": null,
            "AutoSpeedNegotiationCapable": null
        }
    ],
    "LinkConfiguration@odata.count": 1,
    "Metrics": {
        "@odata.id": "/redfish/v1/Chassis/System.Embedded.1/NetworkAdapters/NIC.Slot.10/Ports/NIC.Slot.10-3/Metrics"
    },
    "Ethernet": {
        "WakeOnLANEnabled": false,
        "AssociatedMACAddresses": [
            "14:23:F2:3E:36:B2"
        ],
        "EEEEnabled": false,
        "FlowControlConfiguration": "None",
        "FlowControlStatus": "None",
        "LLDPReceive": {
            "PortId": "4E:6F:20:4C:69:6E:6B",
            "PortIdSubtype": null,
            "ChassisId": "No Link",
            "ChassisIdSubtype": null
        }
    },
    "CurrentSpeedGbps": 0,
    "Id": "NIC.Slot.10-3",
    "@odata.type": "#Port.v1_16_0.Port",
    "PortId": "3",
    "Description": "Instance of Port for NIC",
    "Name": "Network Inteface Card(NIC) Port View",
    "@odata.context": "/redfish/v1/$metadata#Port.Port",
    "FunctionMinBandwidth": [
        {
            "NetworkDeviceFunction": {
                "@odata.id": "/redfish/v1/Chassis/System.Embedded.1/NetworkAdapters/NIC.Slot.10/NetworkDeviceFunctions/NIC.Slot.10-3-1"
            },
            "AllocationPercent": 0
        }
    ],
    "FunctionMinBandwidth@odata.count": 1,
    "FunctionMaxBandwidth": [
        {
            "AllocationPercent": 100,
            "NetworkDeviceFunction": {
                "@odata.id": "/redfish/v1/Chassis/System.Embedded.1/NetworkAdapters/NIC.Slot.10/NetworkDeviceFunctions/NIC.Slot.10-3-1"
            }
        }
    ],
    "FunctionMaxBandwidth@odata.count": 1,
    "LinkStatus": "LinkDown",
    "@odata.id": "/redfish/v1/Chassis/System.Embedded.1/NetworkAdapters/NIC.Slot.10/Ports/NIC.Slot.10-3"
}