{
    "SubsystemId": "0x5045",
    "FunctionNumber": "0x3",
    "RevisionId": "0x12",
    "@odata.id": "/redfish/v1/Chassis/System.Embedded.1/PCIeDevices/1-153-0/PCIeFunctions/1-153-0-3",
    "Status": {
        "Health": "OK",
        "HealthRollup": "OK",
        "State": "Enabled"
    },
    "Id": "1-153-0-3",
    "Links": {
        "MemoryDomains": [],
        "MemoryDomains@odata.count": 0,
        "PCIeDevice": {
            "@odata.id": "/redfish/v1/Chassis/System.Embedded.1/PCIeDevices/1-153-0"
        },
        "Drives": [],
        "Drives@odata.count": 0,
        "EthernetInterfaces": [
            {
                "@odata.id": "/redfish/v1/Systems/System.Embedded.1/EthernetInterfaces/NIC.Slot.10-4-1"
            }
        ],
        "EthernetInterfaces@odata.count": 1
    },
    "FunctionProtocol": "PCIe",
    "FunctionId": 3,
    "Enabled": true,
    "FunctionType": "Physical",
    "@odata.context": "/redfish/v1/$metadata#PCIeFunction.PCIeFunction",
    "Description": "BRCM 4P 25G SFP 57504S OCP NIC",
    "SegmentNumber": "0x0001",
    "DeviceClass": "NetworkController",
    "Oem": {
        "Dell": {
            "@odata.type": "#DellChassisPCIeFunction.v1_1_0.DellPCIeFunction",
            "DellPCIeFunction": {
                "DataBusWidth": "4XOrX4",
                "Id": "NIC.Slot.10-4-1",
                "LastSystemInventoryTime": "2025-11-06T19:28:47+00:00",
                "LastUpdateTime": "2025-11-06T17:28:45+00:00",
                "SlotLength": "Other",
                "SlotType": "OCPNIC3.0SmallFormFactor"
            },
            "@odata.context": "/redfish/v1/$metadata#DellChassisPCIeFunction.DellChassisPCIeFunction"
        }
    },
    "VendorId": "0x14e4",
    "@odata.type": "#PCIeFunction.v1_6_0.PCIeFunction",
    "BusNumber": "0x99",
    "SubsystemVendorId": "0x14e4",
    "ClassCode": "0x000002",
    "@odata.etag": "W/\"gen-3\"",
    "Name": "BRCM 4P 25G SFP 57504S OCP NIC",
    "DeviceNumber": "0x00",
    "DeviceId": "0x1751"
}