{
    "@odata.context": "/redfish/v1/$metadata#Assembly.Assembly",
    "@odata.etag": "\"W/'gen-1'\"",
    "@odata.id": "/redfish/v1/Chassis/System.Embedded.1/Assembly",
    "@odata.type": "#Assembly.v1_5_1.Assembly",
    "Assemblies": [
        {
            "Model": "DRIVE BACKPLANE",
            "Vendor": "DELL",
            "Description": "DRIVE BACKPLANE",
            "Name": "BP1 FRU",
            "@odata.id": "/redfish/v1/Chassis/System.Embedded.1/Assembly#/Assemblies/0",
            "ProductionDate": "2024-08-10T16:13:00Z",
            "SerialNumber": "CNWS30048502S9",
            "PartNumber": "0VV2CW",
            "EngineeringChangeLevel": "X31",
            "MemberId": "0",
            "Producer": "DELL",
            "Oem": {
                "Dell": {
                    "DellAssembly": {
                        "@odata.type": "#DellAssembly.v1_1_0.DellAssembly",
                        "Id": "Enclosure.Internal.0-1_0x23_FRU",
                        "SerialNumber": "CNWS30048502S9",
                        "@odata.id": "/redfish/v1/Chassis/System.Embedded.1/Oem/Dell/DellAssembly/Enclosure.Internal.0-1_0x23_FRU",
                        "Description": "This resource shall be used to represent an assembly information.",
                        "Name": "DellAssembly",
                        "@odata.context": "/redfish/v1/$metadata#DellAssembly.DellAssembly",
                        "DeviceFQDD": "Enclosure.Internal.0-1",
                        "PackageType": "CrossConnect/Backplane"
                    },
                    "PICPowerIndex": 1,
                    "Type": "Backplane",
                    "FirmwareVersion": "1.66",
                    "@odata.context": "/redfish/v1/$metadata#DellOemAssembly.DellOemAssembly",
                    "FormFactor": "2.5",
                    "Location": 1,
                    "@odata.type": "#DellOemAssembly.v1_1_0.DellOemAssemblyLinks",
                    "SlotCount": 8,
                    "BayId": 1
                }
            }
        },
        {
            "Model": "DRIVE BACKPLANE",
            "ProductionDate": "2024-08-10T16:16:00Z",
            "MemberId": "1",
            "SerialNumber": "CNWS30048502S5",
            "EngineeringChangeLevel": "X31",
            "@odata.id": "/redfish/v1/Chassis/System.Embedded.1/Assembly#/Assemblies/1",
            "Oem": {
                "Dell": {
                    "FormFactor": "2.5",
                    "DellAssembly": {
                        "Description": "This resource shall be used to represent an assembly information.",
                        "@odata.context": "/redfish/v1/$metadata#DellAssembly.DellAssembly",
                        "PackageType": "CrossConnect/Backplane",
                        "SerialNumber": "CNWS30048502S5",
                        "Id": "Enclosure.Internal.0-2_0x23_FRU",
                        "DeviceFQDD": "Enclosure.Internal.0-2",
                        "Name": "DellAssembly",
                        "@odata.id": "/redfish/v1/Chassis/System.Embedded.1/Oem/Dell/DellAssembly/Enclosure.Internal.0-2_0x23_FRU",
                        "@odata.type": "#DellAssembly.v1_1_0.DellAssembly"
                    },
                    "Location": 1,
                    "SlotCount": 8,
                    "FirmwareVersion": "1.66",
                    "@odata.type": "#DellOemAssembly.v1_1_0.DellOemAssemblyLinks",
                    "PICPowerIndex": 2,
                    "Type": "Backplane",
                    "BayId": 2,
                    "@odata.context": "/redfish/v1/$metadata#DellOemAssembly.DellOemAssembly"
                }
            },
            "Name": "BP2 FRU",
            "Vendor": "DELL",
            "Producer": "DELL",
            "Description": "DRIVE BACKPLANE",
            "PartNumber": "0VV2CW"
        },
        {
            "ProductionDate": "2024-02-29T09:27:00Z",
            "PartNumber": "0D0VXG",
            "SerialNumber": "CNFCP0042M0010",
            "Model": "Dell Storage Cntlr. H965i Front",
            "@odata.id": "/redfish/v1/Chassis/System.Embedded.1/Assembly#/Assemblies/2",
            "MemberId": "2",
            "Name": "BP_FPERC1 FRU",
            "Oem": {
                "Dell": {
                    "DellAssembly": {
                        "SerialNumber": "CNFCP0042M0010",
                        "DeviceFQDD": "RAID.SL.3-1",
                        "@odata.context": "/redfish/v1/$metadata#DellAssembly.DellAssembly",
                        "Description": "This resource shall be used to represent an assembly information.",
                        "Id": "RAID.SL.3-1_0x23_FRU",
                        "Name": "DellAssembly",
                        "PackageType": "Module/Card",
                        "@odata.id": "/redfish/v1/Chassis/System.Embedded.1/Oem/Dell/DellAssembly/RAID.SL.3-1_0x23_FRU",
                        "@odata.type": "#DellAssembly.v1_1_0.DellAssembly"
                    },
                    "@odata.context": "/redfish/v1/$metadata#DellOemAssembly.DellOemAssembly",
                    "@odata.type": "#DellOemAssembly.v1_1_0.DellOemAssemblyLinks"
                }
            },
            "EngineeringChangeLevel": "X20",
            "Vendor": "DELL",
            "Producer": "DELL",
            "Description": "Dell Storage Cntlr. H965i Front"
        },
        {
            "EngineeringChangeLevel": "",
            "Name": "DIMM.Socket.A1#FRU",
            "SerialNumber": "4516CBDD",
            "PartNumber": "MTC20F2085S1RC64BD1",
            "ProductionDate": null,
            "@odata.id": "/redfish/v1/Chassis/System.Embedded.1/Assembly#/Assemblies/3",
            "Description": "DDR5 DIMM",
            "MemberId": "3",
            "Model": "DDR5 DIMM",
            "Oem": {
                "Dell": {
                    "@odata.type": "#DellOemAssembly.v1_1_0.DellOemAssemblyLinks",
                    "DellAssembly": {
                        "@odata.type": "#DellAssembly.v1_1_0.DellAssembly",
                        "Name": "DellAssembly",
                        "@odata.id": "/redfish/v1/Chassis/System.Embedded.1/Oem/Dell/DellAssembly/DIMM.Socket.A1_0x23_FRU",
                        "Description": "This resource shall be used to represent an assembly information.",
                        "Id": "DIMM.Socket.A1_0x23_FRU",
                        "PackageType": "Memory",
                        "SerialNumber": "4516CBDD",
                        "DeviceFQDD": "DIMM.Socket.A1",
                        "@odata.context": "/redfish/v1/$metadata#DellAssembly.DellAssembly"
                    },
                    "@odata.context": "/redfish/v1/$metadata#DellOemAssembly.DellOemAssembly"
                }
            },
            "Producer": "Micron Technology",
            "Vendor": "DELL"
        },
        {
            "Name": "DIMM.Socket.B1#FRU",
            "Producer": "Micron Technology",
            "ProductionDate": null,
            "@odata.id": "/redfish/v1/Chassis/System.Embedded.1/Assembly#/Assemblies/4",
            "SerialNumber": "4516DA7F",
            "Vendor": "DELL",
            "EngineeringChangeLevel": "",
            "Oem": {
                "Dell": {
                    "@odata.context": "/redfish/v1/$metadata#DellOemAssembly.DellOemAssembly",
                    "@odata.type": "#DellOemAssembly.v1_1_0.DellOemAssemblyLinks",
                    "DellAssembly": {
                        "Id": "DIMM.Socket.B1_0x23_FRU",
                        "SerialNumber": "4516DA7F",
                        "PackageType": "Memory",
                        "@odata.context": "/redfish/v1/$metadata#DellAssembly.DellAssembly",
                        "@odata.type": "#DellAssembly.v1_1_0.DellAssembly",
                        "Description": "This resource shall be used to represent an assembly information.",
                        "DeviceFQDD": "DIMM.Socket.B1",
                        "Name": "DellAssembly",
                        "@odata.id": "/redfish/v1/Chassis/System.Embedded.1/Oem/Dell/DellAssembly/DIMM.Socket.B1_0x23_FRU"
                    }
                }
            },
            "PartNumber": "MTC20F2085S1RC64BD1",
            "Description": "DDR5 DIMM",
            "MemberId": "4",
            "Model": "DDR5 DIMM"
        },
        {
            "@odata.id": "/redfish/v1/Chassis/System.Embedded.1/Assembly#/Assemblies/5",
            "Vendor": "DELL",
            "SerialNumber": "05R3e",
            "EngineeringChangeLevel": "A00",
            "Name": "FLOP1 FRU",
            "MemberId": "5",
            "Description": "",
            "Oem": {
                "Dell": {
                    "FirmwareMajor": 0,
                    "Type": "Flop",
                    "EndpointCount": 1,
                    "DellAssembly": {
                        "PackageType": "Module/Card",
                        "@odata.context": "/redfish/v1/$metadata#DellAssembly.DellAssembly",
                        "@odata.id": "/redfish/v1/Chassis/System.Embedded.1/Oem/Dell/DellAssembly/NIC.IOBay.1_0x23_FRU",
                        "Description": "This resource shall be used to represent an assembly information.",
                        "Id": "NIC.IOBay.1_0x23_FRU",
                        "Name": "DellAssembly",
                        "SerialNumber": "05R3e",
                        "@odata.type": "#DellAssembly.v1_1_0.DellAssembly",
                        "DeviceFQDD": "NIC.IOBay.1"
                    },
                    "ModuleClass": 8,
                    "PICPowerIndex": 15,
                    "@odata.type": "#DellOemAssembly.v1_1_0.DellOemAssemblyLinks",
                    "FirmwareMinor": 0,
                    "@odata.context": "/redfish/v1/$metadata#DellOemAssembly.DellOemAssembly",
                    "HardwareId": 162
                }
            },
            "PartNumber": "0F0Y6X"
        },
        {
            "Description": "HPM",
            "PartNumber": "0R8XP6",
            "@odata.id": "/redfish/v1/Chassis/System.Embedded.1/Assembly#/Assemblies/6",
            "SerialNumber": "CNWS3004820016",
            "Model": "HPM",
            "EngineeringChangeLevel": "X32",
            "Oem": {
                "Dell": {
                    "@odata.context": "/redfish/v1/$metadata#DellOemAssembly.DellOemAssembly",
                    "@odata.type": "#DellOemAssembly.v1_1_0.DellOemAssemblyLinks",
                    "DellAssembly": {
                        "Description": "This resource shall be used to represent an assembly information.",
                        "SerialNumber": "CNWS3004820016",
                        "@odata.context": "/redfish/v1/$metadata#DellAssembly.DellAssembly",
                        "@odata.type": "#DellAssembly.v1_1_0.DellAssembly",
                        "Id": "SystemHPM.Embedded.1_0x23_FRU",
                        "PackageType": "Module/Card",
                        "DeviceFQDD": "SystemHPM.Embedded.1",
                        "Name": "DellAssembly",
                        "@odata.id": "/redfish/v1/Chassis/System.Embedded.1/Oem/Dell/DellAssembly/SystemHPM.Embedded.1_0x23_FRU"
                    }
                }
            },
            "MemberId": "6",
            "ProductionDate": "2024-08-05T20:56:00Z",
            "Vendor": "DELL",
            "Name": "HPM FRU",
            "Producer": "DELL"
        },
        {
            "MemberId": "7",
            "Description": "",
            "PartNumber": "",
            "Name": "OEM FRU",
            "SerialNumber": "",
            "@odata.id": "/redfish/v1/Chassis/System.Embedded.1/Assembly#/Assemblies/7",
            "Vendor": "DELL",
            "Oem": {
                "Dell": {
                    "@odata.context": "/redfish/v1/$metadata#DellOemAssembly.DellOemAssembly",
                    "@odata.type": "#DellOemAssembly.v1_1_0.DellOemAssemblyLinks",
                    "DellAssembly": {
                        "DeviceFQDD": "OEM.1:System.Embedded.1",
                        "PackageType": "Module/Card",
                        "@odata.id": "/redfish/v1/Chassis/System.Embedded.1/Oem/Dell/DellAssembly/OEM.1_System.Embedded.1_0x23_FRU",
                        "Description": "This resource shall be used to represent an assembly information.",
                        "Id": "OEM.1:System.Embedded.1_0x23_FRU",
                        "SerialNumber": "",
                        "@odata.context": "/redfish/v1/$metadata#DellAssembly.DellAssembly",
                        "Name": "DellAssembly",
                        "@odata.type": "#DellAssembly.v1_1_0.DellAssembly"
                    }
                }
            },
            "Producer": "",
            "EngineeringChangeLevel": "",
            "Model": "",
            "ProductionDate": ""
        },
        {
            "Producer": "DELL",
            "PartNumber": "03Y64D",
            "Oem": {
                "Dell": {
                    "DellAssembly": {
                        "Description": "This resource shall be used to represent an assembly information.",
                        "PackageType": "Module/Card",
                        "Name": "DellAssembly",
                        "DeviceFQDD": "NIC.Slot.10",
                        "@odata.context": "/redfish/v1/$metadata#DellAssembly.DellAssembly",
                        "@odata.id": "/redfish/v1/Chassis/System.Embedded.1/Oem/Dell/DellAssembly/NIC.Slot.10_0x23_FRU",
                        "Id": "NIC.Slot.10_0x23_FRU",
                        "SerialNumber": "VNFCBBA44S014F",
                        "@odata.type": "#DellAssembly.v1_1_0.DellAssembly"
                    },
                    "@odata.context": "/redfish/v1/$metadata#DellOemAssembly.DellOemAssembly",
                    "@odata.type": "#DellOemAssembly.v1_1_0.DellOemAssemblyLinks"
                }
            },
            "@odata.id": "/redfish/v1/Chassis/System.Embedded.1/Assembly#/Assemblies/8",
            "MemberId": "8",
            "ProductionDate": "2024-05-03T03:17:00Z",
            "Name": "PCIESLOT10 FRU",
            "SerialNumber": "VNFCBBA44S014F",
            "EngineeringChangeLevel": "A02",
            "Description": "BRCM 4P 25G SFP 57504S OCP NIC",
            "Vendor": "DELL",
            "Model": "BRCM 4P 25G SFP 57504S OCP NIC"
        },
        {
            "@odata.id": "/redfish/v1/Chassis/System.Embedded.1/Assembly#/Assemblies/9",
            "Model": "NVIDIA ConnectX6 LX 2P OCP3 NIC",
            "PartNumber": "0DN78C",
            "Oem": {
                "Dell": {
                    "@odata.type": "#DellOemAssembly.v1_1_0.DellOemAssemblyLinks",
                    "DellAssembly": {
                        "Id": "NIC.Slot.4_0x23_FRU",
                        "SerialNumber": "IL74031284000Q",
                        "@odata.type": "#DellAssembly.v1_1_0.DellAssembly",
                        "PackageType": "Module/Card",
                        "@odata.context": "/redfish/v1/$metadata#DellAssembly.DellAssembly",
                        "Name": "DellAssembly",
                        "@odata.id": "/redfish/v1/Chassis/System.Embedded.1/Oem/Dell/DellAssembly/NIC.Slot.4_0x23_FRU",
                        "Description": "This resource shall be used to represent an assembly information.",
                        "DeviceFQDD": "NIC.Slot.4"
                    },
                    "@odata.context": "/redfish/v1/$metadata#DellOemAssembly.DellOemAssembly"
                }
            },
            "SerialNumber": "IL74031284000Q",
            "EngineeringChangeLevel": "E2",
            "MemberId": "9",
            "Description": "NVIDIA ConnectX6 LX 2P OCP3 NIC",
            "Vendor": "DELL",
            "Name": "PCIESLOT4 FRU",
            "Producer": "DELL",
            "ProductionDate": "2022-08-05T00:29:00Z"
        },
        {
            "Name": "PSU.Slot.1#FRU",
            "ProductionDate": null,
            "@odata.id": "/redfish/v1/Chassis/System.Embedded.1/Assembly#/Assemblies/10",
            "Vendor": "DELL",
            "Model": "PWR SPLY,800W,RDNT,DELTA",
            "PartNumber": "08YNWG",
            "Producer": "DELL",
            "Description": "PWR SPLY,800W,RDNT,DELTA",
            "SerialNumber": "CNDED0048101KF",
            "EngineeringChangeLevel": "A00",
            "Oem": {
                "Dell": {
                    "@odata.context": "/redfish/v1/$metadata#DellOemAssembly.DellOemAssembly",
                    "@odata.type": "#DellOemAssembly.v1_1_0.DellOemAssemblyLinks",
                    "DellAssembly": {
                        "Description": "This resource shall be used to represent an assembly information.",
                        "PackageType": "PowerSupply",
                        "SerialNumber": "CNDED0048101KF",
                        "@odata.id": "/redfish/v1/Chassis/System.Embedded.1/Oem/Dell/DellAssembly/PSU.Slot.1_0x23_FRU",
                        "DeviceFQDD": "PSU.Slot.1",
                        "@odata.context": "/redfish/v1/$metadata#DellAssembly.DellAssembly",
                        "@odata.type": "#DellAssembly.v1_1_0.DellAssembly",
                        "Id": "PSU.Slot.1_0x23_FRU",
                        "Name": "DellAssembly"
                    }
                }
            },
            "MemberId": "10"
        },
        {
            "@odata.id": "/redfish/v1/Chassis/System.Embedded.1/Assembly#/Assemblies/11",
            "MemberId": "11",
            "Model": "PWR SPLY,800W,RDNT,DELTA",
            "Name": "PSU.Slot.2#FRU",
            "ProductionDate": null,
            "EngineeringChangeLevel": "A00",
            "Oem": {
                "Dell": {
                    "DellAssembly": {
                        "@odata.context": "/redfish/v1/$metadata#DellAssembly.DellAssembly",
                        "DeviceFQDD": "PSU.Slot.2",
                        "Name": "DellAssembly",
                        "SerialNumber": "CNDED0048101JQ",
                        "@odata.id": "/redfish/v1/Chassis/System.Embedded.1/Oem/Dell/DellAssembly/PSU.Slot.2_0x23_FRU",
                        "Description": "This resource shall be used to represent an assembly information.",
                        "PackageType": "PowerSupply",
                        "@odata.type": "#DellAssembly.v1_1_0.DellAssembly",
                        "Id": "PSU.Slot.2_0x23_FRU"
                    },
                    "@odata.context": "/redfish/v1/$metadata#DellOemAssembly.DellOemAssembly",
                    "@odata.type": "#DellOemAssembly.v1_1_0.DellOemAssemblyLinks"
                }
            },
            "Producer": "DELL",
            "SerialNumber": "CNDED0048101JQ",
            "Description": "PWR SPLY,800W,RDNT,DELTA",
            "PartNumber": "08YNWG",
            "Vendor": "DELL"
        },
        {
            "ProductionDate": "",
            "Model": "",
            "MemberId": "12",
            "Producer": "",
            "Description": "",
            "@odata.id": "/redfish/v1/Chassis/System.Embedded.1/Assembly#/Assemblies/12",
            "SerialNumber": "05FANBRD",
            "Vendor": "DELL",
            "PartNumber": "0Y516W",
            "EngineeringChangeLevel": "A00",
            "Oem": {
                "Dell": {
                    "DellAssembly": {
                        "PackageType": "Module/Card",
                        "@odata.type": "#DellAssembly.v1_1_0.DellAssembly",
                        "Description": "This resource shall be used to represent an assembly information.",
                        "Id": "RFC.Integrated.1_0x23_FRU",
                        "Name": "DellAssembly",
                        "@odata.context": "/redfish/v1/$metadata#DellAssembly.DellAssembly",
                        "@odata.id": "/redfish/v1/Chassis/System.Embedded.1/Oem/Dell/DellAssembly/RFC.Integrated.1_0x23_FRU",
                        "DeviceFQDD": "RFC.Integrated.1",
                        "SerialNumber": "05FANBRD"
                    },
                    "@odata.context": "/redfish/v1/$metadata#DellOemAssembly.DellOemAssembly",
                    "@odata.type": "#DellOemAssembly.v1_1_0.DellOemAssemblyLinks"
                }
            },
            "Name": "RFC FRU"
        },
        {
            "@odata.id": "/redfish/v1/Chassis/System.Embedded.1/Assembly#/Assemblies/13",
            "MemberId": "13",
            "Name": "RSR11 FRU",
            "PartNumber": "00T5DV",
            "SerialNumber": "05R5b",
            "Vendor": "DELL",
            "Description": "",
            "Oem": {
                "Dell": {
                    "PICPowerIndex": 11,
                    "ModuleClass": 3,
                    "HardwareId": 163,
                    "DellAssembly": {
                        "Id": "RSR.Integrated.11_0x23_FRU",
                        "SerialNumber": "05R5b",
                        "@odata.context": "/redfish/v1/$metadata#DellAssembly.DellAssembly",
                        "@odata.id": "/redfish/v1/Chassis/System.Embedded.1/Oem/Dell/DellAssembly/RSR.Integrated.11_0x23_FRU",
                        "DeviceFQDD": "RSR.Integrated.11",
                        "Description": "This resource shall be used to represent an assembly information.",
                        "PackageType": "Module/Card",
                        "@odata.type": "#DellAssembly.v1_1_0.DellAssembly",
                        "Name": "DellAssembly"
                    },
                    "EndpointCount": 1,
                    "Type": "Riser",
                    "FirmwareMinor": 0,
                    "@odata.context": "/redfish/v1/$metadata#DellOemAssembly.DellOemAssembly",
                    "@odata.type": "#DellOemAssembly.v1_1_0.DellOemAssemblyLinks",
                    "FirmwareMajor": 0
                }
            },
            "EngineeringChangeLevel": "A00"
        },
        {
            "Oem": {
                "Dell": {
                    "@odata.context": "/redfish/v1/$metadata#DellOemAssembly.DellOemAssembly",
                    "FirmwareMinor": 0,
                    "DellAssembly": {
                        "Description": "This resource shall be used to represent an assembly information.",
                        "Name": "DellAssembly",
                        "@odata.id": "/redfish/v1/Chassis/System.Embedded.1/Oem/Dell/DellAssembly/RSR.Integrated.13_0x23_FRU",
                        "@odata.context": "/redfish/v1/$metadata#DellAssembly.DellAssembly",
                        "@odata.type": "#DellAssembly.v1_1_0.DellAssembly",
                        "DeviceFQDD": "RSR.Integrated.13",
                        "Id": "RSR.Integrated.13_0x23_FRU",
                        "PackageType": "Module/Card",
                        "SerialNumber": ""
                    },
                    "ModuleClass": 3,
                    "EndpointCount": 1,
                    "@odata.type": "#DellOemAssembly.v1_1_0.DellOemAssemblyLinks",
                    "HardwareId": 163,
                    "PICPowerIndex": 13,
                    "FirmwareMajor": 0,
                    "Type": "Riser"
                }
            },
            "MemberId": "14",
            "@odata.id": "/redfish/v1/Chassis/System.Embedded.1/Assembly#/Assemblies/14",
            "Vendor": "DELL",
            "SerialNumber": "",
            "EngineeringChangeLevel": "",
            "PartNumber": "",
            "Name": "RSR13 FRU",
            "Description": ""
        },
        {
            "PartNumber": "0TCX95",
            "@odata.id": "/redfish/v1/Chassis/System.Embedded.1/Assembly#/Assemblies/15",
            "SerialNumber": "05R1b",
            "Description": "",
            "EngineeringChangeLevel": "A00",
            "MemberId": "15",
            "Name": "RSR17 FRU",
            "Vendor": "DELL",
            "Oem": {
                "Dell": {
                    "@odata.type": "#DellOemAssembly.v1_1_0.DellOemAssemblyLinks",
                    "FirmwareMajor": 0,
                    "@odata.context": "/redfish/v1/$metadata#DellOemAssembly.DellOemAssembly",
                    "Type": "Riser",
                    "EndpointCount": 1,
                    "HardwareId": 169,
                    "FirmwareMinor": 0,
                    "ModuleClass": 3,
                    "DellAssembly": {
                        "Id": "RSR.Integrated.17_0x23_FRU",
                        "Description": "This resource shall be used to represent an assembly information.",
                        "@odata.type": "#DellAssembly.v1_1_0.DellAssembly",
                        "PackageType": "Module/Card",
                        "@odata.context": "/redfish/v1/$metadata#DellAssembly.DellAssembly",
                        "Name": "DellAssembly",
                        "SerialNumber": "05R1b",
                        "@odata.id": "/redfish/v1/Chassis/System.Embedded.1/Oem/Dell/DellAssembly/RSR.Integrated.17_0x23_FRU",
                        "DeviceFQDD": "RSR.Integrated.17"
                    },
                    "PICPowerIndex": 17
                }
            }
        },
        {
            "Description": "",
            "@odata.id": "/redfish/v1/Chassis/System.Embedded.1/Assembly#/Assemblies/16",
            "Vendor": "DELL",
            "Name": "RSR19 FRU",
            "PartNumber": "0NXVMY",
            "MemberId": "16",
            "EngineeringChangeLevel": "A00",
            "Oem": {
                "Dell": {
                    "FirmwareMinor": 0,
                    "PICPowerIndex": 19,
                    "FirmwareMajor": 0,
                    "HardwareId": 160,
                    "EndpointCount": 1,
                    "Type": "Riser",
                    "@odata.type": "#DellOemAssembly.v1_1_0.DellOemAssemblyLinks",
                    "@odata.context": "/redfish/v1/$metadata#DellOemAssembly.DellOemAssembly",
                    "ModuleClass": 1,
                    "DellAssembly": {
                        "@odata.type": "#DellAssembly.v1_1_0.DellAssembly",
                        "Name": "DellAssembly",
                        "@odata.context": "/redfish/v1/$metadata#DellAssembly.DellAssembly",
                        "SerialNumber": "04R2b",
                        "@odata.id": "/redfish/v1/Chassis/System.Embedded.1/Oem/Dell/DellAssembly/RSR.Integrated.19_0x23_FRU",
                        "Id": "RSR.Integrated.19_0x23_FRU",
                        "Description": "This resource shall be used to represent an assembly information.",
                        "PackageType": "Module/Card",
                        "DeviceFQDD": "RSR.Integrated.19"
                    }
                }
            },
            "SerialNumber": "04R2b"
        },
        {
            "@odata.id": "/redfish/v1/Chassis/System.Embedded.1/Assembly#/Assemblies/17",
            "ProductionDate": "2024-08-14T09:38:00Z",
            "Vendor": "DELL",
            "PartNumber": "08YJ1G",
            "Model": "PowerEdge R770",
            "Producer": "DELL",
            "EngineeringChangeLevel": "X34",
            "Oem": {
                "Dell": {
                    "DellAssembly": {
                        "PackageType": "Module/Card",
                        "@odata.context": "/redfish/v1/$metadata#DellAssembly.DellAssembly",
                        "@odata.type": "#DellAssembly.v1_1_0.DellAssembly",
                        "Id": "System.Embedded.1_0x23_FRU",
                        "SerialNumber": "CNWS30048300Q1",
                        "@odata.id": "/redfish/v1/Chassis/System.Embedded.1/Oem/Dell/DellAssembly/System.Embedded.1_0x23_FRU",
                        "DeviceFQDD": "System.Embedded.1",
                        "Description": "This resource shall be used to represent an assembly information.",
                        "Name": "DellAssembly"
                    },
                    "@odata.context": "/redfish/v1/$metadata#DellOemAssembly.DellOemAssembly",
                    "@odata.type": "#DellOemAssembly.v1_1_0.DellOemAssemblyLinks"
                }
            },
            "Description": "PowerEdge R770",
            "MemberId": "17",
            "SerialNumber": "CNWS30048300Q1",
            "Name": "System.Embedded.1#FRU"
        }
    ],
    "Assemblies@odata.count": 18,
    "Description": "Represents the properties of Assembly for the device",
    "Id": "Assembly",
    "Name": "Assembly"
}