{
    "@odata.context": "/redfish/v1/$metadata#JsonSchemaFile.JsonSchemaFile",
    "@odata.id": "/redfish/v1/JsonSchemas/DellJobCollection",
    "@odata.type": "#JsonSchemaFile.v1_1_4.JsonSchemaFile",
    "Description": "DellJobCollection Schema File Location",
    "Id": "DellJobCollection",
    "Languages": [
        "en"
    ],
    "Languages@odata.count": 1,
    "Location": [
        {
            "Language": "en",
            "PublicationUri": "http://downloads.dell.com/redfish/bmc/schemas/DellJobCollection.json",
            "Uri": "/redfish/v1/Schemas/DellJobCollection.json"
        }
    ],
    "Location@odata.count": 1,
    "Name": "DellJobCollection Schema File",
    "Schema": "#DellJobCollection.DellJobCollection"
}