{
    "@odata.context": "/redfish/v1/$metadata#DellNIC.DellNIC",
    "@odata.id": "/redfish/v1/Chassis/System.Embedded.1/Oem/Dell/DellNIC/NIC.Slot.10-2-1",
    "@odata.type": "#DellNIC.v1_7_0.DellNIC",
    "BusNumber": 135,
    "CableLengthMetres": null,
    "ControllerBIOSVersion": "229.2.62.0",
    "DataBusWidth": "16XOrX16",
    "Description": "An instance of DellNIC will have NIC device specific data.",
    "DeviceDescription": "NIC in Slot 10 Port 2 Partition 1",
    "EFIVersion": "229.2.64.0",
    "FCOSDriverVersion": null,
    "FCoEOSDriverVersion": null,
    "FCoEOffloadMode": "Unknown",
    "FQDD": "NIC.Slot.10-2-1",
    "FamilyVersion": "22.92.07.50",
    "ISCSIOSDriverVersion": null,
    "Id": "NIC.Slot.10-2-1",
    "IdentifierType": null,
    "InstanceID": "NIC.Slot.10-2-1",
    "LANDriverVersion": "216.0.143 ",
    "LastSystemInventoryTime": "2025-02-21T23:43:07+00:00",
    "LastUpdateTime": "2025-02-21T15:24:07+00:00",
    "LinkDuplex": "Unknown",
    "MaxBandwidthPercent": 100,
    "MediaType": "SFF_CAGE",
    "MinBandwidthPercent": 0,
    "Name": "DellNIC",
    "NicMode": "Enabled",
    "PCIDeviceID": "1751",
    "PCISubDeviceID": "5045",
    "PCISubVendorID": "14e4",
    "PCIVendorID": "14e4",
    "PartNumber": "03Y64D",
    "PermanentFCOEMACAddress": null,
    "PermanentFIPAddress": null,
    "PermanentiSCSIMACAddress": null,
    "ProductName": "Broadcom Adv. Quad 25Gb Ethernet - 6C:92:CF:1D:8A:B1",
    "Protocol": "NIC",
    "RDMAOSDriverVersion": null,
    "Revision": null,
    "SNAPIState": "Disabled",
    "SNAPISupport": "NotAvailable",
    "SerialNumber": "VNFCBBA44S014F",
    "SlotLength": "Other",
    "SlotType": "OCPNIC3.0SmallFormFactor",
    "TransceiverPartNumber": null,
    "TransceiverSerialNumber": null,
    "TransceiverVendorName": null,
    "VPISupport": "NotAvailable",
    "VendorName": "Broadcom Corp",
    "VirtualFIPAddress": null,
    "VirtualISCSIAddress": null,
    "iScsiOffloadMode": "Unknown"
}