{
    "@odata.context": "/redfish/v1/$metadata#JsonSchemaFile.JsonSchemaFile",
    "@odata.id": "/redfish/v1/JsonSchemas/ComponentIntegrityCollection",
    "@odata.type": "#JsonSchemaFile.v1_1_4.JsonSchemaFile",
    "Description": "ComponentIntegrityCollection Schema File Location",
    "Id": "ComponentIntegrityCollection",
    "Languages": [
        "en"
    ],
    "Languages@odata.count": 1,
    "Location": [
        {
            "Language": "en",
            "PublicationUri": "http://redfish.dmtf.org/schemas/v1/ComponentIntegrityCollection.json",
            "Uri": "/redfish/v1/Schemas/ComponentIntegrityCollection.json"
        }
    ],
    "Location@odata.count": 1,
    "Name": "ComponentIntegrityCollection Schema File",
    "Schema": "#ComponentIntegrityCollection.ComponentIntegrityCollection"
}