{
    "Id": "OEM.1:System.Embedded.1_0x23_FRU",
    "@odata.type": "#DellAssembly.v1_1_0.DellAssembly",
    "@odata.context": "/redfish/v1/$metadata#DellAssembly.DellAssembly",
    "@odata.etag": "W/\"gen-1\"",
    "SerialNumber": "",
    "Description": "This resource shall be used to represent an assembly information.",
    "Name": "DellAssembly",
    "@odata.id": "/redfish/v1/Chassis/System.Embedded.1/Oem/Dell/DellAssembly/OEM.1_System.Embedded.1_0x23_FRU",
    "PackageType": "Module/Card",
    "DeviceFQDD": "OEM.1:System.Embedded.1"
}