{
    "@odata.context": "/redfish/v1/$metadata#JsonSchemaFile.JsonSchemaFile",
    "@odata.id": "/redfish/v1/JsonSchemas/DataProtectionLineOfService",
    "@odata.type": "#JsonSchemaFile.v1_1_4.JsonSchemaFile",
    "Description": "DataProtectionLineOfService Schema File Location",
    "Id": "DataProtectionLineOfService",
    "Languages": [
        "en"
    ],
    "Languages@odata.count": 1,
    "Location": [
        {
            "Language": "en",
            "PublicationUri": "http://redfish.dmtf.org/schemas/swordfish/v1/DataProtectionLineOfService.json",
            "Uri": "/redfish/v1/Schemas/DataProtectionLineOfService.json"
        }
    ],
    "Location@odata.count": 1,
    "Name": "DataProtectionLineOfService Schema File",
    "Schema": "#DataProtectionLineOfService.DataProtectionLineOfService"
}