{
    "@odata.context": "/redfish/v1/$metadata#Job.Job",
    "@odata.id": "/redfish/v1/JobService/Jobs/JID_060113339299",
    "@odata.type": "#Job.v1_2_1.Job",
    "Description": "Represent a job in Redfish",
    "Id": "JID_060113339299",
    "Name": "Firmware Update: iDRAC with Lifecycle Controller",
    "JobState": "Completed",
    "JobStatus": "OK",
    "PercentComplete": 100,
    "StartTime": "2024-01-23T06:02:13-06:00",
    "EndTime": "2024-01-23T06:06:00-06:00",
    "Messages": [
        {
            "Message": "Job completed successfully.",
            "MessageId": "IDRAC.2.9.RED001",
            "MessageArgs": [],
            "MessageArgs@odata.count": 0
        }
    ],
    "Messages@odata.count": 1
}