{
    "@odata.context": "/redfish/v1/$metadata#NetworkAdapterCollection.NetworkAdapterCollection",
    "@odata.id": "/redfish/v1/Chassis/System.Embedded.1/NetworkAdapters",
    "@odata.type": "#NetworkAdapterCollection.NetworkAdapterCollection",
    "Description": "Collection Of Network Adapter",
    "Members": [
        {
            "@odata.id": "/redfish/v1/Chassis/System.Embedded.1/NetworkAdapters/NIC.Slot.10"
        },
        {
            "@odata.id": "/redfish/v1/Chassis/System.Embedded.1/NetworkAdapters/NIC.Slot.4"
        }
    ],
    "Members@odata.count": 2,
    "Name": "Network Adapter Collection"
}