{
    "Name": "Power",
    "@odata.etag": "\"W/'gen-82'\"",
    "Id": "Power",
    "PowerSupplies": [
        {
            "HotPluggable": true,
            "Assembly": {
                "@odata.id": "/redfish/v1/Chassis/System.Embedded.1/Power/PowerSupplies/PSU.Slot.1/Assembly"
            },
            "FirmwareVersion": "5b19",
            "SparePartNumber": "08YNWGA00",
            "PowerSupplyType": "ACorDC",
            "MemberId": "0",
            "PowerCapacityWatts": 800,
            "SerialNumber": "CNDED0048101KF",
            "LineInputVoltageType": "AC240V",
            "PowerInputWatts": 154,
            "PowerOutputWatts": 141,
            "InputRanges": [
                {
                    "MinimumFrequencyHz": 47,
                    "MinimumVoltage": 90,
                    "OutputWattage": 800,
                    "InputType": null,
                    "MaximumFrequencyHz": 63,
                    "MaximumVoltage": 264
                }
            ],
            "Name": "PS1 Status",
            "LineInputVoltage": 208,
            "@odata.id": "/redfish/v1/Chassis/System.Embedded.1/Power#/PowerSupplies/0",
            "LastPowerOutputWatts": 141,
            "Model": "PWR SPLY,800W,RDNT,DELTA",
            "EfficiencyPercent": 85.000002,
            "Oem": {
                "Dell": {
                    "@odata.context": "/redfish/v1/$metadata#DellOemPower_PowerSupplies.DellOemPower_PowerSupplies",
                    "@odata.type": "#DellOemPower_PowerSupplies.v1_0_0.DellOemPower_PowerSupplies",
                    "DellPowerSupply": {
                        "@odata.type": "#DellPowerSupply.v1_1_1.DellPowerSupply",
                        "Id": "PSU.Slot.1",
                        "RequestedState": "NotApplicable",
                        "Links": {
                            "DellPSNumericSensorCollection": [
                                {
                                    "@odata.id": "/redfish/v1/Systems/System.Embedded.1/Oem/Dell/DellPSNumericSensors/iDRAC.Embedded.1_0x23_PS1Current1"
                                }
                            ],
                            "DellPSNumericSensorCollection@odata.count": 1
                        },
                        "@odata.id": "/redfish/v1/Chassis/System.Embedded.1/PowerSubsystem/Oem/Dell/DellPowerSupply/PSU.Slot.1",
                        "Description": "An instance of DellPowerSupply will have data specific to the Power Supply devices in the managed system.",
                        "IsSwitchingSupply": true,
                        "OperationalStatus": [
                            "OK"
                        ],
                        "OperationalStatus@odata.count": 1,
                        "Name": "DellPowerSupply",
                        "@odata.context": "/redfish/v1/$metadata#DellPowerSupply.DellPowerSupply"
                    },
                    "DellPowerSupplyView": {
                        "Range1MaxInputPowerWatts": 918,
                        "RedMinNumberNeeded": 1,
                        "@odata.context": "/redfish/v1/$metadata#DellPowerSupplyView.DellPowerSupplyView",
                        "LastSystemInventoryTime": "2025-02-21T23:53:00+00:00",
                        "DeviceDescription": "Power Supply 1",
                        "LastUpdateTime": "1970-01-01T00:00:00+00:00",
                        "@odata.id": "/redfish/v1/Chassis/System.Embedded.1/PowerSubsystem/Oem/Dell/DellPowerSupplyInventory/PSU.Slot.1",
                        "RedTypeOfSet": [],
                        "RedTypeOfSet@odata.count": 0,
                        "Name": "DellPowerSupplyView",
                        "DetailedState": "Presence Detected",
                        "RedundancyStatus": "Unknown",
                        "PMBusMonitoring": "Capable",
                        "Id": "PSU.Slot.1",
                        "@odata.type": "#DellPowerSupplyView.v1_3_0.DellPowerSupplyView"
                    }
                }
            },
            "Status": {
                "Health": "OK",
                "State": "Enabled"
            },
            "PartNumber": "08YNWGA00",
            "RelatedItem": [
                {
                    "@odata.id": "/redfish/v1/Chassis/System.Embedded.1"
                }
            ],
            "Redundancy": [
                {
                    "MemberId": "0",
                    "Name": "PSU Redundancy",
                    "@odata.type": "#Redundancy.v1_4_1.Redundancy",
                    "MinNumNeeded": 2,
                    "Status": {
                        "Health": "OK",
                        "State": "Disabled"
                    },
                    "MaxNumSupported": 2,
                    "@odata.id": "/redfish/v1/Chassis/System.Embedded.1/Power#/Redundancy/0",
                    "RedundancySet": [
                        {
                            "@odata.id": "/redfish/v1/Chassis/System.Embedded.1/Power#/PowerSupplies/0"
                        },
                        {
                            "@odata.id": "/redfish/v1/Chassis/System.Embedded.1/Power#/PowerSupplies/1"
                        }
                    ],
                    "RedundancySet@odata.count": 2,
                    "Mode": "N+m",
                    "@odata.context": "/redfish/v1/$metadata#Redundancy.Redundancy"
                }
            ],
            "Manufacturer": "DELL"
        },
        {
            "LineInputVoltage": 120,
            "SerialNumber": "CNDED0048101JQ",
            "Assembly": {
                "@odata.id": "/redfish/v1/Chassis/System.Embedded.1/Power/PowerSupplies/PSU.Slot.2/Assembly"
            },
            "RelatedItem": [
                {
                    "@odata.id": "/redfish/v1/Chassis/System.Embedded.1"
                }
            ],
            "LineInputVoltageType": "AC120V",
            "Redundancy": [
                {
                    "RedundancySet": [
                        {
                            "@odata.id": "/redfish/v1/Chassis/System.Embedded.1/Power#/PowerSupplies/0"
                        },
                        {
                            "@odata.id": "/redfish/v1/Chassis/System.Embedded.1/Power#/PowerSupplies/1"
                        }
                    ],
                    "RedundancySet@odata.count": 2,
                    "Name": "PSU Redundancy",
                    "MinNumNeeded": 2,
                    "Status": {
                        "State": "Disabled",
                        "Health": "OK"
                    },
                    "MemberId": "0",
                    "MaxNumSupported": 2,
                    "@odata.context": "/redfish/v1/$metadata#Redundancy.Redundancy",
                    "Mode": "N+m",
                    "@odata.id": "/redfish/v1/Chassis/System.Embedded.1/Power#/Redundancy/0",
                    "@odata.type": "#Redundancy.v1_4_1.Redundancy"
                }
            ],
            "HotPluggable": true,
            "InputRanges": [
                {
                    "MinimumFrequencyHz": 47,
                    "MinimumVoltage": 90,
                    "OutputWattage": 800,
                    "InputType": null,
                    "MaximumFrequencyHz": 63,
                    "MaximumVoltage": 264
                }
            ],
            "MemberId": "1",
            "PowerOutputWatts": 150,
            "Status": {
                "State": "Enabled",
                "Health": "OK"
            },
            "PowerSupplyType": "ACorDC",
            "PowerCapacityWatts": 800,
            "LastPowerOutputWatts": 150,
            "FirmwareVersion": "5b19",
            "PartNumber": "08YNWGA00",
            "EfficiencyPercent": 85.000002,
            "SparePartNumber": "08YNWGA00",
            "Manufacturer": "DELL",
            "Name": "PS2 Status",
            "Oem": {
                "Dell": {
                    "@odata.type": "#DellOemPower_PowerSupplies.v1_0_0.DellOemPower_PowerSupplies",
                    "DellPowerSupply": {
                        "Id": "PSU.Slot.2",
                        "IsSwitchingSupply": true,
                        "RequestedState": "NotApplicable",
                        "@odata.id": "/redfish/v1/Chassis/System.Embedded.1/PowerSubsystem/Oem/Dell/DellPowerSupply/PSU.Slot.2",
                        "Name": "DellPowerSupply",
                        "@odata.type": "#DellPowerSupply.v1_1_1.DellPowerSupply",
                        "Description": "An instance of DellPowerSupply will have data specific to the Power Supply devices in the managed system.",
                        "Links": {
                            "DellPSNumericSensorCollection": [
                                {
                                    "@odata.id": "/redfish/v1/Systems/System.Embedded.1/Oem/Dell/DellPSNumericSensors/iDRAC.Embedded.1_0x23_PS2Current2"
                                }
                            ],
                            "DellPSNumericSensorCollection@odata.count": 1
                        },
                        "OperationalStatus": [
                            "OK"
                        ],
                        "OperationalStatus@odata.count": 1,
                        "@odata.context": "/redfish/v1/$metadata#DellPowerSupply.DellPowerSupply"
                    },
                    "DellPowerSupplyView": {
                        "RedTypeOfSet": [],
                        "RedTypeOfSet@odata.count": 0,
                        "Id": "PSU.Slot.2",
                        "DetailedState": "Presence Detected",
                        "LastSystemInventoryTime": "2025-02-21T23:53:00+00:00",
                        "PMBusMonitoring": "Capable",
                        "Range1MaxInputPowerWatts": 918,
                        "Name": "DellPowerSupplyView",
                        "DeviceDescription": "Power Supply 2",
                        "RedMinNumberNeeded": 1,
                        "RedundancyStatus": "Unknown",
                        "@odata.id": "/redfish/v1/Chassis/System.Embedded.1/PowerSubsystem/Oem/Dell/DellPowerSupplyInventory/PSU.Slot.2",
                        "LastUpdateTime": "1970-01-01T00:00:00+00:00",
                        "@odata.type": "#DellPowerSupplyView.v1_3_0.DellPowerSupplyView",
                        "@odata.context": "/redfish/v1/$metadata#DellPowerSupplyView.DellPowerSupplyView"
                    },
                    "@odata.context": "/redfish/v1/$metadata#DellOemPower_PowerSupplies.DellOemPower_PowerSupplies"
                }
            },
            "@odata.id": "/redfish/v1/Chassis/System.Embedded.1/Power#/PowerSupplies/1",
            "Model": "PWR SPLY,800W,RDNT,DELTA",
            "PowerInputWatts": 160
        }
    ],
    "PowerSupplies@odata.count": 2,
    "@odata.context": "/redfish/v1/$metadata#Power.Power",
    "@odata.type": "#Power.v1_7_3.Power",
    "PowerControl": [
        {
            "MemberId": "0",
            "Name": "System Power Control",
            "PowerLimit": {
                "LimitInWatts": 32767,
                "CorrectionInMs": 0,
                "LimitException": "HardPowerOff"
            },
            "PowerConsumedWatts": 314,
            "PowerAvailableWatts": 0,
            "PowerMetrics": {
                "MinConsumedWatts": 14,
                "AverageConsumedWatts": 294,
                "IntervalInMin": 1,
                "MaxConsumedWatts": 531
            },
            "PowerCapacityWatts": null,
            "RelatedItem": [
                {
                    "@odata.id": "/redfish/v1/Chassis/System.Embedded.1"
                }
            ],
            "PowerAllocatedWatts": 0,
            "@odata.id": "/redfish/v1/Chassis/System.Embedded.1/Power#/PowerControl/0",
            "PowerRequestedWatts": null
        }
    ],
    "@odata.id": "/redfish/v1/Chassis/System.Embedded.1/Power",
    "Description": "Power",
    "Redundancy": [
        {
            "@odata.type": "#Redundancy.v1_4_2.Redundancy",
            "@odata.id": "/redfish/v1/Chassis/System.Embedded.1/Power#/Redundancy/0",
            "MemberId": "0",
            "MinNumNeeded": 2,
            "Status": {
                "Health": "OK",
                "State": "Disabled"
            },
            "RedundancySet": [
                {
                    "@odata.id": "/redfish/v1/Chassis/System.Embedded.1/Power#/PowerSupplies/0"
                },
                {
                    "@odata.id": "/redfish/v1/Chassis/System.Embedded.1/Power#/PowerSupplies/1"
                }
            ],
            "RedundancySet@odata.count": 2,
            "Mode": "N+m",
            "Name": "PSU Redundancy",
            "@odata.context": "/redfish/v1/$metadata#Redundancy.Redundancy",
            "MaxNumSupported": 2
        }
    ],
    "Voltages": [
        {
            "Name": "CPU0 VCCINF VR",
            "LowerThresholdNonCritical": null,
            "LowerThresholdCritical": null,
            "MemberId": "0",
            "@odata.id": "/redfish/v1/Chassis/System.Embedded.1/Power#/Voltages/0",
            "SensorNumber": 52,
            "Status": {
                "Health": "OK",
                "State": "Enabled"
            },
            "PhysicalContext": "CPU",
            "RelatedItem": [
                {
                    "@odata.id": "/redfish/v1/Systems/System.Embedded.1/Processors/CPU.Socket.0"
                }
            ],
            "UpperThresholdCritical": null,
            "ReadingVolts": 0.726
        },
        {
            "LowerThresholdNonCritical": null,
            "Name": "PS2 Voltage 2",
            "MemberId": "1",
            "PhysicalContext": "PowerSupply",
            "UpperThresholdCritical": null,
            "ReadingVolts": 119.875,
            "Status": {
                "State": "Enabled",
                "Health": "OK"
            },
            "@odata.id": "/redfish/v1/Chassis/System.Embedded.1/Power#/Voltages/1",
            "LowerThresholdCritical": null,
            "RelatedItem": [
                {
                    "@odata.id": "/redfish/v1/Chassis/System.Embedded.1/Power#/PowerSupplies/1"
                }
            ],
            "SensorNumber": 110
        },
        {
            "PhysicalContext": "CPU",
            "LowerThresholdCritical": null,
            "SensorNumber": 29,
            "MemberId": "2",
            "UpperThresholdCritical": null,
            "Name": "CPU1 VCCINF VR",
            "LowerThresholdNonCritical": null,
            "Status": {
                "State": "Enabled",
                "Health": "OK"
            },
            "@odata.id": "/redfish/v1/Chassis/System.Embedded.1/Power#/Voltages/2",
            "RelatedItem": [
                {
                    "@odata.id": "/redfish/v1/Systems/System.Embedded.1/Processors/CPU.Socket.1"
                }
            ],
            "ReadingVolts": 0.726
        },
        {
            "@odata.id": "/redfish/v1/Chassis/System.Embedded.1/Power#/Voltages/3",
            "Status": {
                "State": "Enabled",
                "Health": "OK"
            },
            "UpperThresholdCritical": null,
            "SensorNumber": 50,
            "RelatedItem": [
                {
                    "@odata.id": "/redfish/v1/Systems/System.Embedded.1/Processors/CPU.Socket.0"
                }
            ],
            "PhysicalContext": "CPU",
            "MemberId": "3",
            "ReadingVolts": 1.81,
            "Name": "CPU0 VCCIN VR",
            "LowerThresholdCritical": null,
            "LowerThresholdNonCritical": null
        },
        {
            "Status": {
                "Health": "OK",
                "State": "Enabled"
            },
            "LowerThresholdNonCritical": null,
            "MemberId": "4",
            "Name": "CPU1 VCCD0 VR",
            "UpperThresholdCritical": null,
            "SensorNumber": 30,
            "@odata.id": "/redfish/v1/Chassis/System.Embedded.1/Power#/Voltages/4",
            "LowerThresholdCritical": null,
            "ReadingVolts": 1.115,
            "PhysicalContext": "CPU",
            "RelatedItem": [
                {
                    "@odata.id": "/redfish/v1/Systems/System.Embedded.1/Processors/CPU.Socket.1"
                }
            ]
        },
        {
            "LowerThresholdCritical": null,
            "@odata.id": "/redfish/v1/Chassis/System.Embedded.1/Power#/Voltages/5",
            "PhysicalContext": "CPU",
            "LowerThresholdNonCritical": null,
            "UpperThresholdCritical": null,
            "Status": {
                "Health": "OK",
                "State": "Enabled"
            },
            "SensorNumber": 55,
            "MemberId": "5",
            "ReadingVolts": 1.81,
            "RelatedItem": [
                {
                    "@odata.id": "/redfish/v1/Systems/System.Embedded.1/Processors/CPU.Socket.1"
                }
            ],
            "Name": "CPU1 VCCIN VR"
        },
        {
            "UpperThresholdCritical": null,
            "Status": {
                "Health": "OK",
                "State": "Enabled"
            },
            "LowerThresholdCritical": null,
            "LowerThresholdNonCritical": null,
            "@odata.id": "/redfish/v1/Chassis/System.Embedded.1/Power#/Voltages/6",
            "Name": "CPU1 VCCD1 VR",
            "ReadingVolts": 1.115,
            "SensorNumber": 31,
            "RelatedItem": [
                {
                    "@odata.id": "/redfish/v1/Systems/System.Embedded.1/Processors/CPU.Socket.1"
                }
            ],
            "MemberId": "6",
            "PhysicalContext": "CPU"
        },
        {
            "LowerThresholdNonCritical": null,
            "Name": "CPU0 VCCD0 VR",
            "Status": {
                "State": "Enabled",
                "Health": "OK"
            },
            "UpperThresholdCritical": null,
            "PhysicalContext": "CPU",
            "MemberId": "7",
            "SensorNumber": 53,
            "RelatedItem": [
                {
                    "@odata.id": "/redfish/v1/Systems/System.Embedded.1/Processors/CPU.Socket.0"
                }
            ],
            "LowerThresholdCritical": null,
            "@odata.id": "/redfish/v1/Chassis/System.Embedded.1/Power#/Voltages/7",
            "ReadingVolts": 1.113
        },
        {
            "MemberId": "8",
            "ReadingVolts": 1.115,
            "LowerThresholdNonCritical": null,
            "PhysicalContext": "CPU",
            "@odata.id": "/redfish/v1/Chassis/System.Embedded.1/Power#/Voltages/8",
            "RelatedItem": [
                {
                    "@odata.id": "/redfish/v1/Systems/System.Embedded.1/Processors/CPU.Socket.0"
                }
            ],
            "Name": "CPU0 VCCD1 VR",
            "UpperThresholdCritical": null,
            "SensorNumber": 54,
            "Status": {
                "State": "Enabled",
                "Health": "OK"
            },
            "LowerThresholdCritical": null
        },
        {
            "@odata.id": "/redfish/v1/Chassis/System.Embedded.1/Power#/Voltages/9",
            "Status": {
                "Health": "OK",
                "State": "Enabled"
            },
            "UpperThresholdCritical": null,
            "LowerThresholdCritical": null,
            "SensorNumber": 51,
            "PhysicalContext": "CPU",
            "RelatedItem": [
                {
                    "@odata.id": "/redfish/v1/Systems/System.Embedded.1/Processors/CPU.Socket.0"
                }
            ],
            "ReadingVolts": 1.802,
            "Name": "CPU0 VCCFA VR",
            "MemberId": "9",
            "LowerThresholdNonCritical": null
        },
        {
            "Name": "PS1 Voltage 1",
            "MemberId": "10",
            "LowerThresholdNonCritical": null,
            "SensorNumber": 109,
            "Status": {
                "State": "Enabled",
                "Health": "OK"
            },
            "LowerThresholdCritical": null,
            "PhysicalContext": "PowerSupply",
            "UpperThresholdCritical": null,
            "@odata.id": "/redfish/v1/Chassis/System.Embedded.1/Power#/Voltages/10",
            "ReadingVolts": 208.25,
            "RelatedItem": [
                {
                    "@odata.id": "/redfish/v1/Chassis/System.Embedded.1/Power#/PowerSupplies/0"
                }
            ]
        },
        {
            "LowerThresholdNonCritical": null,
            "SensorNumber": 28,
            "RelatedItem": [
                {
                    "@odata.id": "/redfish/v1/Systems/System.Embedded.1/Processors/CPU.Socket.1"
                }
            ],
            "@odata.id": "/redfish/v1/Chassis/System.Embedded.1/Power#/Voltages/11",
            "PhysicalContext": "CPU",
            "MemberId": "11",
            "Status": {
                "State": "Enabled",
                "Health": "OK"
            },
            "LowerThresholdCritical": null,
            "UpperThresholdCritical": null,
            "ReadingVolts": 1.802,
            "Name": "CPU1 VCCFA VR"
        }
    ],
    "Voltages@odata.count": 12
}