{
    "@odata.etag": "\"W/'gen-102'\"",
    "TemperatureSummaryCelsius": {
        "Exhaust": {
            "DataSourceUri": "/redfish/v1/Chassis/System.Embedded.1/Sensors/SystemBoardExhaustTemp",
            "Reading": 36
        },
        "Intake": {
            "DataSourceUri": "/redfish/v1/Chassis/System.Embedded.1/Sensors/SystemBoardInletTemp",
            "Reading": 25
        },
        "Internal": {
            "DataSourceUri": "/redfish/v1/Chassis/System.Embedded.1/Sensors/CPU0Temp",
            "Reading": 47.5
        }
    },
    "Id": "ThermalMetrics",
    "Description": "Represents the properties of Thermal Metrics of the chassis",
    "@odata.type": "#ThermalMetrics.v1_3_2.ThermalMetrics",
    "@odata.context": "/redfish/v1/$metadata#ThermalMetrics.ThermalMetrics",
    "TemperatureReadingsCelsius": [
        {
            "Reading": 36,
            "DataSourceUri": "/redfish/v1/Chassis/System.Embedded.1/Sensors/SystemBoardExhaustTemp"
        },
        {
            "Reading": 43.2,
            "DataSourceUri": "/redfish/v1/Chassis/System.Embedded.1/Sensors/CPU1Temp"
        },
        {
            "DataSourceUri": "/redfish/v1/Chassis/System.Embedded.1/Sensors/CPU0Temp",
            "Reading": 47.5
        },
        {
            "DataSourceUri": "/redfish/v1/Chassis/System.Embedded.1/Sensors/SystemBoardInletTemp",
            "Reading": 25
        }
    ],
    "TemperatureReadingsCelsius@odata.count": 4,
    "@odata.id": "/redfish/v1/Chassis/System.Embedded.1/ThermalSubsystem/ThermalMetrics",
    "Name": "Chassis Thermal Metrics"
}