{
    "Status": {
        "Health": "OK",
        "State": "Enabled"
    },
    "PhysicalContext": "Chassis",
    "@odata.id": "/redfish/v1/Chassis/System.Embedded.1/Sensors/SystemAirFlow",
    "@odata.context": "/redfish/v1/$metadata#Sensor.Sensor",
    "Description": "Net System Airflow",
    "@odata.type": "#Sensor.v1_10_1.Sensor",
    "Reading": 118,
    "Id": "SystemAirFlow",
    "ReadingType": "AirFlow",
    "Name": "SystemAirFlow",
    "ReadingUnits": "[ft_i]3/min",
    "@odata.etag": "W/\"gen-196\""
}