{
    "InputPowerWatts": {
        "DataSourceUri": "/redfish/v1/Chassis/System.Embedded.1/Sensors/PSU.Slot.1_InputPower",
        "Reading": 154
    },
    "Status": {
        "Health": "OK",
        "State": "Enabled"
    },
    "OutputPowerWatts": {
        "Reading": 141,
        "DataSourceUri": "/redfish/v1/Chassis/System.Embedded.1/Sensors/PSU.Slot.1_OutputPower"
    },
    "InputVoltage": {
        "Reading": 208.25,
        "DataSourceUri": "/redfish/v1/Chassis/System.Embedded.1/Sensors/PS1Voltage"
    },
    "InputCurrentAmps": {
        "DataSourceUri": "/redfish/v1/Chassis/System.Embedded.1/Sensors/PS1Current1",
        "Reading": 0.7
    },
    "@odata.context": "/redfish/v1/$metadata#PowerSupplyMetrics.PowerSupplyMetrics",
    "@odata.id": "/redfish/v1/Chassis/System.Embedded.1/PowerSubsystem/PowerSupplies/PSU.Slot.1/Metrics",
    "@odata.type": "#PowerSupplyMetrics.v1_1_2.PowerSupplyMetrics",
    "FrequencyHz": {
        "Reading": 63,
        "DataSourceUri": "/redfish/v1/Chassis/System.Embedded.1/Sensors/PSU.Slot.1_MaximumFrequency"
    },
    "Id": "Metrics",
    "@odata.etag": "\"W/'gen-41'\"",
    "Description": "Represents the properties of Power supply Metrics",
    "Name": "Metrics for Power Supply 1"
}