{
    "@odata.etag": "\"W/'gen-42'\"",
    "@odata.id": "/redfish/v1/Chassis/System.Embedded.1/PowerSubsystem/PowerSupplies/PSU.Slot.2/Metrics",
    "Status": {
        "State": "Enabled",
        "Health": "OK"
    },
    "InputPowerWatts": {
        "DataSourceUri": "/redfish/v1/Chassis/System.Embedded.1/Sensors/PSU.Slot.2_InputPower",
        "Reading": 160
    },
    "@odata.context": "/redfish/v1/$metadata#PowerSupplyMetrics.PowerSupplyMetrics",
    "InputVoltage": {
        "Reading": 119.875,
        "DataSourceUri": "/redfish/v1/Chassis/System.Embedded.1/Sensors/PS2Voltage"
    },
    "InputCurrentAmps": {
        "DataSourceUri": "/redfish/v1/Chassis/System.Embedded.1/Sensors/PS2Current2",
        "Reading": 1.3
    },
    "Id": "Metrics",
    "Description": "Represents the properties of Power supply Metrics",
    "FrequencyHz": {
        "Reading": 63,
        "DataSourceUri": "/redfish/v1/Chassis/System.Embedded.1/Sensors/PSU.Slot.2_MaximumFrequency"
    },
    "Name": "Metrics for Power Supply 2",
    "@odata.type": "#PowerSupplyMetrics.v1_1_2.PowerSupplyMetrics",
    "OutputPowerWatts": {
        "Reading": 150,
        "DataSourceUri": "/redfish/v1/Chassis/System.Embedded.1/Sensors/PSU.Slot.2_OutputPower"
    }
}