{
    "Slots": [
        {
            "HotPluggable": false,
            "Links": {
                "Processors": [],
                "Processors@odata.count": 0,
                "Oem": {
                    "Dell": {
                        "@odata.context": "/redfish/v1/$metadata#DellPCIeSlots.DellPCIeSlots",
                        "@odata.type": "#DellPCIeSlots.v1_1_0.DellPCIeSlotLinks",
                        "CPUAffinity": [],
                        "CPUAffinity@odata.count": 0
                    }
                },
                "PCIeDevice": [],
                "PCIeDevice@odata.count": 0
            },
            "Oem": {
                "Dell": {
                    "SlotKey": "PCIe.Slot.7",
                    "@odata.context": "/redfish/v1/$metadata#DellPCIeSlots.DellPCIeSlots",
                    "@odata.type": "#DellPCIeSlots.v1_1_0.DellPCIeSlots"
                }
            },
            "Status": {
                "State": "Enabled"
            },
            "PCIeType": "Gen5",
            "SlotType": "HalfLength",
            "Lanes": 16,
            "Location": {
                "PartLocation": {
                    "LocationType": "Slot",
                    "LocationOrdinalValue": 7
                }
            }
        },
        {
            "Location": {
                "PartLocation": {
                    "LocationOrdinalValue": 2,
                    "LocationType": "Slot"
                }
            },
            "HotPluggable": false,
            "SlotType": "HalfLength",
            "Status": {
                "State": "Enabled"
            },
            "Links": {
                "PCIeDevice": [],
                "PCIeDevice@odata.count": 0,
                "Processors": [],
                "Processors@odata.count": 0,
                "Oem": {
                    "Dell": {
                        "@odata.type": "#DellPCIeSlots.v1_1_0.DellPCIeSlotLinks",
                        "CPUAffinity": [],
                        "CPUAffinity@odata.count": 0,
                        "@odata.context": "/redfish/v1/$metadata#DellPCIeSlots.DellPCIeSlots"
                    }
                }
            },
            "Lanes": 16,
            "PCIeType": "Gen5",
            "Oem": {
                "Dell": {
                    "@odata.type": "#DellPCIeSlots.v1_1_0.DellPCIeSlots",
                    "SlotKey": "PCIe.Slot.2",
                    "@odata.context": "/redfish/v1/$metadata#DellPCIeSlots.DellPCIeSlots"
                }
            }
        },
        {
            "PCIeType": null,
            "Location": {
                "PartLocation": {
                    "LocationType": "Slot",
                    "LocationOrdinalValue": 4
                }
            },
            "Status": {
                "State": "Enabled"
            },
            "Links": {
                "PCIeDevice": [
                    {
                        "@odata.id": "/redfish/v1/Chassis/System.Embedded.1/PCIeDevices/1-135-0"
                    }
                ],
                "PCIeDevice@odata.count": 1,
                "Processors": [
                    {
                        "@odata.id": "/redfish/v1/Systems/System.Embedded.1/Processors/CPU.Socket.1"
                    }
                ],
                "Processors@odata.count": 1,
                "Oem": {
                    "Dell": {
                        "@odata.context": "/redfish/v1/$metadata#DellPCIeSlots.DellPCIeSlots",
                        "@odata.type": "#DellPCIeSlots.v1_1_0.DellPCIeSlotLinks",
                        "CPUAffinity": [
                            {
                                "@odata.id": "/redfish/v1/Systems/System.Embedded.1/Processors/CPU.Socket.1"
                            }
                        ],
                        "CPUAffinity@odata.count": 1
                    }
                }
            },
            "Lanes": 16,
            "SlotType": "OCP3Small",
            "Oem": {
                "Dell": {
                    "SlotKey": "PCIe.Slot.4",
                    "@odata.context": "/redfish/v1/$metadata#DellPCIeSlots.DellPCIeSlots",
                    "@odata.type": "#DellPCIeSlots.v1_1_0.DellPCIeSlots"
                }
            },
            "HotPluggable": false
        },
        {
            "HotPluggable": false,
            "PCIeType": "Gen5",
            "Status": {
                "State": "Enabled"
            },
            "Links": {
                "PCIeDevice": [],
                "PCIeDevice@odata.count": 0,
                "Processors": [],
                "Processors@odata.count": 0,
                "Oem": {
                    "Dell": {
                        "CPUAffinity": [],
                        "CPUAffinity@odata.count": 0,
                        "@odata.context": "/redfish/v1/$metadata#DellPCIeSlots.DellPCIeSlots",
                        "@odata.type": "#DellPCIeSlots.v1_1_0.DellPCIeSlotLinks"
                    }
                }
            },
            "SlotType": "HalfLength",
            "Location": {
                "PartLocation": {
                    "LocationOrdinalValue": 3,
                    "LocationType": "Slot"
                }
            },
            "Oem": {
                "Dell": {
                    "@odata.context": "/redfish/v1/$metadata#DellPCIeSlots.DellPCIeSlots",
                    "@odata.type": "#DellPCIeSlots.v1_1_0.DellPCIeSlots",
                    "SlotKey": "PCIe.Slot.3"
                }
            },
            "Lanes": 16
        },
        {
            "Lanes": 16,
            "Status": {
                "State": "Enabled"
            },
            "SlotType": "HalfLength",
            "Links": {
                "Oem": {
                    "Dell": {
                        "CPUAffinity": [],
                        "CPUAffinity@odata.count": 0,
                        "@odata.context": "/redfish/v1/$metadata#DellPCIeSlots.DellPCIeSlots",
                        "@odata.type": "#DellPCIeSlots.v1_1_0.DellPCIeSlotLinks"
                    }
                },
                "PCIeDevice": [],
                "PCIeDevice@odata.count": 0,
                "Processors": [],
                "Processors@odata.count": 0
            },
            "HotPluggable": false,
            "Oem": {
                "Dell": {
                    "@odata.context": "/redfish/v1/$metadata#DellPCIeSlots.DellPCIeSlots",
                    "@odata.type": "#DellPCIeSlots.v1_1_0.DellPCIeSlots",
                    "SlotKey": "PCIe.Slot.9"
                }
            },
            "PCIeType": "Gen5",
            "Location": {
                "PartLocation": {
                    "LocationType": "Slot",
                    "LocationOrdinalValue": 9
                }
            }
        },
        {
            "Oem": {
                "Dell": {
                    "@odata.context": "/redfish/v1/$metadata#DellPCIeSlots.DellPCIeSlots",
                    "@odata.type": "#DellPCIeSlots.v1_1_0.DellPCIeSlots",
                    "SlotKey": "PCIe.Slot.10"
                }
            },
            "Location": {
                "PartLocation": {
                    "LocationType": "Slot",
                    "LocationOrdinalValue": 10
                }
            },
            "SlotType": "OCP3Small",
            "PCIeType": null,
            "Status": {
                "State": "Enabled"
            },
            "HotPluggable": false,
            "Links": {
                "Oem": {
                    "Dell": {
                        "@odata.type": "#DellPCIeSlots.v1_1_0.DellPCIeSlotLinks",
                        "CPUAffinity": [
                            {
                                "@odata.id": "/redfish/v1/Systems/System.Embedded.1/Processors/CPU.Socket.0"
                            }
                        ],
                        "CPUAffinity@odata.count": 1,
                        "@odata.context": "/redfish/v1/$metadata#DellPCIeSlots.DellPCIeSlots"
                    }
                },
                "PCIeDevice": [
                    {
                        "@odata.id": "/redfish/v1/Chassis/System.Embedded.1/PCIeDevices/0-135-0"
                    }
                ],
                "PCIeDevice@odata.count": 1,
                "Processors": [
                    {
                        "@odata.id": "/redfish/v1/Systems/System.Embedded.1/Processors/CPU.Socket.0"
                    }
                ],
                "Processors@odata.count": 1
            },
            "Lanes": 16
        }
    ],
    "Slots@odata.count": 6,
    "@odata.context": "/redfish/v1/$metadata#PCIeSlots.PCIeSlots",
    "@odata.etag": "\"W/'gen-1'\"",
    "@odata.id": "/redfish/v1/Chassis/System.Embedded.1/PCIeSlots",
    "@odata.type": "#PCIeSlots.v1_6_1.PCIeSlots",
    "Description": "This Resource shall represent a set of PCIe slot information.",
    "Id": "PCIeSlots",
    "Name": "PCIeSlots"
}