{
    "@odata.context": "/redfish/v1/$metadata#JsonSchemaFile.JsonSchemaFile",
    "@odata.id": "/redfish/v1/JsonSchemas/Container.v1_0_1",
    "@odata.type": "#JsonSchemaFile.v1_1_5.JsonSchemaFile",
    "Description": "Container Schema File Location",
    "Id": "Container.v1_0_1",
    "Languages": [
        "en"
    ],
    "Languages@odata.count": 1,
    "Location": [
        {
            "Language": "en",
            "PublicationUri": "http://redfish.dmtf.org/schemas/v1/Container.v1_0_1.json",
            "Uri": "/redfish/v1/Schemas/Container.v1_0_1.json"
        }
    ],
    "Location@odata.count": 1,
    "Name": "Container Schema File",
    "Schema": "#Container.v1_0_1.Container"
}