{
    "DeviceId": "0x12c2",
    "RevisionId": "0x00",
    "Enabled": true,
    "SegmentNumber": "0x0000",
    "DeviceNumber": "0x18",
    "Id": "0-0-24-2",
    "FunctionProtocol": "PCIe",
    "FunctionNumber": "0x2",
    "SubsystemVendorId": "0x0000",
    "BusNumber": "0x00",
    "FunctionType": "Physical",
    "Status": {
        "State": "Enabled",
        "Health": "OK",
        "HealthRollup": "OK"
    },
    "Links": {
        "Drives": [],
        "Drives@odata.count": 0,
        "MemoryDomains": [],
        "MemoryDomains@odata.count": 0,
        "PCIeDevice": {
            "@odata.id": "/redfish/v1/Chassis/System.Embedded.1/PCIeDevices/0-0-24"
        }
    },
    "DeviceClass": "Bridge",
    "@odata.type": "#PCIeFunction.v1_6_0.PCIeFunction",
    "@odata.context": "/redfish/v1/$metadata#PCIeFunction.PCIeFunction",
    "Oem": {
        "Dell": {
            "DellPCIeFunction": {
                "SlotType": "Unknown",
                "DataBusWidth": "Unknown",
                "Id": "HostBridge.Embedded.1-10",
                "LastSystemInventoryTime": "2025-11-06T19:28:47+00:00",
                "LastUpdateTime": "2025-11-06T17:28:45+00:00",
                "SlotLength": "Unknown"
            },
            "@odata.context": "/redfish/v1/$metadata#DellChassisPCIeFunction.DellChassisPCIeFunction",
            "@odata.type": "#DellChassisPCIeFunction.v1_1_0.DellPCIeFunction"
        }
    },
    "@odata.id": "/redfish/v1/Chassis/System.Embedded.1/PCIeDevices/0-0-24/PCIeFunctions/0-0-24-2",
    "VendorId": "0x1022",
    "SubsystemId": "0x0000",
    "ClassCode": "0x000006",
    "FunctionId": 2,
    "Description": "Turin Data Fabric; Function 2",
    "Name": "Turin Data Fabric; Function 2",
    "@odata.etag": "W/\"gen-3\""
}