{
    "Members": [],
    "Members@odata.count": 0,
    "Description": "Collection of External Account Providers",
    "@odata.type": "#ExternalAccountProviderCollection.ExternalAccountProviderCollection",
    "@odata.id": "/redfish/v1/AccountService/ExternalAccountProviders",
    "Name": "ExternalAccountProviders Collection",
    "@Redfish.CollectionCapabilities": {
        "@odata.type": "#CollectionCapabilities.v1_4_1.CollectionCapabilities",
        "MaxMembers": 1
    },
    "@odata.etag": "W/\"gen-1\"",
    "@odata.context": "/redfish/v1/$metadata#ExternalAccountProviderCollection.ExternalAccountProviderCollection"
}