{
    "@odata.context": "/redfish/v1/$metadata#Job.Job",
    "@odata.id": "/redfish/v1/JobService/Jobs/JID_060153161125",
    "@odata.type": "#Job.v1_2_1.Job",
    "Description": "Represent a job in Redfish",
    "Id": "JID_060153161125",
    "Name": "SupportAssist Collection",
    "JobState": "Completed",
    "JobStatus": "OK",
    "PercentComplete": 100,
    "StartTime": "2024-01-23T07:08:36-06:00",
    "EndTime": "2024-01-23T07:08:36-06:00",
    "Messages": [
        {
            "Message": "The SupportAssist Transmission Operation is completed successfully.",
            "MessageId": "IDRAC.2.9.SRV088",
            "MessageArgs": [],
            "MessageArgs@odata.count": 0
        }
    ],
    "Messages@odata.count": 1
}