{
    "Description": "Represents EnvironmentMetrics of the Network Adapter",
    "@odata.context": "/redfish/v1/$metadata#EnvironmentMetrics.EnvironmentMetrics",
    "@odata.type": "#EnvironmentMetrics.v1_4_0.EnvironmentMetrics",
    "Name": "EnvironmentMetrics",
    "@odata.etag": "W/\"gen-1\"",
    "Id": "EnvironmentMetrics",
    "@odata.id": "/redfish/v1/Chassis/System.Embedded.1/NetworkAdapters/NIC.Slot.10/EnvironmentMetrics",
    "Oem": {
        "Dell": {
            "@odata.type": "#DellEnvironmentMetrics.v1_2_0.DellEnvironmentMetrics",
            "PowerWatts": [],
            "TemperatureCelsius": [
                {
                    "Reading": 38,
                    "DataSourceUri": "/redfish/v1/Chassis/System.Embedded.1/Sensors/NIC.Slot.10_sensorid_300",
                    "DeviceName": "Temperature Sensor 300"
                }
            ],
            "@odata.context": "/redfish/v1/$metadata#DellEnvironmentMetrics.DellEnvironmentMetrics"
        }
    }
}