{
    "Links": {
        "PCIeDevice": {
            "@odata.id": "/redfish/v1/Chassis/System.Embedded.1/PCIeDevices/0-254-5"
        },
        "Drives": [],
        "Drives@odata.count": 0
    },
    "@odata.context": "/redfish/v1/$metadata#PCIeFunction.PCIeFunction",
    "@odata.etag": "\"W/'gen-2'\"",
    "FunctionId": 1,
    "RevisionId": "0x00",
    "Description": "Intel Corporation",
    "FunctionType": "Physical",
    "DeviceClass": "SignalProcessingController",
    "@odata.type": "#PCIeFunction.v1_6_0.PCIeFunction",
    "@odata.id": "/redfish/v1/Chassis/System.Embedded.1/PCIeDevices/0-254-5/PCIeFunctions/0-254-5-1",
    "ClassCode": "0x000011",
    "Status": {
        "HealthRollup": "OK",
        "State": "Enabled",
        "Health": "OK"
    },
    "Enabled": true,
    "DeviceId": "0x324a",
    "Oem": {
        "Dell": {
            "@odata.context": "/redfish/v1/$metadata#DellChassisPCIeFunction.DellChassisPCIeFunction",
            "@odata.type": "#DellChassisPCIeFunction.v1_1_0.DellPCIeFunction",
            "DellPCIeFunction": {
                "SlotLength": "Unknown",
                "SlotType": "Unknown",
                "DataBusWidth": "Unknown",
                "Id": "HostBridge.Embedded.1-1",
                "LastSystemInventoryTime": "2025-02-21T23:53:00+00:00",
                "LastUpdateTime": "2025-02-21T21:24:07+00:00"
            }
        }
    },
    "SubsystemId": "0x09a2",
    "Id": "0-254-5-1",
    "FunctionProtocol": "PCIe",
    "Name": "Intel Corporation",
    "SubsystemVendorId": "0x8086",
    "VendorId": "0x8086"
}