{
    "@Redfish.Settings": {
        "@odata.context": "/redfish/v1/$metadata#Settings.Settings",
        "@odata.type": "#Settings.v1_4_0.Settings",
        "SettingsObject": {
            "@odata.id": "/redfish/v1/Chassis/System.Embedded.1/NetworkAdapters/NIC.Slot.10/NetworkDeviceFunctions/NIC.Slot.10-3-1/Oem/Dell/DellNetworkAttributes/NIC.Slot.10-3-1/Settings"
        },
        "SupportedApplyTimes": [
            "OnReset"
        ]
    },
    "@odata.context": "/redfish/v1/$metadata#DellAttributes.DellAttributes",
    "@odata.id": "/redfish/v1/Chassis/System.Embedded.1/NetworkAdapters/NIC.Slot.10/NetworkDeviceFunctions/NIC.Slot.10-3-1/Oem/Dell/DellNetworkAttributes/NIC.Slot.10-3-1",
    "@odata.type": "#DellAttributes.v1_0_0.DellAttributes",
    "AttributeRegistry": "NetworkAttributeRegistry_NIC.Slot.10-3-1",
    "Attributes": {
        "DeviceName": "Broadcom Adv. Quad 25Gb Ethernet",
        "ChipMdl": "BCM57504 B2",
        "PCIDeviceID": "1751",
        "BusDeviceFunction": "87:00:02",
        "MacAddr": "6C:92:CF:1D:8A:B2",
        "VirtMacAddr": "6C:92:CF:1D:8A:B2",
        "PXEBootSupport": "Available",
        "NicPartitioningSupport": "Available",
        "FlexAddressing": "Available",
        "TXBandwidthControlMaximum": "Available",
        "TXBandwidthControlMinimum": "Unavailable",
        "TOESupport": "Available",
        "DCBXSupport": "Available",
        "OSBMCManagementPassThrough": "Available",
        "EnergyEfficientEthernet": "Unavailable",
        "NWManagementPassThrough": "Available",
        "OnChipThermalSensor": "Available",
        "NParSTagSupport": "Unavailable",
        "SRIOVSupport": "Available",
        "RDMASupport": "Available",
        "FamilyVersion": "22.92.07.50",
        "ControllerBIOSVersion": "229.2.62.0",
        "Broadcom_MBAVersion": "229.2.64.0",
        "EFIVersion": "229.2.64.0",
        "BlnkLeds": 0,
        "Broadcom_AutodetectSpeedExcludeMask": 0,
        "VLanId": 1,
        "NumberVFAdvertised": 8,
        "Broadcom_MsixVectorsPerVf": 8,
        "Broadcom_MaxPfMsixVectors": 74,
        "VFAllocMult": 8,
        "NumberVFSupported": 32,
        "NumberPCIFunctionsSupported": 4,
        "NumberPCIFunctionsEnabled": 1,
        "RDMANICModeOnPort": "Disabled",
        "NicMode": "Enabled",
        "Broadcom_OperationalLnkSpeed": "AutoNeg",
        "Broadcom_MediaAutoDetect": "Enabled",
        "Broadcom_ANProtocol": "Broadcom_ANProtocolIEEEandConsortium",
        "Broadcom_ForwardErrorCorrection": "Disabled",
        "Broadcom_PortLinkTraining": "Disabled",
        "BootOptionROM": "Enabled",
        "LegacyBootProto": "NONE",
        "BootStrapType": "AutoDetect",
        "WakeOnLan": "Disabled",
        "VLanMode": "Disabled",
        "BootRetryCnt": "NoRetry",
        "PermitTotalPortShutdown": "Disabled",
        "VirtualizationMode": "SRIOV",
        "NParEP": "Disabled",
        "Broadcom_SupportRdmaOnVFs": "Disabled",
        "Broadcom_DCBX": "Disabled",
        "Broadcom_LLDPNearestBridge": "Enabled",
        "Broadcom_LLDPNearestNonTPMRBridge": "Enabled",
        "Broadcom_DefaultEVBMode": "VEB",
        "Broadcom_FlowOffload": "Disabled",
        "Broadcom_AdapterErrorRecovery": "Enabled",
        "Broadcom_Bar2Size": "16M",
        "Broadcom_PerformanceProfile": "Default",
        "RDMAProtocolSupport": "RoCE",
        "VFAllocBasis": "Port",
        "PartitionStateInterpretation": "Fixed"
    },
    "Description": "DellNetworkAttributes represents the Network device attribute details.",
    "Id": "NIC.Slot.10-3-1",
    "Name": "DellNetworkAttributes"
}