{
    "@odata.context": "/redfish/v1/$metadata#PCIeDevice.PCIeDevice",
    "@odata.etag": "\"1740158370\"",
    "@odata.id": "/redfish/v1/Chassis/System.Embedded.1/PCIeDevices/80-0",
    "@odata.type": "#PCIeDevice.v1_14_0.PCIeDevice",
    "AssetTag": null,
    "Description": "PERC H965i Front",
    "DeviceType": "SingleFunction",
    "FirmwareVersion": "8.8.0.0.18-26",
    "Id": "80-0",
    "Links": {
        "Chassis": [
            {
                "@odata.id": "/redfish/v1/Chassis/System.Embedded.1"
            }
        ],
        "Chassis@odata.count": 1,
        "Oem": {
            "Dell": {
                "@odata.type": "#DellOem.v1_3_0.DellOemLinks",
                "CPUAffinity": [
                    {
                        "@odata.id": "/redfish/v1/Systems/System.Embedded.1/Processors/CPU.Socket.1"
                    }
                ],
                "CPUAffinity@odata.count": 1
            }
        },
        "PCIeFunctions": [
            {
                "@odata.id": "/redfish/v1/Chassis/System.Embedded.1/PCIeDevices/80-0/PCIeFunctions/80-0-0"
            }
        ],
        "PCIeFunctions@odata.count": 1,
        "PCIeFunctions@Redfish.Deprecated": "Please migrate to PCIeFunctions property in the root resource."
    },
    "Manufacturer": "Broadcom / LSI",
    "Model": "Dell Storage Cntlr. H965i Front",
    "Name": "PERC H965i Front",
    "PartNumber": "0NG8NP",
    "SKU": null,
    "SerialNumber": "CNFCP0034I00UQ",
    "Slot": {},
    "Status": {
        "State": "Enabled",
        "Health": "OK",
        "HealthRollup": "OK"
    },
    "PCIeFunctions": {
        "@odata.id": "/redfish/v1/Chassis/System.Embedded.1/PCIeDevices/80-0/PCIeFunctions"
    }
}