{
    "@odata.context": "/redfish/v1/$metadata#JsonSchemaFile.JsonSchemaFile",
    "@odata.id": "/redfish/v1/JsonSchemas/Aggregate",
    "@odata.type": "#JsonSchemaFile.v1_1_4.JsonSchemaFile",
    "Description": "Aggregate Schema File Location",
    "Id": "Aggregate",
    "Languages": [
        "en"
    ],
    "Languages@odata.count": 1,
    "Location": [
        {
            "Language": "en",
            "PublicationUri": "http://redfish.dmtf.org/schemas/v1/Aggregate.json",
            "Uri": "/redfish/v1/Schemas/Aggregate.json"
        }
    ],
    "Location@odata.count": 1,
    "Name": "Aggregate Schema File",
    "Schema": "#Aggregate.Aggregate"
}