{
    "SerialNumber": null,
    "DeviceType": "MultiFunction",
    "@odata.type": "#PCIeDevice.v1_18_0.PCIeDevice",
    "Manufacturer": "Advanced Micro Devices, Inc. [AMD]",
    "AssetTag": null,
    "SKU": null,
    "@odata.id": "/redfish/v1/Chassis/System.Embedded.1/PCIeDevices/0-152-7",
    "Status": {
        "HealthRollup": "OK",
        "State": "Enabled",
        "Health": "OK"
    },
    "Name": "Turin Internal PCIe GPP Bridge to Bus [D:C]",
    "@odata.context": "/redfish/v1/$metadata#PCIeDevice.PCIeDevice",
    "@odata.etag": "W/\"gen-4\"",
    "PartNumber": null,
    "Links": {
        "PCIeFunctions": [
            {
                "@odata.id": "/redfish/v1/Chassis/System.Embedded.1/PCIeDevices/0-152-7/PCIeFunctions/0-152-7-0"
            },
            {
                "@odata.id": "/redfish/v1/Chassis/System.Embedded.1/PCIeDevices/0-152-7/PCIeFunctions/0-152-7-1"
            }
        ],
        "PCIeFunctions@odata.count": 2,
        "Chassis": [
            {
                "@odata.id": "/redfish/v1/Chassis/System.Embedded.1"
            }
        ],
        "Chassis@odata.count": 1,
        "Oem": {
            "Dell": {
                "CPUAffinity": [],
                "CPUAffinity@odata.count": 0,
                "@odata.context": "/redfish/v1/$metadata#DellPCIeDevice.DellPCIeDevice",
                "@odata.type": "#DellPCIeDevice.v1_0_0.DellPCIeDeviceLinks"
            }
        }
    },
    "Slot": {
        "SlotType": null,
        "Lanes": null,
        "Location": {
            "PartLocation": {
                "LocationOrdinalValue": null,
                "LocationType": "Slot"
            }
        },
        "PCIeType": null
    },
    "PCIeFunctions": {
        "@odata.id": "/redfish/v1/Chassis/System.Embedded.1/PCIeDevices/0-152-7/PCIeFunctions"
    },
    "Id": "0-152-7",
    "PCIeInterface": {
        "LanesInUse": null,
        "MaxLanes": null,
        "MaxPCIeType": null,
        "PCIeType": null
    },
    "FirmwareVersion": "",
    "Model": null,
    "Description": "Turin Internal PCIe GPP Bridge to Bus [D:C]"
}