{
    "@odata.context": "/redfish/v1/$metadata#JsonSchemaFile.JsonSchemaFile",
    "@odata.id": "/redfish/v1/JsonSchemas/DellDrive",
    "@odata.type": "#JsonSchemaFile.v1_1_4.JsonSchemaFile",
    "Description": "DellDrive Schema File Location",
    "Id": "DellDrive",
    "Languages": [
        "en"
    ],
    "Languages@odata.count": 1,
    "Location": [
        {
            "Language": "en",
            "PublicationUri": "http://downloads.dell.com/redfish/bmc/schemas/DellDrive.json",
            "Uri": "/redfish/v1/Schemas/DellDrive.json"
        }
    ],
    "Location@odata.count": 1,
    "Name": "DellDrive Schema File",
    "Schema": "#DellDrive.DellDrive"
}