{
    "@odata.context": "/redfish/v1/$metadata#JsonSchemaFile.JsonSchemaFile",
    "@odata.id": "/redfish/v1/JsonSchemas/AccountService",
    "@odata.type": "#JsonSchemaFile.v1_1_4.JsonSchemaFile",
    "Description": "AccountService Schema File Location",
    "Id": "AccountService",
    "Languages": [
        "en"
    ],
    "Languages@odata.count": 1,
    "Location": [
        {
            "Language": "en",
            "PublicationUri": "http://redfish.dmtf.org/schemas/v1/AccountService.json",
            "Uri": "/redfish/v1/Schemas/AccountService.json"
        }
    ],
    "Location@odata.count": 1,
    "Name": "AccountService Schema File",
    "Schema": "#AccountService.AccountService"
}