{
    "@odata.context": "/redfish/v1/$metadata#PCIeDevice.PCIeDevice",
    "@odata.etag": "\"1707801118\"",
    "@odata.id": "/redfish/v1/Chassis/System.Embedded.1/PCIeDevices/13-0",
    "@odata.type": "#PCIeDevice.v1_11_1.PCIeDevice",
    "AssetTag": null,
    "Description": "MT42822 BlueField-2 integrated ConnectX-6 Dx network controller",
    "DeviceType": "MultiFunction",
    "FirmwareVersion": "24.33.12.46",
    "Id": "13-0",
    "Links": {
        "Chassis": [
            {
                "@odata.id": "/redfish/v1/Chassis/System.Embedded.1"
            }
        ],
        "Chassis@odata.count": 1,
        "Oem": {
            "Dell": {
                "@odata.type": "#DellOem.v1_3_0.DellOemLinks",
                "CPUAffinity": [
                    {
                        "@odata.id": "/redfish/v1/Systems/System.Embedded.1/Processors/CPU.Socket.1"
                    }
                ],
                "CPUAffinity@odata.count": 1
            }
        },
        "PCIeFunctions": [
            {
                "@odata.id": "/redfish/v1/Chassis/System.Embedded.1/PCIeDevices/13-0/PCIeFunctions/13-0-0"
            },
            {
                "@odata.id": "/redfish/v1/Chassis/System.Embedded.1/PCIeDevices/13-0/PCIeFunctions/13-0-1"
            }
        ],
        "PCIeFunctions@odata.count": 2,
        "PCIeFunctions@Redfish.Deprecated": "Please migrate to PCIeFunctions property in the root resource."
    },
    "Manufacturer": "Mellanox Technologies",
    "Model": "Nvidia Bluefield-2 Dual Port 100 GbE QSFP Crypto DPU",
    "Name": "MT42822 BlueField-2 integrated ConnectX-6 Dx network controller",
    "PartNumber": "0PXDVR",
    "SKU": null,
    "SerialNumber": "IL7403132E006X",
    "Slot": {
        "Lanes": 16,
        "Location": {
            "PartLocation": {
                "LocationOrdinalValue": 2,
                "LocationType": "Slot"
            }
        },
        "PCIeType": "Gen5",
        "SlotType": "HalfLength"
    },
    "PCIeInterface": {
        "MaxPCIeType": "Gen5",
        "PCIeType": "Gen5",
        "MaxLanes": 16,
        "LanesInUse": 16
    },
    "Status": {
        "State": "Enabled",
        "Health": "OK",
        "HealthRollup": "OK"
    },
    "PCIeFunctions": {
        "@odata.id": "/redfish/v1/Chassis/System.Embedded.1/PCIeDevices/13-0/PCIeFunctions"
    }
}