{
    "Oem": {
        "Dell": {
            "@odata.type": "#DellOemSensor.v1_1_0.DellOemSensor",
            "CurrentState": "Normal",
            "DeviceID": "iDRAC.Embedded.1#PS2Current2",
            "PossibleStates": [
                "Unknown",
                "Fatal",
                "Normal",
                "Upper Fatal",
                "Upper Critical",
                "Upper Non-Critical",
                "Lower Non-Critical",
                "Lower Critical",
                "Lower Fatal"
            ],
            "PossibleStates@odata.count": 9,
            "RequestedState": "NotApplicable",
            "@odata.context": "/redfish/v1/$metadata#DellOemSensor.DellOemSensor"
        }
    },
    "PhysicalContext": "PowerSupply",
    "@odata.context": "/redfish/v1/$metadata#Sensor.Sensor",
    "Id": "PS2Current2",
    "Name": "PS2 Current 2",
    "ReadingRangeMin": null,
    "@odata.type": "#Sensor.v1_9_0.Sensor",
    "@odata.etag": "\"W/'gen-27'\"",
    "ReadingType": "Current",
    "ReadingUnits": "A",
    "@odata.id": "/redfish/v1/Chassis/System.Embedded.1/Sensors/PS2Current2",
    "Thresholds": {
        "LowerCaution": {
            "Reading": null
        },
        "LowerCritical": {
            "Reading": null
        },
        "UpperCaution": {
            "Reading": null
        },
        "UpperCritical": {
            "Reading": null
        }
    },
    "ReadingBasis": "Zero",
    "Status": {
        "Health": "OK",
        "State": "Enabled"
    },
    "Reading": 1.3,
    "Description": "Instance of Sensor Id",
    "ReadingRangeMax": null
}