{
    "Reading": 1.099,
    "PhysicalContext": "CPU",
    "ReadingBasis": "Zero",
    "Id": "CPU1VCCD1VR",
    "ReadingUnits": "V",
    "@odata.id": "/redfish/v1/Chassis/System.Embedded.1/Sensors/CPU1VCCD1VR",
    "Description": "Instance of Sensor Id",
    "Thresholds": {
        "LowerCaution": {
            "Reading": null
        },
        "LowerCritical": {
            "Reading": null
        },
        "UpperCaution": {
            "Reading": null
        },
        "UpperCritical": {
            "Reading": null
        }
    },
    "@odata.etag": "W/\"gen-5\"",
    "Oem": {
        "Dell": {
            "RequestedState": "NotApplicable",
            "CurrentState": "Normal",
            "DeviceID": "iDRAC.Embedded.1#CPU1VCCD1VR",
            "@odata.context": "/redfish/v1/$metadata#DellOemSensor.DellOemSensor",
            "@odata.type": "#DellOemSensor.v1_2_0.DellOemSensor",
            "PossibleStates": [
                "Unknown",
                "Fatal",
                "Normal",
                "Upper Fatal",
                "Upper Critical",
                "Upper Non-Critical",
                "Lower Non-Critical",
                "Lower Critical",
                "Lower Fatal"
            ],
            "PossibleStates@odata.count": 9
        }
    },
    "ReadingRangeMin": null,
    "@odata.type": "#Sensor.v1_10_1.Sensor",
    "ReadingType": "Voltage",
    "ReadingRangeMax": null,
    "Name": "CPU1 VCCD1 VR",
    "Status": {
        "Health": "OK",
        "State": "Enabled"
    },
    "@odata.context": "/redfish/v1/$metadata#Sensor.Sensor"
}