{
    "@odata.context": "/redfish/v1/$metadata#JsonSchemaFile.JsonSchemaFile",
    "@odata.id": "/redfish/v1/JsonSchemas/DellFCPortMetrics.v1_1_1",
    "@odata.type": "#JsonSchemaFile.v1_1_4.JsonSchemaFile",
    "Description": "DellFCPortMetrics Schema File Location",
    "Id": "DellFCPortMetrics.v1_1_1",
    "Languages": [
        "en"
    ],
    "Languages@odata.count": 1,
    "Location": [
        {
            "Language": "en",
            "PublicationUri": "http://downloads.dell.com/redfish/bmc/schemas/DellFCPortMetrics.v1_1_1.json",
            "Uri": "/redfish/v1/Schemas/DellFCPortMetrics.v1_1_1.json"
        }
    ],
    "Location@odata.count": 1,
    "Name": "DellFCPortMetrics Schema File",
    "Schema": "#DellFCPortMetrics.v1_1_1.DellFCPortMetrics"
}