{
    "@odata.id": "/redfish/v1/AccountService",
    "SupportedOEMAccountTypes": [
        "SOL",
        "Racadm"
    ],
    "AccountLockoutCounterResetAfter": 0,
    "Status": {
        "State": "Enabled",
        "Health": "OK"
    },
    "@odata.context": "/redfish/v1/$metadata#AccountService.AccountService",
    "LocalAccountAuth": "Fallback",
    "Accounts": {
        "@odata.id": "/redfish/v1/AccountService/Accounts"
    },
    "AccountLockoutThreshold": 0,
    "@odata.type": "#AccountService.v1_15_1.AccountService",
    "PrivilegeMap": {
        "@odata.id": "/redfish/v1/Managers/iDRAC.Embedded.1/PrivilegeRegistry"
    },
    "ServiceEnabled": true,
    "AccountLockoutDuration": 0,
    "Id": "AccountService",
    "SupportedAccountTypes": [
        "Redfish",
        "SNMP",
        "OEM",
        "HostConsole",
        "ManagerConsole",
        "IPMI",
        "KVMIP",
        "VirtualMedia",
        "WebUI"
    ],
    "PasswordExpirationDays": null,
    "Name": "Account Service",
    "ActiveDirectory": {},
    "MaxPasswordLength": 127,
    "MinPasswordLength": 0,
    "Roles": {
        "@odata.id": "/redfish/v1/AccountService/Roles"
    },
    "Description": "BMC User Accounts",
    "@odata.etag": "\"W/'gen-3'\"",
    "AuthFailureLoggingThreshold": 1
}