{
    "Oem": {
        "Dell": {
            "PeakReadings": {
                "LastHour": {
                    "Reading": 0,
                    "ReadingTime": "2025-11-06T13:29:41-06:00"
                },
                "LastWeek": {
                    "ReadingTime": "2025-11-06T13:29:41-06:00",
                    "Reading": 14
                },
                "LastDay": {
                    "ReadingTime": "2025-11-06T13:29:41-06:00",
                    "Reading": 14
                }
            },
            "AverageReadings": {
                "LastDay": {
                    "Reading": 0,
                    "AveragingIntervalAchieved": true
                },
                "LastHour": {
                    "Reading": 0,
                    "AveragingIntervalAchieved": true
                },
                "LastWeek": {
                    "Reading": 0,
                    "AveragingIntervalAchieved": true
                }
            },
            "RequestedState": "NotApplicable",
            "@odata.type": "#DellOemSensor.v1_2_0.DellOemSensor",
            "DeviceID": "iDRAC.Embedded.1#SystemBoardCPUUsage",
            "LowestReadings": {
                "LastDay": {
                    "Reading": 0,
                    "ReadingTime": "2025-11-06T13:24:33-06:00"
                },
                "LastHour": {
                    "Reading": 0,
                    "ReadingTime": "2025-11-06T15:26:11-06:00"
                },
                "LastWeek": {
                    "ReadingTime": "2025-11-06T13:24:33-06:00",
                    "Reading": 0
                }
            },
            "PossibleStates": [
                "Unknown",
                "Fatal",
                "Normal",
                "Upper Fatal",
                "Upper Critical",
                "Upper Non-Critical",
                "Lower Non-Critical",
                "Lower Critical",
                "Lower Fatal"
            ],
            "PossibleStates@odata.count": 9,
            "@odata.context": "/redfish/v1/$metadata#DellOemSensor.DellOemSensor"
        }
    },
    "@odata.context": "/redfish/v1/$metadata#Sensor.Sensor",
    "PhysicalContext": "SystemBoard",
    "Name": "System Board CPU Usage",
    "Status": {
        "State": "Enabled",
        "Health": "OK"
    },
    "PeakReadingTime": "2025-11-06T13:29:41-06:00",
    "ReadingUnits": "%",
    "@odata.type": "#Sensor.v1_10_1.Sensor",
    "SensorResetTime": "2025-11-06T13:21:11-06:00",
    "ReadingType": "Percent",
    "@odata.etag": "W/\"gen-22\"",
    "Description": "Instance of Sensor Id",
    "Actions": {
        "Oem": {
            "#DellOemSensor.GetHistoricalSensorReadings": {
                "target": "/redfish/v1/Chassis/System.Embedded.1/Sensors/SystemBoardCPUUsage/Actions/Oem/DellOemSensor.GetHistoricalSensorReadings",
                "ReadingHistoryPeriod@Redfish.AllowableValues": [
                    "LastHour",
                    "LastDay",
                    "LastWeek"
                ]
            }
        },
        "#Sensor.ResetMetrics": {
            "target": "/redfish/v1/Chassis/System.Embedded.1/Sensors/SystemBoardCPUUsage/Actions/Sensor.ResetMetrics"
        }
    },
    "Reading": 0,
    "ReadingBasis": "Zero",
    "PeakReading": 14,
    "@odata.id": "/redfish/v1/Chassis/System.Embedded.1/Sensors/SystemBoardCPUUsage",
    "Id": "SystemBoardCPUUsage"
}