{
    "@odata.context": "/redfish/v1/$metadata#JsonSchemaFile.JsonSchemaFile",
    "@odata.id": "/redfish/v1/JsonSchemas/AccelerationFunction",
    "@odata.type": "#JsonSchemaFile.v1_1_4.JsonSchemaFile",
    "Description": "AccelerationFunction Schema File Location",
    "Id": "AccelerationFunction",
    "Languages": [
        "en"
    ],
    "Languages@odata.count": 1,
    "Location": [
        {
            "Language": "en",
            "PublicationUri": "http://redfish.dmtf.org/schemas/v1/AccelerationFunction.json",
            "Uri": "/redfish/v1/Schemas/AccelerationFunction.json"
        }
    ],
    "Location@odata.count": 1,
    "Name": "AccelerationFunction Schema File",
    "Schema": "#AccelerationFunction.AccelerationFunction"
}