{
    "@odata.context": "/redfish/v1/$metadata#Sensor.Sensor",
    "@odata.id": "/redfish/v1/Chassis/System.Embedded.1/Sensors/Fan.Embedded.4B",
    "@odata.type": "#Sensor.v1_7_0.Sensor",
    "Name": "System Board Fan4B",
    "Id": "Fan.Embedded.4B",
    "Description": "Instance of Sensor Id",
    "ReadingType": "Rotational",
    "ReadingUnits": "RPM",
    "Status": {
        "Health": "OK",
        "State": "Enabled"
    },
    "Reading": 6720.0,
    "SpeedRPM": 6720,
    "PhysicalContext": "SystemBoard",
    "Oem": {
        "Dell": {
            "@odata.type": "#DellOemSensor.v1_0_0.DellOemSensor",
            "CurrentState": "Normal",
            "DeviceID": "0x17||Fan.Embedded.4B",
            "PossibleStates": [
                "Unknown",
                "Fatal",
                "Normal",
                "Upper Fatal",
                "Upper Critical",
                "Upper Non-Critical",
                "Lower Non-Critical",
                "Lower Critical",
                "Lower Fatal"
            ],
            "PossibleStates@odata.count": 9,
            "RequestedState": "NotApplicable"
        }
    },
    "Thresholds": {
        "UpperCritical": {
            "Reading": null
        },
        "UpperCaution": {
            "Reading": null
        },
        "LowerCaution": {
            "Reading": 840
        },
        "LowerCritical": {
            "Reading": 480
        }
    }
}