{
    "Description": "This resource shall be used to represent an assembly information.",
    "DeviceFQDD": "RSR.Integrated.12",
    "@odata.context": "/redfish/v1/$metadata#DellAssembly.DellAssembly",
    "@odata.type": "#DellAssembly.v1_1_0.DellAssembly",
    "PackageType": "Module/Card",
    "Name": "DellAssembly",
    "@odata.etag": "W/\"gen-1\"",
    "Id": "RSR.Integrated.12_0x23_FRU",
    "SerialNumber": "23R5e",
    "@odata.id": "/redfish/v1/Chassis/System.Embedded.1/Oem/Dell/DellAssembly/RSR.Integrated.12_0x23_FRU"
}