{
    "ClassCode": "0x000006",
    "SubsystemVendorId": "0x0000",
    "VendorId": "0x1022",
    "FunctionProtocol": "PCIe",
    "@odata.etag": "W/\"gen-3\"",
    "SubsystemId": "0x0000",
    "DeviceId": "0x12c3",
    "@odata.context": "/redfish/v1/$metadata#PCIeFunction.PCIeFunction",
    "FunctionId": 3,
    "DeviceNumber": "0x19",
    "BusNumber": "0x00",
    "Status": {
        "HealthRollup": "OK",
        "State": "Enabled",
        "Health": "OK"
    },
    "Enabled": true,
    "FunctionType": "Physical",
    "@odata.type": "#PCIeFunction.v1_6_0.PCIeFunction",
    "@odata.id": "/redfish/v1/Chassis/System.Embedded.1/PCIeDevices/0-0-25/PCIeFunctions/0-0-25-3",
    "Id": "0-0-25-3",
    "Description": "Turin Data Fabric; Function 3",
    "RevisionId": "0x00",
    "Links": {
        "MemoryDomains": [],
        "MemoryDomains@odata.count": 0,
        "PCIeDevice": {
            "@odata.id": "/redfish/v1/Chassis/System.Embedded.1/PCIeDevices/0-0-25"
        },
        "Drives": [],
        "Drives@odata.count": 0
    },
    "Name": "Turin Data Fabric; Function 3",
    "FunctionNumber": "0x3",
    "DeviceClass": "Bridge",
    "Oem": {
        "Dell": {
            "DellPCIeFunction": {
                "LastUpdateTime": "2025-11-06T17:28:45+00:00",
                "SlotLength": "Unknown",
                "SlotType": "Unknown",
                "DataBusWidth": "Unknown",
                "Id": "HostBridge.Embedded.1-19",
                "LastSystemInventoryTime": "2025-11-06T19:28:47+00:00"
            },
            "@odata.context": "/redfish/v1/$metadata#DellChassisPCIeFunction.DellChassisPCIeFunction",
            "@odata.type": "#DellChassisPCIeFunction.v1_1_0.DellPCIeFunction"
        }
    },
    "SegmentNumber": "0x0000"
}