{
    "Batteries": {
        "@odata.id": "/redfish/v1/Chassis/System.Embedded.1/PowerSubsystem/Batteries"
    },
    "Oem": {
        "Dell": {
            "DellPowerSupplyViewCollection": {
                "@odata.id": "/redfish/v1/Chassis/System.Embedded.1/PowerSubsystem/Oem/Dell/DellPowerSupplyInventory"
            },
            "PowerSubsystemColdRedundancy": {
                "ColdRedunancyEnable": null,
                "ColdRedunancyCapable": false
            },
            "@odata.context": "/redfish/v1/$metadata#DellOemPowerSubsystem.DellOemPowerSubsystem",
            "@odata.type": "#DellOemPowerSubsystem.v1_0_0.DellOemPowerSubsystem",
            "DellControllerBatteryCollection": {
                "@odata.id": "/redfish/v1/Chassis/System.Embedded.1/PowerSubsystem/Oem/Dell/DellControllerBattery"
            },
            "DellPowerSupplyCollection": {
                "@odata.id": "/redfish/v1/Chassis/System.Embedded.1/PowerSubsystem/Oem/Dell/DellPowerSupply"
            }
        }
    },
    "@odata.type": "#PowerSubsystem.v1_1_2.PowerSubsystem",
    "Name": "Power Subsystem for Chassis",
    "PowerSupplyRedundancy": [
        {
            "Status": {
                "Health": "OK",
                "State": "Disabled"
            },
            "MaxSupportedInGroup": 2,
            "MinNeededInGroup": 2,
            "RedundancyGroup": [
                {
                    "@odata.id": "/redfish/v1/Chassis/System.Embedded.1/PowerSubsystem/PowerSupplies/PSU.Slot.2"
                },
                {
                    "@odata.id": "/redfish/v1/Chassis/System.Embedded.1/PowerSubsystem/PowerSupplies/PSU.Slot.1"
                }
            ],
            "RedundancyGroup@odata.count": 2,
            "RedundancyType": "NotRedundant"
        }
    ],
    "Status": {
        "State": "Enabled",
        "Health": "Warning"
    },
    "@odata.id": "/redfish/v1/Chassis/System.Embedded.1/PowerSubsystem",
    "PowerSupplies": {
        "@odata.id": "/redfish/v1/Chassis/System.Embedded.1/PowerSubsystem/PowerSupplies"
    },
    "Description": "Represents the properties of a Power Subsystem of the Chassis",
    "CapacityWatts": null,
    "@odata.context": "/redfish/v1/$metadata#PowerSubsystem.PowerSubsystem",
    "Allocation": {
        "AllocatedWatts": 1882,
        "RequestedWatts": null
    },
    "Id": "PowerSubsystem",
    "@odata.etag": "\"W/'gen-8'\""
}