{
    "Description": "A collection of DellPCIeFunctionCollection resource",
    "Members": [
        {
            "LastSystemInventoryTime": "2025-11-06T19:28:47+00:00",
            "@odata.context": "/redfish/v1/$metadata#DellPCIeFunction.DellPCIeFunction",
            "SlotType": "Unknown",
            "Name": "DellPCIeFunction",
            "@odata.id": "/redfish/v1/Chassis/System.Embedded.1/Oem/Dell/DellPCIeFunctions/HostBridge.Embedded.1-19",
            "Description": "An instance of DellPCIeFunction will have PCI device specific data.",
            "LastUpdateTime": "2025-11-06T17:28:45+00:00",
            "@odata.type": "#DellPCIeFunction.v1_7_0.DellPCIeFunction",
            "@odata.etag": "W/\"gen-3\"",
            "SlotLength": "Unknown",
            "Id": "HostBridge.Embedded.1-19",
            "DataBusWidth": "Unknown"
        },
        {
            "Name": "DellPCIeFunction",
            "Id": "HostBridge.Embedded.1-8",
            "LastSystemInventoryTime": "2025-11-06T19:28:47+00:00",
            "SlotLength": "Unknown",
            "@odata.type": "#DellPCIeFunction.v1_7_0.DellPCIeFunction",
            "SlotType": "Unknown",
            "LastUpdateTime": "2025-11-06T17:28:45+00:00",
            "@odata.etag": "W/\"gen-2\"",
            "Description": "An instance of DellPCIeFunction will have PCI device specific data.",
            "DataBusWidth": "Unknown",
            "@odata.context": "/redfish/v1/$metadata#DellPCIeFunction.DellPCIeFunction",
            "@odata.id": "/redfish/v1/Chassis/System.Embedded.1/Oem/Dell/DellPCIeFunctions/HostBridge.Embedded.1-8"
        },
        {
            "SlotType": "Unknown",
            "LastUpdateTime": "2025-11-06T17:28:45+00:00",
            "@odata.type": "#DellPCIeFunction.v1_7_0.DellPCIeFunction",
            "@odata.etag": "W/\"gen-2\"",
            "@odata.id": "/redfish/v1/Chassis/System.Embedded.1/Oem/Dell/DellPCIeFunctions/SMBus.Embedded.1-1",
            "Id": "SMBus.Embedded.1-1",
            "DataBusWidth": "Unknown",
            "LastSystemInventoryTime": "2025-11-06T19:28:47+00:00",
            "@odata.context": "/redfish/v1/$metadata#DellPCIeFunction.DellPCIeFunction",
            "Description": "An instance of DellPCIeFunction will have PCI device specific data.",
            "SlotLength": "Unknown",
            "Name": "DellPCIeFunction"
        },
        {
            "@odata.id": "/redfish/v1/Chassis/System.Embedded.1/Oem/Dell/DellPCIeFunctions/NIC.Slot.10-4-1",
            "@odata.context": "/redfish/v1/$metadata#DellPCIeFunction.DellPCIeFunction",
            "Id": "NIC.Slot.10-4-1",
            "LastUpdateTime": "2025-11-06T17:28:45+00:00",
            "SlotType": "OCPNIC3.0SmallFormFactor",
            "@odata.etag": "W/\"gen-3\"",
            "LastSystemInventoryTime": "2025-11-06T19:28:47+00:00",
            "SlotLength": "Other",
            "Name": "DellPCIeFunction",
            "@odata.type": "#DellPCIeFunction.v1_7_0.DellPCIeFunction",
            "DataBusWidth": "4XOrX4",
            "Description": "An instance of DellPCIeFunction will have PCI device specific data."
        },
        {
            "@odata.context": "/redfish/v1/$metadata#DellPCIeFunction.DellPCIeFunction",
            "LastUpdateTime": "2025-11-06T17:28:45+00:00",
            "LastSystemInventoryTime": "2025-11-06T19:28:47+00:00",
            "@odata.etag": "W/\"gen-3\"",
            "Id": "NIC.Slot.10-3-1",
            "@odata.type": "#DellPCIeFunction.v1_7_0.DellPCIeFunction",
            "Name": "DellPCIeFunction",
            "Description": "An instance of DellPCIeFunction will have PCI device specific data.",
            "DataBusWidth": "4XOrX4",
            "@odata.id": "/redfish/v1/Chassis/System.Embedded.1/Oem/Dell/DellPCIeFunctions/NIC.Slot.10-3-1",
            "SlotLength": "Other",
            "SlotType": "OCPNIC3.0SmallFormFactor"
        },
        {
            "@odata.context": "/redfish/v1/$metadata#DellPCIeFunction.DellPCIeFunction",
            "@odata.id": "/redfish/v1/Chassis/System.Embedded.1/Oem/Dell/DellPCIeFunctions/HostBridge.Embedded.6-5",
            "SlotType": "Unknown",
            "Name": "DellPCIeFunction",
            "Id": "HostBridge.Embedded.6-5",
            "DataBusWidth": "Unknown",
            "LastSystemInventoryTime": "2025-11-06T19:28:47+00:00",
            "LastUpdateTime": "2025-11-06T17:28:45+00:00",
            "@odata.type": "#DellPCIeFunction.v1_7_0.DellPCIeFunction",
            "Description": "An instance of DellPCIeFunction will have PCI device specific data.",
            "SlotLength": "Unknown",
            "@odata.etag": "W/\"gen-3\""
        },
        {
            "DataBusWidth": "Unknown",
            "LastSystemInventoryTime": "2025-11-06T19:28:47+00:00",
            "@odata.type": "#DellPCIeFunction.v1_7_0.DellPCIeFunction",
            "Id": "HostBridge.Embedded.6-1",
            "@odata.id": "/redfish/v1/Chassis/System.Embedded.1/Oem/Dell/DellPCIeFunctions/HostBridge.Embedded.6-1",
            "Description": "An instance of DellPCIeFunction will have PCI device specific data.",
            "SlotLength": "Unknown",
            "Name": "DellPCIeFunction",
            "@odata.context": "/redfish/v1/$metadata#DellPCIeFunction.DellPCIeFunction",
            "SlotType": "Unknown",
            "LastUpdateTime": "2025-11-06T17:28:45+00:00",
            "@odata.etag": "W/\"gen-4\""
        },
        {
            "LastUpdateTime": "2025-11-06T17:28:45+00:00",
            "@odata.type": "#DellPCIeFunction.v1_7_0.DellPCIeFunction",
            "LastSystemInventoryTime": "2025-11-06T19:28:47+00:00",
            "Name": "DellPCIeFunction",
            "@odata.id": "/redfish/v1/Chassis/System.Embedded.1/Oem/Dell/DellPCIeFunctions/HostBridge.Embedded.3-7",
            "SlotType": "Unknown",
            "Description": "An instance of DellPCIeFunction will have PCI device specific data.",
            "SlotLength": "Unknown",
            "@odata.context": "/redfish/v1/$metadata#DellPCIeFunction.DellPCIeFunction",
            "DataBusWidth": "Unknown",
            "Id": "HostBridge.Embedded.3-7",
            "@odata.etag": "W/\"gen-3\""
        },
        {
            "SlotLength": "Unknown",
            "LastUpdateTime": "2025-11-06T17:28:45+00:00",
            "@odata.id": "/redfish/v1/Chassis/System.Embedded.1/Oem/Dell/DellPCIeFunctions/HostBridge.Embedded.6-3",
            "Description": "An instance of DellPCIeFunction will have PCI device specific data.",
            "LastSystemInventoryTime": "2025-11-06T19:28:47+00:00",
            "DataBusWidth": "Unknown",
            "SlotType": "Unknown",
            "Id": "HostBridge.Embedded.6-3",
            "@odata.type": "#DellPCIeFunction.v1_7_0.DellPCIeFunction",
            "@odata.context": "/redfish/v1/$metadata#DellPCIeFunction.DellPCIeFunction",
            "@odata.etag": "W/\"gen-2\"",
            "Name": "DellPCIeFunction"
        },
        {
            "LastSystemInventoryTime": "2025-11-06T19:28:47+00:00",
            "SlotLength": "Unknown",
            "@odata.type": "#DellPCIeFunction.v1_7_0.DellPCIeFunction",
            "Id": "HostBridge.Embedded.1-9",
            "@odata.id": "/redfish/v1/Chassis/System.Embedded.1/Oem/Dell/DellPCIeFunctions/HostBridge.Embedded.1-9",
            "Description": "An instance of DellPCIeFunction will have PCI device specific data.",
            "@odata.etag": "W/\"gen-2\"",
            "DataBusWidth": "Unknown",
            "@odata.context": "/redfish/v1/$metadata#DellPCIeFunction.DellPCIeFunction",
            "LastUpdateTime": "2025-11-06T17:28:45+00:00",
            "Name": "DellPCIeFunction",
            "SlotType": "Unknown"
        },
        {
            "SlotLength": "Unknown",
            "@odata.id": "/redfish/v1/Chassis/System.Embedded.1/Oem/Dell/DellPCIeFunctions/HostBridge.Embedded.8-6",
            "@odata.context": "/redfish/v1/$metadata#DellPCIeFunction.DellPCIeFunction",
            "LastSystemInventoryTime": "2025-11-06T19:28:47+00:00",
            "@odata.type": "#DellPCIeFunction.v1_7_0.DellPCIeFunction",
            "SlotType": "Unknown",
            "LastUpdateTime": "2025-11-06T17:28:45+00:00",
            "Description": "An instance of DellPCIeFunction will have PCI device specific data.",
            "Id": "HostBridge.Embedded.8-6",
            "Name": "DellPCIeFunction",
            "@odata.etag": "W/\"gen-3\"",
            "DataBusWidth": "Unknown"
        },
        {
            "LastUpdateTime": "2025-11-06T17:28:45+00:00",
            "@odata.context": "/redfish/v1/$metadata#DellPCIeFunction.DellPCIeFunction",
            "Name": "DellPCIeFunction",
            "SlotLength": "Unknown",
            "@odata.etag": "W/\"gen-3\"",
            "LastSystemInventoryTime": "2025-11-06T19:28:47+00:00",
            "Id": "ISABridge.Embedded.1-1",
            "@odata.id": "/redfish/v1/Chassis/System.Embedded.1/Oem/Dell/DellPCIeFunctions/ISABridge.Embedded.1-1",
            "DataBusWidth": "Unknown",
            "SlotType": "Unknown",
            "Description": "An instance of DellPCIeFunction will have PCI device specific data.",
            "@odata.type": "#DellPCIeFunction.v1_7_0.DellPCIeFunction"
        },
        {
            "LastSystemInventoryTime": "2025-11-06T19:28:47+00:00",
            "@odata.type": "#DellPCIeFunction.v1_7_0.DellPCIeFunction",
            "@odata.id": "/redfish/v1/Chassis/System.Embedded.1/Oem/Dell/DellPCIeFunctions/HostBridge.Embedded.3-3",
            "SlotLength": "Unknown",
            "Description": "An instance of DellPCIeFunction will have PCI device specific data.",
            "Id": "HostBridge.Embedded.3-3",
            "SlotType": "Unknown",
            "@odata.etag": "W/\"gen-3\"",
            "Name": "DellPCIeFunction",
            "LastUpdateTime": "2025-11-06T17:28:45+00:00",
            "DataBusWidth": "Unknown",
            "@odata.context": "/redfish/v1/$metadata#DellPCIeFunction.DellPCIeFunction"
        },
        {
            "Description": "An instance of DellPCIeFunction will have PCI device specific data.",
            "SlotLength": "Unknown",
            "DataBusWidth": "Unknown",
            "LastUpdateTime": "2025-11-06T17:28:45+00:00",
            "@odata.id": "/redfish/v1/Chassis/System.Embedded.1/Oem/Dell/DellPCIeFunctions/HostBridge.Embedded.1-10",
            "Id": "HostBridge.Embedded.1-10",
            "@odata.etag": "W/\"gen-2\"",
            "Name": "DellPCIeFunction",
            "@odata.type": "#DellPCIeFunction.v1_7_0.DellPCIeFunction",
            "SlotType": "Unknown",
            "@odata.context": "/redfish/v1/$metadata#DellPCIeFunction.DellPCIeFunction",
            "LastSystemInventoryTime": "2025-11-06T19:28:47+00:00"
        },
        {
            "@odata.etag": "W/\"gen-3\"",
            "@odata.id": "/redfish/v1/Chassis/System.Embedded.1/Oem/Dell/DellPCIeFunctions/HostBridge.Embedded.1-6",
            "Id": "HostBridge.Embedded.1-6",
            "DataBusWidth": "Unknown",
            "@odata.type": "#DellPCIeFunction.v1_7_0.DellPCIeFunction",
            "SlotType": "Unknown",
            "LastSystemInventoryTime": "2025-11-06T19:28:47+00:00",
            "Description": "An instance of DellPCIeFunction will have PCI device specific data.",
            "LastUpdateTime": "2025-11-06T17:28:45+00:00",
            "SlotLength": "Unknown",
            "@odata.context": "/redfish/v1/$metadata#DellPCIeFunction.DellPCIeFunction",
            "Name": "DellPCIeFunction"
        },
        {
            "SlotLength": "Unknown",
            "@odata.etag": "W/\"gen-3\"",
            "Name": "DellPCIeFunction",
            "Id": "AHCI.Embedded.8-1",
            "LastSystemInventoryTime": "2025-11-06T19:28:47+00:00",
            "@odata.context": "/redfish/v1/$metadata#DellPCIeFunction.DellPCIeFunction",
            "SlotType": "Unknown",
            "LastUpdateTime": "2025-11-06T17:28:45+00:00",
            "@odata.id": "/redfish/v1/Chassis/System.Embedded.1/Oem/Dell/DellPCIeFunctions/AHCI.Embedded.8-1",
            "@odata.type": "#DellPCIeFunction.v1_7_0.DellPCIeFunction",
            "DataBusWidth": "Unknown",
            "Description": "An instance of DellPCIeFunction will have PCI device specific data."
        },
        {
            "Description": "An instance of DellPCIeFunction will have PCI device specific data.",
            "LastUpdateTime": "2025-11-06T17:28:45+00:00",
            "SlotType": "Unknown",
            "Id": "HostBridge.Embedded.1-13",
            "@odata.context": "/redfish/v1/$metadata#DellPCIeFunction.DellPCIeFunction",
            "@odata.id": "/redfish/v1/Chassis/System.Embedded.1/Oem/Dell/DellPCIeFunctions/HostBridge.Embedded.1-13",
            "DataBusWidth": "Unknown",
            "Name": "DellPCIeFunction",
            "LastSystemInventoryTime": "2025-11-06T19:28:47+00:00",
            "@odata.type": "#DellPCIeFunction.v1_7_0.DellPCIeFunction",
            "@odata.etag": "W/\"gen-2\"",
            "SlotLength": "Unknown"
        },
        {
            "DataBusWidth": "Unknown",
            "Id": "HostBridge.Embedded.3-1",
            "Name": "DellPCIeFunction",
            "LastUpdateTime": "2025-11-06T17:28:45+00:00",
            "SlotLength": "Unknown",
            "@odata.id": "/redfish/v1/Chassis/System.Embedded.1/Oem/Dell/DellPCIeFunctions/HostBridge.Embedded.3-1",
            "@odata.type": "#DellPCIeFunction.v1_7_0.DellPCIeFunction",
            "Description": "An instance of DellPCIeFunction will have PCI device specific data.",
            "@odata.etag": "W/\"gen-2\"",
            "SlotType": "Unknown",
            "@odata.context": "/redfish/v1/$metadata#DellPCIeFunction.DellPCIeFunction",
            "LastSystemInventoryTime": "2025-11-06T19:28:47+00:00"
        },
        {
            "@odata.etag": "W/\"gen-5\"",
            "DataBusWidth": "Unknown",
            "@odata.context": "/redfish/v1/$metadata#DellPCIeFunction.DellPCIeFunction",
            "Name": "DellPCIeFunction",
            "SlotLength": "Unknown",
            "Description": "An instance of DellPCIeFunction will have PCI device specific data.",
            "@odata.id": "/redfish/v1/Chassis/System.Embedded.1/Oem/Dell/DellPCIeFunctions/HostBridge.Embedded.1-5",
            "@odata.type": "#DellPCIeFunction.v1_7_0.DellPCIeFunction",
            "Id": "HostBridge.Embedded.1-5",
            "SlotType": "Unknown",
            "LastSystemInventoryTime": "2025-11-06T19:28:47+00:00",
            "LastUpdateTime": "2025-11-06T17:28:45+00:00"
        },
        {
            "Description": "An instance of DellPCIeFunction will have PCI device specific data.",
            "@odata.etag": "W/\"gen-4\"",
            "Name": "DellPCIeFunction",
            "SlotType": "Unknown",
            "SlotLength": "Unknown",
            "DataBusWidth": "Unknown",
            "Id": "Video.Embedded.1-1",
            "@odata.type": "#DellPCIeFunction.v1_7_0.DellPCIeFunction",
            "LastSystemInventoryTime": "2025-11-06T19:28:47+00:00",
            "LastUpdateTime": "2025-11-06T17:28:45+00:00",
            "@odata.context": "/redfish/v1/$metadata#DellPCIeFunction.DellPCIeFunction",
            "@odata.id": "/redfish/v1/Chassis/System.Embedded.1/Oem/Dell/DellPCIeFunctions/Video.Embedded.1-1"
        },
        {
            "@odata.etag": "W/\"gen-4\"",
            "@odata.type": "#DellPCIeFunction.v1_7_0.DellPCIeFunction",
            "DataBusWidth": "Unknown",
            "SlotType": "Unknown",
            "LastUpdateTime": "2025-11-06T17:28:45+00:00",
            "Id": "HostBridge.Embedded.1-2",
            "Description": "An instance of DellPCIeFunction will have PCI device specific data.",
            "@odata.id": "/redfish/v1/Chassis/System.Embedded.1/Oem/Dell/DellPCIeFunctions/HostBridge.Embedded.1-2",
            "SlotLength": "Unknown",
            "Name": "DellPCIeFunction",
            "@odata.context": "/redfish/v1/$metadata#DellPCIeFunction.DellPCIeFunction",
            "LastSystemInventoryTime": "2025-11-06T19:28:47+00:00"
        },
        {
            "Id": "HostBridge.Embedded.1-21",
            "@odata.etag": "W/\"gen-3\"",
            "DataBusWidth": "Unknown",
            "@odata.type": "#DellPCIeFunction.v1_7_0.DellPCIeFunction",
            "LastUpdateTime": "2025-11-06T17:28:45+00:00",
            "SlotLength": "Unknown",
            "SlotType": "Unknown",
            "Name": "DellPCIeFunction",
            "LastSystemInventoryTime": "2025-11-06T19:28:47+00:00",
            "@odata.id": "/redfish/v1/Chassis/System.Embedded.1/Oem/Dell/DellPCIeFunctions/HostBridge.Embedded.1-21",
            "@odata.context": "/redfish/v1/$metadata#DellPCIeFunction.DellPCIeFunction",
            "Description": "An instance of DellPCIeFunction will have PCI device specific data."
        },
        {
            "@odata.etag": "W/\"gen-2\"",
            "@odata.type": "#DellPCIeFunction.v1_7_0.DellPCIeFunction",
            "SlotType": "Unknown",
            "DataBusWidth": "Unknown",
            "@odata.id": "/redfish/v1/Chassis/System.Embedded.1/Oem/Dell/DellPCIeFunctions/HostBridge.Embedded.1-1",
            "LastUpdateTime": "2025-11-06T17:28:45+00:00",
            "SlotLength": "Unknown",
            "LastSystemInventoryTime": "2025-11-06T19:28:47+00:00",
            "@odata.context": "/redfish/v1/$metadata#DellPCIeFunction.DellPCIeFunction",
            "Name": "DellPCIeFunction",
            "Description": "An instance of DellPCIeFunction will have PCI device specific data.",
            "Id": "HostBridge.Embedded.1-1"
        },
        {
            "LastSystemInventoryTime": "2025-11-06T19:28:47+00:00",
            "Name": "DellPCIeFunction",
            "Description": "An instance of DellPCIeFunction will have PCI device specific data.",
            "SlotLength": "Unknown",
            "LastUpdateTime": "2025-11-06T17:28:45+00:00",
            "@odata.context": "/redfish/v1/$metadata#DellPCIeFunction.DellPCIeFunction",
            "@odata.id": "/redfish/v1/Chassis/System.Embedded.1/Oem/Dell/DellPCIeFunctions/HostBridge.Embedded.8-4",
            "@odata.etag": "W/\"gen-4\"",
            "Id": "HostBridge.Embedded.8-4",
            "DataBusWidth": "Unknown",
            "SlotType": "Unknown",
            "@odata.type": "#DellPCIeFunction.v1_7_0.DellPCIeFunction"
        },
        {
            "@odata.etag": "W/\"gen-2\"",
            "SlotType": "OCPNIC3.0SmallFormFactor",
            "@odata.type": "#DellPCIeFunction.v1_7_0.DellPCIeFunction",
            "LastSystemInventoryTime": "2025-11-06T19:28:47+00:00",
            "@odata.id": "/redfish/v1/Chassis/System.Embedded.1/Oem/Dell/DellPCIeFunctions/NIC.Slot.10-1-1",
            "Name": "DellPCIeFunction",
            "Description": "An instance of DellPCIeFunction will have PCI device specific data.",
            "LastUpdateTime": "2025-11-06T17:28:45+00:00",
            "Id": "NIC.Slot.10-1-1",
            "@odata.context": "/redfish/v1/$metadata#DellPCIeFunction.DellPCIeFunction",
            "DataBusWidth": "4XOrX4",
            "SlotLength": "Other"
        },
        {
            "Id": "HostBridge.Embedded.3-6",
            "@odata.id": "/redfish/v1/Chassis/System.Embedded.1/Oem/Dell/DellPCIeFunctions/HostBridge.Embedded.3-6",
            "LastUpdateTime": "2025-11-06T17:28:45+00:00",
            "SlotType": "Unknown",
            "DataBusWidth": "Unknown",
            "@odata.type": "#DellPCIeFunction.v1_7_0.DellPCIeFunction",
            "LastSystemInventoryTime": "2025-11-06T19:28:47+00:00",
            "Name": "DellPCIeFunction",
            "SlotLength": "Unknown",
            "@odata.context": "/redfish/v1/$metadata#DellPCIeFunction.DellPCIeFunction",
            "Description": "An instance of DellPCIeFunction will have PCI device specific data.",
            "@odata.etag": "W/\"gen-3\""
        },
        {
            "Id": "HostBridge.Embedded.8-7",
            "LastUpdateTime": "2025-11-06T17:28:45+00:00",
            "@odata.id": "/redfish/v1/Chassis/System.Embedded.1/Oem/Dell/DellPCIeFunctions/HostBridge.Embedded.8-7",
            "Description": "An instance of DellPCIeFunction will have PCI device specific data.",
            "LastSystemInventoryTime": "2025-11-06T19:28:47+00:00",
            "@odata.type": "#DellPCIeFunction.v1_7_0.DellPCIeFunction",
            "SlotType": "Unknown",
            "@odata.context": "/redfish/v1/$metadata#DellPCIeFunction.DellPCIeFunction",
            "@odata.etag": "W/\"gen-2\"",
            "Name": "DellPCIeFunction",
            "SlotLength": "Unknown",
            "DataBusWidth": "Unknown"
        },
        {
            "@odata.id": "/redfish/v1/Chassis/System.Embedded.1/Oem/Dell/DellPCIeFunctions/AHCI.Embedded.1-1",
            "@odata.type": "#DellPCIeFunction.v1_7_0.DellPCIeFunction",
            "Id": "AHCI.Embedded.1-1",
            "Description": "An instance of DellPCIeFunction will have PCI device specific data.",
            "SlotLength": "Unknown",
            "@odata.etag": "W/\"gen-2\"",
            "SlotType": "Unknown",
            "DataBusWidth": "Unknown",
            "Name": "DellPCIeFunction",
            "@odata.context": "/redfish/v1/$metadata#DellPCIeFunction.DellPCIeFunction",
            "LastUpdateTime": "2025-11-06T17:28:45+00:00",
            "LastSystemInventoryTime": "2025-11-06T19:28:47+00:00"
        },
        {
            "@odata.type": "#DellPCIeFunction.v1_7_0.DellPCIeFunction",
            "LastUpdateTime": "2025-11-06T17:28:45+00:00",
            "DataBusWidth": "Unknown",
            "Name": "DellPCIeFunction",
            "@odata.etag": "W/\"gen-4\"",
            "@odata.context": "/redfish/v1/$metadata#DellPCIeFunction.DellPCIeFunction",
            "SlotType": "Unknown",
            "@odata.id": "/redfish/v1/Chassis/System.Embedded.1/Oem/Dell/DellPCIeFunctions/HostBridge.Embedded.1-4",
            "SlotLength": "Unknown",
            "Id": "HostBridge.Embedded.1-4",
            "LastSystemInventoryTime": "2025-11-06T19:28:47+00:00",
            "Description": "An instance of DellPCIeFunction will have PCI device specific data."
        },
        {
            "Description": "An instance of DellPCIeFunction will have PCI device specific data.",
            "@odata.id": "/redfish/v1/Chassis/System.Embedded.1/Oem/Dell/DellPCIeFunctions/HostBridge.Embedded.1-17",
            "Name": "DellPCIeFunction",
            "@odata.type": "#DellPCIeFunction.v1_7_0.DellPCIeFunction",
            "SlotLength": "Unknown",
            "LastUpdateTime": "2025-11-06T17:28:45+00:00",
            "SlotType": "Unknown",
            "LastSystemInventoryTime": "2025-11-06T19:28:47+00:00",
            "DataBusWidth": "Unknown",
            "@odata.etag": "W/\"gen-2\"",
            "Id": "HostBridge.Embedded.1-17",
            "@odata.context": "/redfish/v1/$metadata#DellPCIeFunction.DellPCIeFunction"
        },
        {
            "SlotLength": "ShortLength",
            "SlotType": "EDSFFE3",
            "@odata.id": "/redfish/v1/Chassis/System.Embedded.1/Oem/Dell/DellPCIeFunctions/Disk.Bay.0_Enclosure.Internal.0-1",
            "Id": "Disk.Bay.0:Enclosure.Internal.0-1",
            "Name": "DellPCIeFunction",
            "LastSystemInventoryTime": "2025-11-06T19:28:47+00:00",
            "DataBusWidth": "2XOrX2",
            "LastUpdateTime": "2025-11-06T17:28:45+00:00",
            "@odata.context": "/redfish/v1/$metadata#DellPCIeFunction.DellPCIeFunction",
            "@odata.etag": "W/\"gen-2\"",
            "Description": "An instance of DellPCIeFunction will have PCI device specific data.",
            "@odata.type": "#DellPCIeFunction.v1_7_0.DellPCIeFunction"
        },
        {
            "@odata.type": "#DellPCIeFunction.v1_7_0.DellPCIeFunction",
            "@odata.context": "/redfish/v1/$metadata#DellPCIeFunction.DellPCIeFunction",
            "DataBusWidth": "Unknown",
            "SlotType": "Unknown",
            "@odata.id": "/redfish/v1/Chassis/System.Embedded.1/Oem/Dell/DellPCIeFunctions/USBXHCI.Embedded.8-1",
            "SlotLength": "Unknown",
            "LastSystemInventoryTime": "2025-11-06T19:28:47+00:00",
            "@odata.etag": "W/\"gen-2\"",
            "Description": "An instance of DellPCIeFunction will have PCI device specific data.",
            "LastUpdateTime": "2025-11-06T17:28:45+00:00",
            "Id": "USBXHCI.Embedded.8-1",
            "Name": "DellPCIeFunction"
        },
        {
            "@odata.etag": "W/\"gen-3\"",
            "@odata.type": "#DellPCIeFunction.v1_7_0.DellPCIeFunction",
            "DataBusWidth": "Unknown",
            "SlotType": "Unknown",
            "Description": "An instance of DellPCIeFunction will have PCI device specific data.",
            "SlotLength": "Unknown",
            "@odata.context": "/redfish/v1/$metadata#DellPCIeFunction.DellPCIeFunction",
            "LastSystemInventoryTime": "2025-11-06T19:28:47+00:00",
            "Id": "HostBridge.Embedded.6-6",
            "@odata.id": "/redfish/v1/Chassis/System.Embedded.1/Oem/Dell/DellPCIeFunctions/HostBridge.Embedded.6-6",
            "Name": "DellPCIeFunction",
            "LastUpdateTime": "2025-11-06T17:28:45+00:00"
        },
        {
            "Description": "An instance of DellPCIeFunction will have PCI device specific data.",
            "SlotType": "Unknown",
            "SlotLength": "Unknown",
            "LastUpdateTime": "2025-11-06T17:28:45+00:00",
            "@odata.context": "/redfish/v1/$metadata#DellPCIeFunction.DellPCIeFunction",
            "DataBusWidth": "Unknown",
            "Id": "HostBridge.Embedded.3-2",
            "LastSystemInventoryTime": "2025-11-06T19:28:47+00:00",
            "@odata.type": "#DellPCIeFunction.v1_7_0.DellPCIeFunction",
            "@odata.etag": "W/\"gen-3\"",
            "Name": "DellPCIeFunction",
            "@odata.id": "/redfish/v1/Chassis/System.Embedded.1/Oem/Dell/DellPCIeFunctions/HostBridge.Embedded.3-2"
        },
        {
            "SlotLength": "Unknown",
            "@odata.etag": "W/\"gen-2\"",
            "DataBusWidth": "Unknown",
            "@odata.id": "/redfish/v1/Chassis/System.Embedded.1/Oem/Dell/DellPCIeFunctions/HostBridge.Embedded.1-23",
            "LastSystemInventoryTime": "2025-11-06T19:28:47+00:00",
            "Description": "An instance of DellPCIeFunction will have PCI device specific data.",
            "@odata.context": "/redfish/v1/$metadata#DellPCIeFunction.DellPCIeFunction",
            "LastUpdateTime": "2025-11-06T17:28:45+00:00",
            "Name": "DellPCIeFunction",
            "Id": "HostBridge.Embedded.1-23",
            "SlotType": "Unknown",
            "@odata.type": "#DellPCIeFunction.v1_7_0.DellPCIeFunction"
        },
        {
            "Id": "HostBridge.Embedded.1-15",
            "LastUpdateTime": "2025-11-06T17:28:45+00:00",
            "SlotLength": "Unknown",
            "@odata.id": "/redfish/v1/Chassis/System.Embedded.1/Oem/Dell/DellPCIeFunctions/HostBridge.Embedded.1-15",
            "@odata.type": "#DellPCIeFunction.v1_7_0.DellPCIeFunction",
            "@odata.etag": "W/\"gen-2\"",
            "LastSystemInventoryTime": "2025-11-06T19:28:47+00:00",
            "SlotType": "Unknown",
            "Description": "An instance of DellPCIeFunction will have PCI device specific data.",
            "Name": "DellPCIeFunction",
            "@odata.context": "/redfish/v1/$metadata#DellPCIeFunction.DellPCIeFunction",
            "DataBusWidth": "Unknown"
        },
        {
            "@odata.id": "/redfish/v1/Chassis/System.Embedded.1/Oem/Dell/DellPCIeFunctions/P2PBridge.Embedded.8-1",
            "@odata.type": "#DellPCIeFunction.v1_7_0.DellPCIeFunction",
            "Description": "An instance of DellPCIeFunction will have PCI device specific data.",
            "LastUpdateTime": "2025-11-06T17:28:45+00:00",
            "SlotLength": "Unknown",
            "LastSystemInventoryTime": "2025-11-06T19:28:47+00:00",
            "DataBusWidth": "Unknown",
            "Id": "P2PBridge.Embedded.8-1",
            "@odata.context": "/redfish/v1/$metadata#DellPCIeFunction.DellPCIeFunction",
            "Name": "DellPCIeFunction",
            "SlotType": "Unknown",
            "@odata.etag": "W/\"gen-2\""
        },
        {
            "@odata.etag": "W/\"gen-2\"",
            "Id": "HostBridge.Embedded.1-18",
            "@odata.type": "#DellPCIeFunction.v1_7_0.DellPCIeFunction",
            "LastUpdateTime": "2025-11-06T17:28:45+00:00",
            "DataBusWidth": "Unknown",
            "@odata.context": "/redfish/v1/$metadata#DellPCIeFunction.DellPCIeFunction",
            "SlotLength": "Unknown",
            "SlotType": "Unknown",
            "Description": "An instance of DellPCIeFunction will have PCI device specific data.",
            "LastSystemInventoryTime": "2025-11-06T19:28:47+00:00",
            "Name": "DellPCIeFunction",
            "@odata.id": "/redfish/v1/Chassis/System.Embedded.1/Oem/Dell/DellPCIeFunctions/HostBridge.Embedded.1-18"
        },
        {
            "@odata.etag": "W/\"gen-3\"",
            "Id": "HostBridge.Embedded.6-7",
            "DataBusWidth": "Unknown",
            "@odata.id": "/redfish/v1/Chassis/System.Embedded.1/Oem/Dell/DellPCIeFunctions/HostBridge.Embedded.6-7",
            "@odata.context": "/redfish/v1/$metadata#DellPCIeFunction.DellPCIeFunction",
            "LastUpdateTime": "2025-11-06T17:28:45+00:00",
            "@odata.type": "#DellPCIeFunction.v1_7_0.DellPCIeFunction",
            "Name": "DellPCIeFunction",
            "SlotType": "Unknown",
            "LastSystemInventoryTime": "2025-11-06T19:28:47+00:00",
            "SlotLength": "Unknown",
            "Description": "An instance of DellPCIeFunction will have PCI device specific data."
        },
        {
            "SlotType": "Unknown",
            "@odata.context": "/redfish/v1/$metadata#DellPCIeFunction.DellPCIeFunction",
            "LastSystemInventoryTime": "2025-11-06T19:28:47+00:00",
            "@odata.etag": "W/\"gen-2\"",
            "LastUpdateTime": "2025-11-06T17:28:45+00:00",
            "Description": "An instance of DellPCIeFunction will have PCI device specific data.",
            "Id": "HostBridge.Embedded.1-24",
            "SlotLength": "Unknown",
            "DataBusWidth": "Unknown",
            "@odata.id": "/redfish/v1/Chassis/System.Embedded.1/Oem/Dell/DellPCIeFunctions/HostBridge.Embedded.1-24",
            "@odata.type": "#DellPCIeFunction.v1_7_0.DellPCIeFunction",
            "Name": "DellPCIeFunction"
        },
        {
            "LastSystemInventoryTime": "2025-11-06T19:28:47+00:00",
            "Id": "HostBridge.Embedded.1-26",
            "SlotLength": "Unknown",
            "DataBusWidth": "Unknown",
            "@odata.context": "/redfish/v1/$metadata#DellPCIeFunction.DellPCIeFunction",
            "LastUpdateTime": "2025-11-06T17:28:45+00:00",
            "@odata.type": "#DellPCIeFunction.v1_7_0.DellPCIeFunction",
            "@odata.etag": "W/\"gen-3\"",
            "Name": "DellPCIeFunction",
            "Description": "An instance of DellPCIeFunction will have PCI device specific data.",
            "@odata.id": "/redfish/v1/Chassis/System.Embedded.1/Oem/Dell/DellPCIeFunctions/HostBridge.Embedded.1-26",
            "SlotType": "Unknown"
        },
        {
            "@odata.etag": "W/\"gen-3\"",
            "LastUpdateTime": "2025-11-06T17:28:45+00:00",
            "@odata.id": "/redfish/v1/Chassis/System.Embedded.1/Oem/Dell/DellPCIeFunctions/HostBridge.Embedded.6-4",
            "SlotLength": "Unknown",
            "Description": "An instance of DellPCIeFunction will have PCI device specific data.",
            "SlotType": "Unknown",
            "LastSystemInventoryTime": "2025-11-06T19:28:47+00:00",
            "@odata.context": "/redfish/v1/$metadata#DellPCIeFunction.DellPCIeFunction",
            "DataBusWidth": "Unknown",
            "Id": "HostBridge.Embedded.6-4",
            "@odata.type": "#DellPCIeFunction.v1_7_0.DellPCIeFunction",
            "Name": "DellPCIeFunction"
        },
        {
            "@odata.etag": "W/\"gen-3\"",
            "@odata.id": "/redfish/v1/Chassis/System.Embedded.1/Oem/Dell/DellPCIeFunctions/P2PBridge.Embedded.6-1",
            "@odata.type": "#DellPCIeFunction.v1_7_0.DellPCIeFunction",
            "SlotLength": "Unknown",
            "Id": "P2PBridge.Embedded.6-1",
            "SlotType": "Unknown",
            "@odata.context": "/redfish/v1/$metadata#DellPCIeFunction.DellPCIeFunction",
            "LastUpdateTime": "2025-11-06T17:28:45+00:00",
            "DataBusWidth": "Unknown",
            "Description": "An instance of DellPCIeFunction will have PCI device specific data.",
            "LastSystemInventoryTime": "2025-11-06T19:28:47+00:00",
            "Name": "DellPCIeFunction"
        },
        {
            "LastUpdateTime": "2025-11-06T17:28:45+00:00",
            "DataBusWidth": "Unknown",
            "@odata.context": "/redfish/v1/$metadata#DellPCIeFunction.DellPCIeFunction",
            "SlotType": "Unknown",
            "Name": "DellPCIeFunction",
            "@odata.id": "/redfish/v1/Chassis/System.Embedded.1/Oem/Dell/DellPCIeFunctions/HostBridge.Embedded.1-14",
            "Description": "An instance of DellPCIeFunction will have PCI device specific data.",
            "SlotLength": "Unknown",
            "@odata.etag": "W/\"gen-2\"",
            "@odata.type": "#DellPCIeFunction.v1_7_0.DellPCIeFunction",
            "LastSystemInventoryTime": "2025-11-06T19:28:47+00:00",
            "Id": "HostBridge.Embedded.1-14"
        },
        {
            "LastUpdateTime": "2025-11-06T17:28:45+00:00",
            "Description": "An instance of DellPCIeFunction will have PCI device specific data.",
            "SlotLength": "Unknown",
            "Id": "HostBridge.Embedded.3-5",
            "DataBusWidth": "Unknown",
            "LastSystemInventoryTime": "2025-11-06T19:28:47+00:00",
            "SlotType": "Unknown",
            "@odata.id": "/redfish/v1/Chassis/System.Embedded.1/Oem/Dell/DellPCIeFunctions/HostBridge.Embedded.3-5",
            "@odata.type": "#DellPCIeFunction.v1_7_0.DellPCIeFunction",
            "Name": "DellPCIeFunction",
            "@odata.context": "/redfish/v1/$metadata#DellPCIeFunction.DellPCIeFunction",
            "@odata.etag": "W/\"gen-4\""
        },
        {
            "@odata.type": "#DellPCIeFunction.v1_7_0.DellPCIeFunction",
            "Description": "An instance of DellPCIeFunction will have PCI device specific data.",
            "LastSystemInventoryTime": "2025-11-06T19:28:47+00:00",
            "DataBusWidth": "Unknown",
            "Name": "DellPCIeFunction",
            "Id": "HostBridge.Embedded.8-2",
            "SlotLength": "Unknown",
            "@odata.context": "/redfish/v1/$metadata#DellPCIeFunction.DellPCIeFunction",
            "SlotType": "Unknown",
            "@odata.id": "/redfish/v1/Chassis/System.Embedded.1/Oem/Dell/DellPCIeFunctions/HostBridge.Embedded.8-2",
            "LastUpdateTime": "2025-11-06T17:28:45+00:00",
            "@odata.etag": "W/\"gen-3\""
        },
        {
            "LastSystemInventoryTime": "2025-11-06T19:28:47+00:00",
            "Name": "DellPCIeFunction",
            "Id": "HostBridge.Embedded.8-3",
            "@odata.id": "/redfish/v1/Chassis/System.Embedded.1/Oem/Dell/DellPCIeFunctions/HostBridge.Embedded.8-3",
            "SlotLength": "Unknown",
            "@odata.type": "#DellPCIeFunction.v1_7_0.DellPCIeFunction",
            "LastUpdateTime": "2025-11-06T17:28:45+00:00",
            "DataBusWidth": "Unknown",
            "@odata.etag": "W/\"gen-2\"",
            "@odata.context": "/redfish/v1/$metadata#DellPCIeFunction.DellPCIeFunction",
            "Description": "An instance of DellPCIeFunction will have PCI device specific data.",
            "SlotType": "Unknown"
        },
        {
            "Description": "An instance of DellPCIeFunction will have PCI device specific data.",
            "@odata.id": "/redfish/v1/Chassis/System.Embedded.1/Oem/Dell/DellPCIeFunctions/USBXHCI.Embedded.1-1",
            "SlotType": "Unknown",
            "Name": "DellPCIeFunction",
            "@odata.type": "#DellPCIeFunction.v1_7_0.DellPCIeFunction",
            "@odata.etag": "W/\"gen-4\"",
            "@odata.context": "/redfish/v1/$metadata#DellPCIeFunction.DellPCIeFunction",
            "Id": "USBXHCI.Embedded.1-1",
            "SlotLength": "Unknown",
            "LastUpdateTime": "2025-11-06T17:28:45+00:00",
            "DataBusWidth": "Unknown",
            "LastSystemInventoryTime": "2025-11-06T19:28:47+00:00"
        },
        {
            "@odata.type": "#DellPCIeFunction.v1_7_0.DellPCIeFunction",
            "LastUpdateTime": "2025-11-06T17:28:45+00:00",
            "Name": "DellPCIeFunction",
            "Id": "HostBridge.Embedded.1-22",
            "DataBusWidth": "Unknown",
            "SlotType": "Unknown",
            "@odata.context": "/redfish/v1/$metadata#DellPCIeFunction.DellPCIeFunction",
            "@odata.id": "/redfish/v1/Chassis/System.Embedded.1/Oem/Dell/DellPCIeFunctions/HostBridge.Embedded.1-22",
            "Description": "An instance of DellPCIeFunction will have PCI device specific data.",
            "@odata.etag": "W/\"gen-2\"",
            "LastSystemInventoryTime": "2025-11-06T19:28:47+00:00",
            "SlotLength": "Unknown"
        },
        {
            "@odata.etag": "W/\"gen-3\"",
            "@odata.type": "#DellPCIeFunction.v1_7_0.DellPCIeFunction",
            "DataBusWidth": "Unknown",
            "SlotLength": "Unknown",
            "SlotType": "Unknown",
            "LastSystemInventoryTime": "2025-11-06T19:28:47+00:00",
            "@odata.context": "/redfish/v1/$metadata#DellPCIeFunction.DellPCIeFunction",
            "Id": "HostBridge.Embedded.8-5",
            "Name": "DellPCIeFunction",
            "@odata.id": "/redfish/v1/Chassis/System.Embedded.1/Oem/Dell/DellPCIeFunctions/HostBridge.Embedded.8-5",
            "Description": "An instance of DellPCIeFunction will have PCI device specific data.",
            "LastUpdateTime": "2025-11-06T17:28:45+00:00"
        },
        {
            "@odata.context": "/redfish/v1/$metadata#DellPCIeFunction.DellPCIeFunction",
            "@odata.etag": "W/\"gen-2\"",
            "@odata.type": "#DellPCIeFunction.v1_7_0.DellPCIeFunction",
            "DataBusWidth": "Unknown",
            "Description": "An instance of DellPCIeFunction will have PCI device specific data.",
            "LastSystemInventoryTime": "2025-11-06T19:28:47+00:00",
            "SlotType": "Unknown",
            "@odata.id": "/redfish/v1/Chassis/System.Embedded.1/Oem/Dell/DellPCIeFunctions/HostBridge.Embedded.6-8",
            "Id": "HostBridge.Embedded.6-8",
            "LastUpdateTime": "2025-11-06T17:28:45+00:00",
            "Name": "DellPCIeFunction",
            "SlotLength": "Unknown"
        },
        {
            "@odata.context": "/redfish/v1/$metadata#DellPCIeFunction.DellPCIeFunction",
            "SlotType": "Unknown",
            "Name": "DellPCIeFunction",
            "DataBusWidth": "Unknown",
            "LastSystemInventoryTime": "2025-11-06T19:28:47+00:00",
            "@odata.etag": "W/\"gen-3\"",
            "@odata.id": "/redfish/v1/Chassis/System.Embedded.1/Oem/Dell/DellPCIeFunctions/HostBridge.Embedded.8-1",
            "@odata.type": "#DellPCIeFunction.v1_7_0.DellPCIeFunction",
            "SlotLength": "Unknown",
            "LastUpdateTime": "2025-11-06T17:28:45+00:00",
            "Id": "HostBridge.Embedded.8-1",
            "Description": "An instance of DellPCIeFunction will have PCI device specific data."
        },
        {
            "@odata.id": "/redfish/v1/Chassis/System.Embedded.1/Oem/Dell/DellPCIeFunctions/HostBridge.Embedded.1-25",
            "SlotLength": "Unknown",
            "@odata.context": "/redfish/v1/$metadata#DellPCIeFunction.DellPCIeFunction",
            "LastSystemInventoryTime": "2025-11-06T19:28:47+00:00",
            "LastUpdateTime": "2025-11-06T17:28:45+00:00",
            "Name": "DellPCIeFunction",
            "Description": "An instance of DellPCIeFunction will have PCI device specific data.",
            "@odata.type": "#DellPCIeFunction.v1_7_0.DellPCIeFunction",
            "SlotType": "Unknown",
            "Id": "HostBridge.Embedded.1-25",
            "@odata.etag": "W/\"gen-5\"",
            "DataBusWidth": "Unknown"
        },
        {
            "Description": "An instance of DellPCIeFunction will have PCI device specific data.",
            "LastUpdateTime": "2025-11-06T17:28:45+00:00",
            "SlotType": "Unknown",
            "@odata.context": "/redfish/v1/$metadata#DellPCIeFunction.DellPCIeFunction",
            "@odata.id": "/redfish/v1/Chassis/System.Embedded.1/Oem/Dell/DellPCIeFunctions/HostBridge.Embedded.1-7",
            "SlotLength": "Unknown",
            "Name": "DellPCIeFunction",
            "@odata.type": "#DellPCIeFunction.v1_7_0.DellPCIeFunction",
            "Id": "HostBridge.Embedded.1-7",
            "@odata.etag": "W/\"gen-2\"",
            "LastSystemInventoryTime": "2025-11-06T19:28:47+00:00",
            "DataBusWidth": "Unknown"
        },
        {
            "Description": "An instance of DellPCIeFunction will have PCI device specific data.",
            "SlotLength": "Unknown",
            "DataBusWidth": "Unknown",
            "LastSystemInventoryTime": "2025-11-06T19:28:47+00:00",
            "LastUpdateTime": "2025-11-06T17:28:45+00:00",
            "Name": "DellPCIeFunction",
            "SlotType": "Unknown",
            "@odata.id": "/redfish/v1/Chassis/System.Embedded.1/Oem/Dell/DellPCIeFunctions/P2PBridge.Embedded.1-1",
            "@odata.type": "#DellPCIeFunction.v1_7_0.DellPCIeFunction",
            "Id": "P2PBridge.Embedded.1-1",
            "@odata.etag": "W/\"gen-3\"",
            "@odata.context": "/redfish/v1/$metadata#DellPCIeFunction.DellPCIeFunction"
        },
        {
            "SlotType": "OCPNIC3.0SmallFormFactor",
            "@odata.type": "#DellPCIeFunction.v1_7_0.DellPCIeFunction",
            "@odata.etag": "W/\"gen-2\"",
            "LastUpdateTime": "2025-11-06T17:28:45+00:00",
            "DataBusWidth": "4XOrX4",
            "Id": "NIC.Slot.10-2-1",
            "@odata.id": "/redfish/v1/Chassis/System.Embedded.1/Oem/Dell/DellPCIeFunctions/NIC.Slot.10-2-1",
            "Description": "An instance of DellPCIeFunction will have PCI device specific data.",
            "SlotLength": "Other",
            "@odata.context": "/redfish/v1/$metadata#DellPCIeFunction.DellPCIeFunction",
            "Name": "DellPCIeFunction",
            "LastSystemInventoryTime": "2025-11-06T19:28:47+00:00"
        },
        {
            "DataBusWidth": "Unknown",
            "SlotLength": "Unknown",
            "@odata.type": "#DellPCIeFunction.v1_7_0.DellPCIeFunction",
            "LastSystemInventoryTime": "2025-11-06T19:28:47+00:00",
            "@odata.id": "/redfish/v1/Chassis/System.Embedded.1/Oem/Dell/DellPCIeFunctions/P2PBridge.Embedded.3-1",
            "LastUpdateTime": "2025-11-06T17:28:45+00:00",
            "Name": "DellPCIeFunction",
            "@odata.etag": "W/\"gen-5\"",
            "SlotType": "Unknown",
            "Description": "An instance of DellPCIeFunction will have PCI device specific data.",
            "@odata.context": "/redfish/v1/$metadata#DellPCIeFunction.DellPCIeFunction",
            "Id": "P2PBridge.Embedded.3-1"
        },
        {
            "LastUpdateTime": "2025-11-06T17:28:45+00:00",
            "Name": "DellPCIeFunction",
            "SlotLength": "Unknown",
            "LastSystemInventoryTime": "2025-11-06T19:28:47+00:00",
            "@odata.id": "/redfish/v1/Chassis/System.Embedded.1/Oem/Dell/DellPCIeFunctions/HostBridge.Embedded.1-12",
            "@odata.context": "/redfish/v1/$metadata#DellPCIeFunction.DellPCIeFunction",
            "Id": "HostBridge.Embedded.1-12",
            "DataBusWidth": "Unknown",
            "@odata.etag": "W/\"gen-2\"",
            "@odata.type": "#DellPCIeFunction.v1_7_0.DellPCIeFunction",
            "SlotType": "Unknown",
            "Description": "An instance of DellPCIeFunction will have PCI device specific data."
        },
        {
            "LastUpdateTime": "2025-11-06T17:28:45+00:00",
            "Description": "An instance of DellPCIeFunction will have PCI device specific data.",
            "SlotLength": "Unknown",
            "LastSystemInventoryTime": "2025-11-06T19:28:47+00:00",
            "@odata.context": "/redfish/v1/$metadata#DellPCIeFunction.DellPCIeFunction",
            "@odata.id": "/redfish/v1/Chassis/System.Embedded.1/Oem/Dell/DellPCIeFunctions/P2PBridge.Embedded.1-3",
            "@odata.type": "#DellPCIeFunction.v1_7_0.DellPCIeFunction",
            "Id": "P2PBridge.Embedded.1-3",
            "SlotType": "Unknown",
            "Name": "DellPCIeFunction",
            "@odata.etag": "W/\"gen-3\"",
            "DataBusWidth": "Unknown"
        },
        {
            "Description": "An instance of DellPCIeFunction will have PCI device specific data.",
            "@odata.etag": "W/\"gen-3\"",
            "SlotLength": "Unknown",
            "DataBusWidth": "Unknown",
            "@odata.type": "#DellPCIeFunction.v1_7_0.DellPCIeFunction",
            "SlotType": "Unknown",
            "@odata.context": "/redfish/v1/$metadata#DellPCIeFunction.DellPCIeFunction",
            "@odata.id": "/redfish/v1/Chassis/System.Embedded.1/Oem/Dell/DellPCIeFunctions/HostBridge.Embedded.6-2",
            "Id": "HostBridge.Embedded.6-2",
            "LastUpdateTime": "2025-11-06T17:28:45+00:00",
            "Name": "DellPCIeFunction",
            "LastSystemInventoryTime": "2025-11-06T19:28:47+00:00"
        },
        {
            "Id": "HostBridge.Embedded.1-16",
            "SlotLength": "Unknown",
            "SlotType": "Unknown",
            "DataBusWidth": "Unknown",
            "Name": "DellPCIeFunction",
            "@odata.id": "/redfish/v1/Chassis/System.Embedded.1/Oem/Dell/DellPCIeFunctions/HostBridge.Embedded.1-16",
            "LastUpdateTime": "2025-11-06T17:28:45+00:00",
            "@odata.type": "#DellPCIeFunction.v1_7_0.DellPCIeFunction",
            "@odata.context": "/redfish/v1/$metadata#DellPCIeFunction.DellPCIeFunction",
            "@odata.etag": "W/\"gen-3\"",
            "LastSystemInventoryTime": "2025-11-06T19:28:47+00:00",
            "Description": "An instance of DellPCIeFunction will have PCI device specific data."
        },
        {
            "DataBusWidth": "Unknown",
            "Description": "An instance of DellPCIeFunction will have PCI device specific data.",
            "Id": "HostBridge.Embedded.3-8",
            "@odata.type": "#DellPCIeFunction.v1_7_0.DellPCIeFunction",
            "LastUpdateTime": "2025-11-06T17:28:45+00:00",
            "SlotType": "Unknown",
            "Name": "DellPCIeFunction",
            "@odata.context": "/redfish/v1/$metadata#DellPCIeFunction.DellPCIeFunction",
            "@odata.id": "/redfish/v1/Chassis/System.Embedded.1/Oem/Dell/DellPCIeFunctions/HostBridge.Embedded.3-8",
            "@odata.etag": "W/\"gen-2\"",
            "LastSystemInventoryTime": "2025-11-06T19:28:47+00:00",
            "SlotLength": "Unknown"
        },
        {
            "@odata.etag": "W/\"gen-4\"",
            "LastUpdateTime": "2025-11-06T17:28:45+00:00",
            "Id": "HostBridge.Embedded.3-4",
            "@odata.id": "/redfish/v1/Chassis/System.Embedded.1/Oem/Dell/DellPCIeFunctions/HostBridge.Embedded.3-4",
            "SlotType": "Unknown",
            "SlotLength": "Unknown",
            "LastSystemInventoryTime": "2025-11-06T19:28:47+00:00",
            "@odata.type": "#DellPCIeFunction.v1_7_0.DellPCIeFunction",
            "@odata.context": "/redfish/v1/$metadata#DellPCIeFunction.DellPCIeFunction",
            "DataBusWidth": "Unknown",
            "Description": "An instance of DellPCIeFunction will have PCI device specific data.",
            "Name": "DellPCIeFunction"
        },
        {
            "@odata.id": "/redfish/v1/Chassis/System.Embedded.1/Oem/Dell/DellPCIeFunctions/HostBridge.Embedded.8-8",
            "@odata.etag": "W/\"gen-3\"",
            "DataBusWidth": "Unknown",
            "SlotType": "Unknown",
            "Id": "HostBridge.Embedded.8-8",
            "Description": "An instance of DellPCIeFunction will have PCI device specific data.",
            "@odata.type": "#DellPCIeFunction.v1_7_0.DellPCIeFunction",
            "LastSystemInventoryTime": "2025-11-06T19:28:47+00:00",
            "Name": "DellPCIeFunction",
            "SlotLength": "Unknown",
            "@odata.context": "/redfish/v1/$metadata#DellPCIeFunction.DellPCIeFunction",
            "LastUpdateTime": "2025-11-06T17:28:45+00:00"
        },
        {
            "@odata.type": "#DellPCIeFunction.v1_7_0.DellPCIeFunction",
            "LastUpdateTime": "2025-11-06T17:28:45+00:00",
            "SlotLength": "Unknown",
            "Description": "An instance of DellPCIeFunction will have PCI device specific data.",
            "DataBusWidth": "Unknown",
            "@odata.etag": "W/\"gen-3\"",
            "Id": "HostBridge.Embedded.1-3",
            "@odata.id": "/redfish/v1/Chassis/System.Embedded.1/Oem/Dell/DellPCIeFunctions/HostBridge.Embedded.1-3",
            "@odata.context": "/redfish/v1/$metadata#DellPCIeFunction.DellPCIeFunction",
            "Name": "DellPCIeFunction",
            "SlotType": "Unknown",
            "LastSystemInventoryTime": "2025-11-06T19:28:47+00:00"
        },
        {
            "DataBusWidth": "Unknown",
            "@odata.id": "/redfish/v1/Chassis/System.Embedded.1/Oem/Dell/DellPCIeFunctions/HostBridge.Embedded.1-20",
            "Id": "HostBridge.Embedded.1-20",
            "LastSystemInventoryTime": "2025-11-06T19:28:47+00:00",
            "LastUpdateTime": "2025-11-06T17:28:45+00:00",
            "Name": "DellPCIeFunction",
            "Description": "An instance of DellPCIeFunction will have PCI device specific data.",
            "@odata.etag": "W/\"gen-2\"",
            "SlotType": "Unknown",
            "@odata.context": "/redfish/v1/$metadata#DellPCIeFunction.DellPCIeFunction",
            "@odata.type": "#DellPCIeFunction.v1_7_0.DellPCIeFunction",
            "SlotLength": "Unknown"
        },
        {
            "Description": "An instance of DellPCIeFunction will have PCI device specific data.",
            "@odata.id": "/redfish/v1/Chassis/System.Embedded.1/Oem/Dell/DellPCIeFunctions/HostBridge.Embedded.1-11",
            "@odata.context": "/redfish/v1/$metadata#DellPCIeFunction.DellPCIeFunction",
            "DataBusWidth": "Unknown",
            "@odata.type": "#DellPCIeFunction.v1_7_0.DellPCIeFunction",
            "SlotLength": "Unknown",
            "SlotType": "Unknown",
            "LastSystemInventoryTime": "2025-11-06T19:28:47+00:00",
            "Name": "DellPCIeFunction",
            "@odata.etag": "W/\"gen-2\"",
            "Id": "HostBridge.Embedded.1-11",
            "LastUpdateTime": "2025-11-06T17:28:45+00:00"
        }
    ],
    "Members@odata.count": 67,
    "@odata.id": "/redfish/v1/Chassis/System.Embedded.1/Oem/Dell/DellPCIeFunctions",
    "@odata.etag": "W/\"gen-1\"",
    "Name": "DellPCIeFunctionCollection",
    "@odata.context": "/redfish/v1/$metadata#DellPCIeFunctionCollection.DellPCIeFunctionCollection",
    "@odata.type": "#DellPCIeFunctionCollection.DellPCIeFunctionCollection"
}