{
    "@odata.context": "/redfish/v1/$metadata#JsonSchemaFile.JsonSchemaFile",
    "@odata.id": "/redfish/v1/JsonSchemas/DellInfiniBandCapabilities.v1_0_0",
    "@odata.type": "#JsonSchemaFile.v1_1_4.JsonSchemaFile",
    "Description": "DellInfiniBandCapabilities Schema File Location",
    "Id": "DellInfiniBandCapabilities.v1_0_0",
    "Languages": [
        "en"
    ],
    "Languages@odata.count": 1,
    "Location": [
        {
            "Language": "en",
            "PublicationUri": "http://downloads.dell.com/redfish/bmc/schemas/DellInfiniBandCapabilities.v1_0_0.json",
            "Uri": "/redfish/v1/Schemas/DellInfiniBandCapabilities.v1_0_0.json"
        }
    ],
    "Location@odata.count": 1,
    "Name": "DellInfiniBandCapabilities Schema File",
    "Schema": "#DellInfiniBandCapabilities.v1_0_0.DellInfiniBandCapabilities"
}