{
    "@odata.context": "/redfish/v1/$metadata#JsonSchemaFile.JsonSchemaFile",
    "@odata.id": "/redfish/v1/JsonSchemas/AddressPool.v1_2_2",
    "@odata.type": "#JsonSchemaFile.v1_1_4.JsonSchemaFile",
    "Description": "AddressPool Schema File Location",
    "Id": "AddressPool.v1_2_2",
    "Languages": [
        "en"
    ],
    "Languages@odata.count": 1,
    "Location": [
        {
            "Language": "en",
            "PublicationUri": "http://redfish.dmtf.org/schemas/v1/AddressPool.v1_2_2.json",
            "Uri": "/redfish/v1/Schemas/AddressPool.v1_2_2.json"
        }
    ],
    "Location@odata.count": 1,
    "Name": "AddressPool Schema File",
    "Schema": "#AddressPool.v1_2_2.AddressPool"
}