{
    "@odata.context": "/redfish/v1/$metadata#Job.Job",
    "@odata.id": "/redfish/v1/JobService/Jobs/JID_375612705806",
    "@odata.type": "#Job.v1_2_4.Job",
    "Description": "Represent a job in Redfish",
    "Id": "JID_375612705806",
    "Name": "Firmware Update: BIOS",
    "JobState": "Completed",
    "JobStatus": "OK",
    "PercentComplete": 100,
    "StartTime": "2025-01-22T09:54:30-06:00",
    "EndTime": "2025-01-22T10:02:19-06:00",
    "Messages": [
        {
            "Message": "The specified job has completed successfully.",
            "MessageId": "IDRAC.2.9.PR19",
            "MessageArgs": [],
            "MessageArgs@odata.count": 0
        }
    ],
    "Messages@odata.count": 1
}