{
    "@odata.context": "/redfish/v1/$metadata#PCIeDevice.PCIeDevice",
    "@odata.etag": "\"1707801118\"",
    "@odata.id": "/redfish/v1/Chassis/System.Embedded.1/PCIeDevices/74-0",
    "@odata.type": "#PCIeDevice.v1_11_1.PCIeDevice",
    "AssetTag": null,
    "Description": "GH100 [H100 PCIe]",
    "DeviceType": "SingleFunction",
    "FirmwareVersion": "",
    "Id": "74-0",
    "Links": {
        "Chassis": [
            {
                "@odata.id": "/redfish/v1/Chassis/System.Embedded.1"
            }
        ],
        "Chassis@odata.count": 1,
        "Oem": {
            "Dell": {
                "@odata.type": "#DellOem.v1_3_0.DellOemLinks",
                "CPUAffinity": [
                    {
                        "@odata.id": "/redfish/v1/Systems/System.Embedded.1/Processors/CPU.Socket.1"
                    }
                ],
                "CPUAffinity@odata.count": 1
            }
        },
        "PCIeFunctions": [
            {
                "@odata.id": "/redfish/v1/Chassis/System.Embedded.1/PCIeDevices/74-0/PCIeFunctions/74-0-0"
            }
        ],
        "PCIeFunctions@odata.count": 1,
        "PCIeFunctions@Redfish.Deprecated": "Please migrate to PCIeFunctions property in the root resource."
    },
    "Manufacturer": "NVIDIA Corporation",
    "Model": "NVIDIA H100 PCIe",
    "Name": "GH100 [H100 PCIe]",
    "PartNumber": "699-21010-0200-QS1",
    "SKU": null,
    "SerialNumber": "1332322060428",
    "Slot": {
        "Lanes": 16,
        "Location": {
            "PartLocation": {
                "LocationOrdinalValue": 38,
                "LocationType": "Slot"
            }
        },
        "PCIeType": "Gen5",
        "SlotType": "FullLength"
    },
    "PCIeInterface": {
        "MaxPCIeType": "Gen5",
        "PCIeType": "Gen5",
        "MaxLanes": 16,
        "LanesInUse": 16
    },
    "Status": {
        "State": "Enabled",
        "Health": "OK",
        "HealthRollup": "OK"
    },
    "PCIeFunctions": {
        "@odata.id": "/redfish/v1/Chassis/System.Embedded.1/PCIeDevices/74-0/PCIeFunctions"
    }
}