{
    "Name": "DellNICStatistics",
    "RxBytes": 0,
    "TxBytes": 0,
    "@odata.context": "/redfish/v1/$metadata#DellNICStatistics.DellNICStatistics",
    "RxMulticastPackets": 0,
    "@odata.type": "#DellNICStatistics.v1_1_0.DellNICStatistics",
    "Id": "NIC.Slot.10-3-1",
    "@odata.etag": "W/\"gen-1692\"",
    "Description": "An instance of DellNICStatistics will have the statistics of the NIC, NIC port or partition.",
    "TxMulticastPackets": 0,
    "TxMutlicastPackets": 0,
    "RxUnicastPackets": 0,
    "TxMutlicastPackets@Redfish.Deprecated": "This property has been deprecated in favor of TxMulticastPackets.",
    "RxMutlicastPackets@Redfish.Deprecated": "This property has been deprecated in favor of RxMulticastPackets.",
    "TxUnicastPackets": 0,
    "@odata.id": "/redfish/v1/Chassis/System.Embedded.1/Oem/Dell/DellNICStatistics/NIC.Slot.10-3-1",
    "RxMutlicastPackets": 0
}