{
    "Id": "NIC.Slot.10-1-1",
    "@odata.id": "/redfish/v1/Chassis/System.Embedded.1/Oem/Dell/DellNICStatistics/NIC.Slot.10-1-1",
    "@odata.context": "/redfish/v1/$metadata#DellNICStatistics.DellNICStatistics",
    "@odata.etag": "W/\"gen-1691\"",
    "RxBytes": 1588406,
    "TxMutlicastPackets": 613,
    "TxMulticastPackets": 613,
    "TxMutlicastPackets@Redfish.Deprecated": "This property has been deprecated in favor of TxMulticastPackets.",
    "RxMulticastPackets": 17526,
    "@odata.type": "#DellNICStatistics.v1_1_0.DellNICStatistics",
    "RxMutlicastPackets@Redfish.Deprecated": "This property has been deprecated in favor of RxMulticastPackets.",
    "RxMutlicastPackets": 17526,
    "Name": "DellNICStatistics",
    "TxBytes": 343129,
    "RxUnicastPackets": 875,
    "TxUnicastPackets": 874,
    "Description": "An instance of DellNICStatistics will have the statistics of the NIC, NIC port or partition."
}