{
    "Status": {
        "Health": "OK",
        "State": "Enabled"
    },
    "@odata.etag": "\"W/'gen-16'\"",
    "@odata.type": "#Sensor.v1_9_0.Sensor",
    "@odata.context": "/redfish/v1/$metadata#Sensor.Sensor",
    "PhysicalContext": "MemorySubsystem",
    "ReadingType": "Temperature",
    "Reading": 30,
    "@odata.id": "/redfish/v1/Chassis/System.Embedded.1/Sensors/Temperature.DIMM_MAX",
    "Name": "Max DIMM Temperature",
    "Description": "Max DIMM Temperature",
    "ReadingBasis": "Zero",
    "ReadingUnits": "Cel",
    "Id": "Temperature.DIMM_MAX"
}