{
    "@odata.etag": "W/\"gen-534\"",
    "TemperatureSummaryCelsius": {
        "Internal": {
            "Reading": 27,
            "DataSourceUri": "/redfish/v1/Chassis/System.Embedded.1/Sensors/CPU0Temp"
        },
        "Exhaust": {
            "DataSourceUri": "/redfish/v1/Chassis/System.Embedded.1/Sensors/SystemBoardExhaustTemp",
            "Reading": 26
        },
        "Intake": {
            "DataSourceUri": "/redfish/v1/Chassis/System.Embedded.1/Sensors/InletTemp",
            "Reading": 23
        }
    },
    "TemperatureReadingsCelsius": [
        {
            "DataSourceUri": "/redfish/v1/Chassis/System.Embedded.1/Sensors/InletTemp",
            "Reading": 23
        },
        {
            "Reading": 26,
            "DataSourceUri": "/redfish/v1/Chassis/System.Embedded.1/Sensors/SystemBoardExhaustTemp"
        },
        {
            "Reading": 27,
            "DataSourceUri": "/redfish/v1/Chassis/System.Embedded.1/Sensors/CPU0Temp"
        },
        {
            "DataSourceUri": "/redfish/v1/Chassis/System.Embedded.1/Sensors/CPU1Temp",
            "Reading": 26
        }
    ],
    "TemperatureReadingsCelsius@odata.count": 4,
    "Name": "Chassis Thermal Metrics",
    "@odata.context": "/redfish/v1/$metadata#ThermalMetrics.ThermalMetrics",
    "@odata.type": "#ThermalMetrics.v1_3_2.ThermalMetrics",
    "@odata.id": "/redfish/v1/Chassis/System.Embedded.1/ThermalSubsystem/ThermalMetrics",
    "Description": "Represents the properties of Thermal Metrics of the chassis",
    "Id": "ThermalMetrics"
}