{
    "Location": {
        "PartLocation": {
            "LocationOrdinalValue": 3,
            "LocationType": "Slot"
        }
    },
    "SpeedPercent": {
        "DataSourceUri": "/redfish/v1/Chassis/System.Embedded.1/Sensors/Fan3_1",
        "SpeedRPM": 7560
    },
    "Description": "Represents fan properties of the chassis",
    "@odata.type": "#Fan.v1_5_2.Fan",
    "@odata.etag": "W/\"gen-394\"",
    "HotPluggable": true,
    "@odata.context": "/redfish/v1/$metadata#Fan.Fan",
    "SecondarySpeedPercent": {
        "DataSourceUri": "/redfish/v1/Chassis/System.Embedded.1/Sensors/Fan3_2",
        "SpeedRPM": 7350
    },
    "PhysicalContext": "SystemBoard",
    "Name": "Fan3",
    "Id": "CoolingController.1.Fan3",
    "@odata.id": "/redfish/v1/Chassis/System.Embedded.1/ThermalSubsystem/Fans/CoolingController.1.Fan3",
    "Oem": {
        "Dell": {
            "FanPWM": 28,
            "FanType": "Platinum",
            "@odata.context": "/redfish/v1/$metadata#DellFan.DellFan",
            "@odata.type": "#DellFan.v1_1_0.DellFan"
        }
    },
    "Status": {
        "Health": "OK",
        "State": "Enabled"
    }
}