{
    "@odata.context": "/redfish/v1/$metadata#JsonSchemaFile.JsonSchemaFile",
    "@odata.id": "/redfish/v1/JsonSchemas/CoolingLoop",
    "@odata.type": "#JsonSchemaFile.v1_1_4.JsonSchemaFile",
    "Description": "CoolingLoop Schema File Location",
    "Id": "CoolingLoop",
    "Languages": [
        "en"
    ],
    "Languages@odata.count": 1,
    "Location": [
        {
            "Language": "en",
            "PublicationUri": "http://redfish.dmtf.org/schemas/v1/CoolingLoop.json",
            "Uri": "/redfish/v1/Schemas/CoolingLoop.json"
        }
    ],
    "Location@odata.count": 1,
    "Name": "CoolingLoop Schema File",
    "Schema": "#CoolingLoop.CoolingLoop"
}