{
    "Name": "CPU0 VCCD1 VR",
    "@odata.type": "#Sensor.v1_10_1.Sensor",
    "@odata.id": "/redfish/v1/Chassis/System.Embedded.1/Sensors/CPU0VCCD1VR",
    "ReadingBasis": "Zero",
    "ReadingRangeMin": null,
    "ReadingRangeMax": null,
    "@odata.etag": "W/\"gen-15\"",
    "Id": "CPU0VCCD1VR",
    "ReadingUnits": "V",
    "ReadingType": "Voltage",
    "Status": {
        "State": "Enabled",
        "Health": "OK"
    },
    "Oem": {
        "Dell": {
            "@odata.context": "/redfish/v1/$metadata#DellOemSensor.DellOemSensor",
            "@odata.type": "#DellOemSensor.v1_2_0.DellOemSensor",
            "PossibleStates": [
                "Unknown",
                "Fatal",
                "Normal",
                "Upper Fatal",
                "Upper Critical",
                "Upper Non-Critical",
                "Lower Non-Critical",
                "Lower Critical",
                "Lower Fatal"
            ],
            "PossibleStates@odata.count": 9,
            "RequestedState": "NotApplicable",
            "CurrentState": "Normal",
            "DeviceID": "iDRAC.Embedded.1#CPU0VCCD1VR"
        }
    },
    "@odata.context": "/redfish/v1/$metadata#Sensor.Sensor",
    "Reading": 1.097,
    "Thresholds": {
        "LowerCritical": {
            "Reading": null
        },
        "UpperCaution": {
            "Reading": null
        },
        "UpperCritical": {
            "Reading": null
        },
        "LowerCaution": {
            "Reading": null
        }
    },
    "PhysicalContext": "CPU",
    "Description": "Instance of Sensor Id"
}