{
    "@odata.context": "/redfish/v1/$metadata#JsonSchemaFile.JsonSchemaFile",
    "@odata.id": "/redfish/v1/JsonSchemas/DellAggregationMetricDefinitionCollection",
    "@odata.type": "#JsonSchemaFile.v1_1_5.JsonSchemaFile",
    "Description": "DellAggregationMetricDefinitionCollection Schema File Location",
    "Id": "DellAggregationMetricDefinitionCollection",
    "Languages": [
        "en"
    ],
    "Languages@odata.count": 1,
    "Location": [
        {
            "Language": "en",
            "PublicationUri": "http://downloads.dell.com/redfish/bmc/schemas/DellAggregationMetricDefinitionCollection.json",
            "Uri": "/redfish/v1/Schemas/DellAggregationMetricDefinitionCollection.json"
        }
    ],
    "Location@odata.count": 1,
    "Name": "DellAggregationMetricDefinitionCollection Schema File",
    "Schema": "#DellAggregationMetricDefinitionCollection.DellAggregationMetricDefinitionCollection"
}