{
    "Status": {
        "State": "Enabled",
        "Health": "OK"
    },
    "ReadingRangeMax": null,
    "ReadingType": "Voltage",
    "ReadingBasis": "Zero",
    "ReadingRangeMin": null,
    "Oem": {
        "Dell": {
            "CurrentState": "Normal",
            "DeviceID": "iDRAC.Embedded.1#CPU0VCCFAVR",
            "@odata.context": "/redfish/v1/$metadata#DellOemSensor.DellOemSensor",
            "@odata.type": "#DellOemSensor.v1_2_0.DellOemSensor",
            "PossibleStates": [
                "Unknown",
                "Fatal",
                "Normal",
                "Upper Fatal",
                "Upper Critical",
                "Upper Non-Critical",
                "Lower Non-Critical",
                "Lower Critical",
                "Lower Fatal"
            ],
            "PossibleStates@odata.count": 9,
            "RequestedState": "NotApplicable"
        }
    },
    "@odata.type": "#Sensor.v1_10_1.Sensor",
    "Reading": 0.787,
    "ReadingUnits": "V",
    "@odata.context": "/redfish/v1/$metadata#Sensor.Sensor",
    "Description": "Instance of Sensor Id",
    "PhysicalContext": "CPU",
    "Thresholds": {
        "UpperCaution": {
            "Reading": null
        },
        "UpperCritical": {
            "Reading": null
        },
        "LowerCaution": {
            "Reading": null
        },
        "LowerCritical": {
            "Reading": null
        }
    },
    "Id": "CPU0VCCFAVR",
    "Name": "CPU0 VCCFA VR",
    "@odata.etag": "W/\"gen-117\"",
    "@odata.id": "/redfish/v1/Chassis/System.Embedded.1/Sensors/CPU0VCCFAVR"
}