{
    "Description": "Collection of PCIeFunctions",
    "Members": [
        {
            "@odata.id": "/redfish/v1/Chassis/System.Embedded.1/PCIeDevices/0-0-3/PCIeFunctions/0-0-3-0"
        }
    ],
    "Members@odata.count": 1,
    "@odata.id": "/redfish/v1/Chassis/System.Embedded.1/PCIeDevices/0-0-3/PCIeFunctions",
    "@odata.etag": "W/\"gen-1\"",
    "Name": "PCIeFunction Collection",
    "@odata.context": "/redfish/v1/$metadata#PCIeFunctionCollection.PCIeFunctionCollection",
    "@odata.type": "#PCIeFunctionCollection.PCIeFunctionCollection"
}