{
    "@odata.context": "/redfish/v1/$metadata#Certificate.Certificate",
    "@odata.id": "/redfish/v1/Chassis/System.Embedded.1/TrustedComponents/TPM/Certificates/SecurityCertificate.3",
    "@odata.type": "#Certificate.v1_9_0.Certificate",
    "Name": "TPM_EK_ECC Certificate",
    "Id": "SecurityCertificate.3",
    "Description": "Certificate is used for Host Attestation",
    "ValidNotAfter": "2044-11-06T14:38:54+00:00",
    "Subject": {
        "CommonName": "",
        "Organization": "",
        "City": "",
        "Country": "",
        "Email": null,
        "OrganizationalUnit": "",
        "State": ""
    },
    "Issuer": {
        "CommonName": "NPCTxxx ECC384 LeafCA 022111",
        "Organization": "Nuvoton Technology Corporation",
        "City": "",
        "Country": "TW",
        "Email": null,
        "OrganizationalUnit": "",
        "State": ""
    },
    "ValidNotBefore": "2024-11-06T14:38:54+00:00",
    "SerialNumber": "52:B3:40:C5:9E:E3:9E:CE:B0:7B",
    "CertificateUsageTypes": [
        "Platform",
        "EK"
    ]
}