{
    "@odata.context": "/redfish/v1/$metadata#PCIeDevice.PCIeDevice",
    "@odata.etag": "\"1707801114\"",
    "@odata.id": "/redfish/v1/Chassis/System.Embedded.1/PCIeDevices/34-0",
    "@odata.type": "#PCIeDevice.v1_11_1.PCIeDevice",
    "AssetTag": null,
    "Description": "Ethernet 1G 4P I350-t OCP",
    "DeviceType": "MultiFunction",
    "FirmwareVersion": "22.5.7",
    "Id": "34-0",
    "Links": {
        "Chassis": [
            {
                "@odata.id": "/redfish/v1/Chassis/System.Embedded.1"
            }
        ],
        "Chassis@odata.count": 1,
        "Oem": {
            "Dell": {
                "@odata.type": "#DellOem.v1_3_0.DellOemLinks",
                "CPUAffinity": [
                    {
                        "@odata.id": "/redfish/v1/Systems/System.Embedded.1/Processors/CPU.Socket.1"
                    }
                ],
                "CPUAffinity@odata.count": 1
            }
        },
        "PCIeFunctions": [
            {
                "@odata.id": "/redfish/v1/Chassis/System.Embedded.1/PCIeDevices/34-0/PCIeFunctions/34-0-2"
            },
            {
                "@odata.id": "/redfish/v1/Chassis/System.Embedded.1/PCIeDevices/34-0/PCIeFunctions/34-0-0"
            },
            {
                "@odata.id": "/redfish/v1/Chassis/System.Embedded.1/PCIeDevices/34-0/PCIeFunctions/34-0-1"
            },
            {
                "@odata.id": "/redfish/v1/Chassis/System.Embedded.1/PCIeDevices/34-0/PCIeFunctions/34-0-3"
            }
        ],
        "PCIeFunctions@odata.count": 4,
        "PCIeFunctions@Redfish.Deprecated": "Please migrate to PCIeFunctions property in the root resource."
    },
    "Manufacturer": "Intel Corporation",
    "Model": "Intel(R) GbE 4P I350-T Adapter",
    "Name": "Ethernet 1G 4P I350-t OCP",
    "PartNumber": "0D1C51",
    "SKU": null,
    "SerialNumber": "MYFLMIT2AS01FW",
    "Slot": {},
    "Status": {
        "State": "Enabled",
        "Health": "OK",
        "HealthRollup": "OK"
    },
    "PCIeFunctions": {
        "@odata.id": "/redfish/v1/Chassis/System.Embedded.1/PCIeDevices/34-0/PCIeFunctions"
    }
}