{
    "@odata.context": "/redfish/v1/$metadata#FanCollection.FanCollection",
    "@odata.id": "/redfish/v1/Chassis/System.Embedded.1/ThermalSubsystem/Fans",
    "@odata.type": "#FanCollection.FanCollection",
    "Description": "Collection of Fan",
    "Members": [
        {
            "@odata.id": "/redfish/v1/Chassis/System.Embedded.1/ThermalSubsystem/Fans/Fan.Embedded.1A"
        },
        {
            "@odata.id": "/redfish/v1/Chassis/System.Embedded.1/ThermalSubsystem/Fans/Fan.Embedded.1B"
        },
        {
            "@odata.id": "/redfish/v1/Chassis/System.Embedded.1/ThermalSubsystem/Fans/Fan.Embedded.1C"
        },
        {
            "@odata.id": "/redfish/v1/Chassis/System.Embedded.1/ThermalSubsystem/Fans/Fan.Embedded.1D"
        },
        {
            "@odata.id": "/redfish/v1/Chassis/System.Embedded.1/ThermalSubsystem/Fans/Fan.Embedded.2A"
        },
        {
            "@odata.id": "/redfish/v1/Chassis/System.Embedded.1/ThermalSubsystem/Fans/Fan.Embedded.2B"
        },
        {
            "@odata.id": "/redfish/v1/Chassis/System.Embedded.1/ThermalSubsystem/Fans/Fan.Embedded.2C"
        },
        {
            "@odata.id": "/redfish/v1/Chassis/System.Embedded.1/ThermalSubsystem/Fans/Fan.Embedded.2D"
        },
        {
            "@odata.id": "/redfish/v1/Chassis/System.Embedded.1/ThermalSubsystem/Fans/Fan.Embedded.3A"
        },
        {
            "@odata.id": "/redfish/v1/Chassis/System.Embedded.1/ThermalSubsystem/Fans/Fan.Embedded.3B"
        },
        {
            "@odata.id": "/redfish/v1/Chassis/System.Embedded.1/ThermalSubsystem/Fans/Fan.Embedded.3C"
        },
        {
            "@odata.id": "/redfish/v1/Chassis/System.Embedded.1/ThermalSubsystem/Fans/Fan.Embedded.3D"
        },
        {
            "@odata.id": "/redfish/v1/Chassis/System.Embedded.1/ThermalSubsystem/Fans/Fan.Embedded.4A"
        },
        {
            "@odata.id": "/redfish/v1/Chassis/System.Embedded.1/ThermalSubsystem/Fans/Fan.Embedded.4B"
        },
        {
            "@odata.id": "/redfish/v1/Chassis/System.Embedded.1/ThermalSubsystem/Fans/Fan.Embedded.4C"
        },
        {
            "@odata.id": "/redfish/v1/Chassis/System.Embedded.1/ThermalSubsystem/Fans/Fan.Embedded.4D"
        }
    ],
    "Members@odata.count": 16,
    "Name": "Fan Collection"
}