{
    "@odata.context": "/redfish/v1/$metadata#JsonSchemaFile.JsonSchemaFile",
    "@odata.id": "/redfish/v1/JsonSchemas/DellBaseMetricValue.v1_0_0",
    "@odata.type": "#JsonSchemaFile.v1_1_4.JsonSchemaFile",
    "Description": "DellBaseMetricValue Schema File Location",
    "Id": "DellBaseMetricValue.v1_0_0",
    "Languages": [
        "en"
    ],
    "Languages@odata.count": 1,
    "Location": [
        {
            "Language": "en",
            "PublicationUri": "http://downloads.dell.com/redfish/bmc/schemas/DellBaseMetricValue.v1_0_0.json",
            "Uri": "/redfish/v1/Schemas/DellBaseMetricValue.v1_0_0.json"
        }
    ],
    "Location@odata.count": 1,
    "Name": "DellBaseMetricValue Schema File",
    "Schema": "#DellBaseMetricValue.v1_0_0.DellBaseMetricValue"
}