{
    "@odata.context": "/redfish/v1/$metadata#NetworkPort.NetworkPort",
    "@odata.id": "/redfish/v1/Chassis/System.Embedded.1/NetworkAdapters/NIC.Slot.3/NetworkPorts/NIC.Slot.3-3",
    "@odata.type": "#NetworkPort.v1_4_1.NetworkPort",
    "ActiveLinkTechnology": "Ethernet",
    "AssociatedNetworkAddresses": [
        "B4:96:91:B6:3E:14"
    ],
    "CurrentLinkSpeedMbps": 0,
    "Description": "Network Port View",
    "EEEEnabled": null,
    "FlowControlConfiguration": null,
    "FlowControlStatus": null,
    "Id": "NIC.Slot.3-3",
    "LinkStatus": null,
    "Name": "Network Port View",
    "NetDevFuncMaxBWAlloc": [
        {
            "MaxBWAllocPercent": null,
            "NetworkDeviceFunction": {
                "@odata.id": "/redfish/v1/Chassis/System.Embedded.1/NetworkAdapters/NIC.Slot.3/NetworkDeviceFunctions/NIC.Slot.3-3-1"
            }
        }
    ],
    "NetDevFuncMaxBWAlloc@odata.count": 1,
    "NetDevFuncMinBWAlloc": [
        {
            "MinBWAllocPercent": null,
            "NetworkDeviceFunction": {
                "@odata.id": "/redfish/v1/Chassis/System.Embedded.1/NetworkAdapters/NIC.Slot.3/NetworkDeviceFunctions/NIC.Slot.3-3-1"
            }
        }
    ],
    "NetDevFuncMinBWAlloc@odata.count": 1,
    "Oem": {},
    "PhysicalPortNumber": "3",
    "Status": {
        "State": "Enabled",
        "Health": null,
        "HealthRollup": null
    },
    "SupportedEthernetCapabilities": [
        "EEE"
    ],
    "SupportedEthernetCapabilities@odata.count": 1,
    "SupportedLinkCapabilities": [
        {
            "AutoSpeedNegotiation": null,
            "LinkNetworkTechnology": "Ethernet",
            "LinkSpeedMbps": 0
        }
    ],
    "SupportedLinkCapabilities@odata.count": 1,
    "VendorId": "8086",
    "WakeOnLANEnabled": null
}