{
    "@odata.context": "/redfish/v1/$metadata#PCIeFunction.PCIeFunction",
    "@odata.etag": "\"1707801117\"",
    "@odata.type": "#PCIeFunction.v1_5_0.PCIeFunction",
    "@odata.id": "/redfish/v1/Chassis/System.Embedded.1/PCIeDevices/55-0/PCIeFunctions/55-0-0",
    "ClassCode": "0x010400",
    "Description": "HBA465e Adapter",
    "DeviceClass": "MassStorageController",
    "DeviceId": "0x00a5",
    "Enabled": true,
    "FunctionId": 0,
    "FunctionType": "Physical",
    "Id": "55-0-0",
    "Links": {
        "StorageControllers": [
            {
                "@odata.id": "/redfish/v1/Systems/System.Embedded.1/Storage/NonRAID.Slot.1-1#/StorageControllers/0"
            }
        ],
        "StorageControllers@odata.count": 1,
        "Drives": [],
        "Drives@odata.count": 0,
        "EthernetInterfaces": [],
        "EthernetInterfaces@odata.count": 0,
        "PCIeDevice": {
            "@odata.id": "/redfish/v1/Chassis/System.Embedded.1/PCIeDevices/55-0"
        }
    },
    "Name": "HBA465e Adapter",
    "Oem": {
        "Dell": {
            "@odata.type": "#DellChassisPCIeFunction.v1_1_0.DellPCIeFunction",
            "DellPCIeFunction": {
                "DataBusWidth": "16XOrX16",
                "LastSystemInventoryTime": "2024-02-13T05:11:00+00:00",
                "LastUpdateTime": "2024-02-13T13:11:01+00:00",
                "SlotLength": "ShortLength",
                "SlotType": "PCIExpressGen5",
                "Id": "NonRAID.Slot.1-1"
            }
        }
    },
    "RevisionId": "0x01",
    "Status": {
        "State": "Enabled",
        "Health": "OK",
        "HealthRollup": "OK"
    },
    "SubsystemId": "0x2142",
    "SubsystemVendorId": "0x1028",
    "VendorId": "0x1000"
}