{
    "@odata.context": "/redfish/v1/$metadata#JsonSchemaFile.JsonSchemaFile",
    "@odata.id": "/redfish/v1/JsonSchemas/DataStorageLineOfService.v1_3_1",
    "@odata.type": "#JsonSchemaFile.v1_1_4.JsonSchemaFile",
    "Description": "DataStorageLineOfService Schema File Location",
    "Id": "DataStorageLineOfService.v1_3_1",
    "Languages": [
        "en"
    ],
    "Languages@odata.count": 1,
    "Location": [
        {
            "Language": "en",
            "PublicationUri": "http://redfish.dmtf.org/schemas/swordfish/v1/DataStorageLineOfService.v1_3_1.json",
            "Uri": "/redfish/v1/Schemas/DataStorageLineOfService.v1_3_1.json"
        }
    ],
    "Location@odata.count": 1,
    "Name": "DataStorageLineOfService Schema File",
    "Schema": "#DataStorageLineOfService.v1_3_1.DataStorageLineOfService"
}