{
    "Name": "NIC.Slot.10#FRU",
    "Description": "Represents the properties of Assembly for the device",
    "@odata.etag": "W/\"gen-1\"",
    "@odata.id": "/redfish/v1/Chassis/System.Embedded.1/NetworkAdapters/NIC.Slot.10/Assembly",
    "@odata.type": "#Assembly.v1_5_1.Assembly",
    "Assemblies": [
        {
            "Oem": {
                "Dell": {
                    "@odata.context": "/redfish/v1/$metadata#DellOemAssembly.DellOemAssembly",
                    "@odata.type": "#DellOemAssembly.v1_1_0.DellOemAssemblyLinks",
                    "DellAssembly": {
                        "PackageType": "Module/Card",
                        "@odata.context": "/redfish/v1/$metadata#DellAssembly.DellAssembly",
                        "@odata.id": "/redfish/v1/Chassis/System.Embedded.1/Oem/Dell/DellAssembly/NIC.Slot.10_0x23_FRU",
                        "@odata.type": "#DellAssembly.v1_1_0.DellAssembly",
                        "SerialNumber": "VNFCBBA2CD04S3",
                        "DeviceFQDD": "NIC.Slot.10",
                        "Description": "This resource shall be used to represent an assembly information.",
                        "Name": "DellAssembly",
                        "Id": "NIC.Slot.10_0x23_FRU"
                    }
                }
            },
            "Model": "BRCM 4P 25G SFP 57504S OCP NIC",
            "MemberId": "0",
            "ProductionDate": "2022-12-16T07:59:00Z",
            "Name": "NIC.Slot.10#FRU",
            "EngineeringChangeLevel": "A00",
            "@odata.id": "/redfish/v1/Chassis/System.Embedded.1/NetworkAdapters/NIC.Slot.10/Assembly#/Assemblies/0",
            "Description": "BRCM 4P 25G SFP 57504S OCP NIC",
            "SerialNumber": "VNFCBBA2CD04S3",
            "Producer": "DELL",
            "Vendor": "DELL",
            "PartNumber": "03Y64D"
        }
    ],
    "Assemblies@odata.count": 1,
    "Id": "Assembly",
    "@odata.context": "/redfish/v1/$metadata#Assembly.Assembly"
}