{
    "@Redfish.CollectionCapabilities": {
        "@odata.type": "#CollectionCapabilities.v1_4_1.CollectionCapabilities",
        "MaxMembers": 31
    },
    "Description": "BMC User Accounts Collection",
    "Members": [
        {
            "@odata.id": "/redfish/v1/AccountService/Accounts/8"
        },
        {
            "@odata.id": "/redfish/v1/AccountService/Accounts/2"
        }
    ],
    "Members@odata.count": 2,
    "@odata.id": "/redfish/v1/AccountService/Accounts",
    "@odata.type": "#ManagerAccountCollection.ManagerAccountCollection",
    "@odata.etag": "W/\"gen-3\"",
    "Name": "Accounts Collection",
    "@odata.context": "/redfish/v1/$metadata#ManagerAccountCollection.ManagerAccountCollection"
}