{
    "@odata.id": "/redfish/v1/ComponentIntegrity/CPU.Socket.0",
    "ComponentIntegrityTypeVersion": "1.2.0",
    "ComponentIntegrityType": "SPDM",
    "TargetComponentURI": "/redfish/v1/Systems/System.Embedded.1/Processors/CPU.Socket.0",
    "Id": "CPU.Socket.0",
    "SPDM": {
        "IdentityAuthentication": {
            "ResponderAuthentication": {
                "ComponentCertificate": {
                    "@odata.id": "/redfish/v1/Systems/System.Embedded.1/Processors/CPU.Socket.0/Certificates/SPDMCert-65-0"
                },
                "VerificationStatus": "Success"
            }
        },
        "MeasurementSet": {
            "MeasurementSpecification": "DMTF",
            "MeasurementSummary": "v9vpZLicqajoz5kyqQTlfC3DIKevXKsCo7RA1VZMnraUijGBVJi/xBDeHf1YB82v",
            "MeasurementSummaryHashAlgorithm": "TPM_ALG_SHA_384",
            "MeasurementSummaryType": "All",
            "Measurements": [
                {
                    "LastUpdated": "2025-11-06T19:27:35Z",
                    "Measurement": "AQEHAIIEAAAAAAA=",
                    "MeasurementHashAlgorithm": "RAW_BIT_STREAM_ONLY",
                    "MeasurementIndex": 1,
                    "MeasurementType": "HardwareConfiguration",
                    "PartofSummaryHash": true
                },
                {
                    "LastUpdated": "2025-11-06T19:27:35Z",
                    "Measurement": "AgEzAAEwAI6dDKosgV4fv/PP1/GTh6PuDmtjYdZYVvTZk5bGIqNAVE/tyFoWm+Z+x1BrLzvb8w==",
                    "MeasurementHashAlgorithm": "TPM_ALG_SHA_384",
                    "MeasurementIndex": 2,
                    "MeasurementType": "MutableFirmware",
                    "PartofSummaryHash": true
                },
                {
                    "LastUpdated": "2025-11-06T19:27:35Z",
                    "Measurement": "AwEzAAEwAHtTPsXd9bvPvkB8fzLipeP8/3CMU/4DQCPIQJ/xVpUQm6jmm6Yrxsk0WZUnNd/qWw==",
                    "MeasurementHashAlgorithm": "TPM_ALG_SHA_384",
                    "MeasurementIndex": 3,
                    "MeasurementType": "MutableFirmware",
                    "PartofSummaryHash": true
                },
                {
                    "LastUpdated": "2025-11-06T19:27:35Z",
                    "Measurement": "BAEzAAEwAGSmwcfmzRd/i4n0EjDvD2d3XWEUb0ypD5FWqpI6LrP5VzDvUcJwVkqOoTfrAyxSqg==",
                    "MeasurementHashAlgorithm": "TPM_ALG_SHA_384",
                    "MeasurementIndex": 4,
                    "MeasurementType": "MutableFirmware",
                    "PartofSummaryHash": true
                },
                {
                    "LastUpdated": "2025-11-06T19:27:35Z",
                    "Measurement": "BQEzAAEwAPNrZYp3Nm+rXpr+4GcbZJp5//hDJui0oMue0V9FAtVX/JA5p0WIy5fcHv3/LrBk9A==",
                    "MeasurementHashAlgorithm": "TPM_ALG_SHA_384",
                    "MeasurementIndex": 5,
                    "MeasurementType": "MutableFirmware",
                    "PartofSummaryHash": true
                },
                {
                    "LastUpdated": "2025-11-06T19:27:35Z",
                    "Measurement": "BgEzAAEwAB7JwV06bd+Jqz/f6UvsnRoSY7a0swA0a7+JmmjUtYLAvq1ESdHou5XmKjLZB4Cp2g==",
                    "MeasurementHashAlgorithm": "TPM_ALG_SHA_384",
                    "MeasurementIndex": 6,
                    "MeasurementType": "MutableFirmware",
                    "PartofSummaryHash": true
                },
                {
                    "LastUpdated": "2025-11-06T19:27:35Z",
                    "Measurement": "BwEzAAEwANyFfPU+MkH+EQ9aO1YcmMMhJDFz+tsC6oePuJPgOSfDpQjLMfidNkYUdDXYt3W9Pw==",
                    "MeasurementHashAlgorithm": "TPM_ALG_SHA_384",
                    "MeasurementIndex": 7,
                    "MeasurementType": "MutableFirmware",
                    "PartofSummaryHash": true
                },
                {
                    "LastUpdated": "2025-11-06T19:27:35Z",
                    "Measurement": "CAEzAAEwABseWmuJ9AIIFWu8x1H1eULlJCDVI42YZ5Oy71bBjsAQV9BxglBZIoEebkrM6/Gzpg==",
                    "MeasurementHashAlgorithm": "TPM_ALG_SHA_384",
                    "MeasurementIndex": 8,
                    "MeasurementType": "MutableFirmware",
                    "PartofSummaryHash": true
                },
                {
                    "LastUpdated": "2025-11-06T19:27:35Z",
                    "Measurement": "CQEzAAEwACUVEMBpNSeXLWquvL1TEcH7ddyTkWpCX6y/zEorVIiC2dmkev5WXff5QuVBxgzWlg==",
                    "MeasurementHashAlgorithm": "TPM_ALG_SHA_384",
                    "MeasurementIndex": 9,
                    "MeasurementType": "MutableFirmware",
                    "PartofSummaryHash": true
                },
                {
                    "LastUpdated": "2025-11-06T19:27:35Z",
                    "Measurement": "CgEzAAEwAD1mRCbh5qbQYGwfwIkdhB66aEHiMhm8sQ5DXCH0+5bNWRTqyFdPLO/e5uwi5N9VMQ==",
                    "MeasurementHashAlgorithm": "TPM_ALG_SHA_384",
                    "MeasurementIndex": 10,
                    "MeasurementType": "MutableFirmware",
                    "PartofSummaryHash": true
                },
                {
                    "LastUpdated": "2025-11-06T19:27:35Z",
                    "Measurement": "CwEzAAEwAFR5D3F/fSzDRP9ZszQEfLCEegbA8h2WrSwYsDaLGf1EJl028OZzOCPCIlHjX0Glfw==",
                    "MeasurementHashAlgorithm": "TPM_ALG_SHA_384",
                    "MeasurementIndex": 11,
                    "MeasurementType": "MutableFirmware",
                    "PartofSummaryHash": true
                },
                {
                    "LastUpdated": "2025-11-06T19:27:35Z",
                    "Measurement": "DAEzAAEwABtoOSE11BkeqUPMIDayMUmBtN7ktuA1YoUHAGeAeFMktQi84i4ZgO+er/gbttRqWQ==",
                    "MeasurementHashAlgorithm": "TPM_ALG_SHA_384",
                    "MeasurementIndex": 12,
                    "MeasurementType": "MutableFirmware",
                    "PartofSummaryHash": true
                },
                {
                    "LastUpdated": "2025-11-06T19:27:35Z",
                    "Measurement": "DQEzAAEwAPJjmqxrlOan7SEnxHQw86Ty29dDrWTKHeDiz4+75BXCnTUx05UkBdZStTDEPGMZqQ==",
                    "MeasurementHashAlgorithm": "TPM_ALG_SHA_384",
                    "MeasurementIndex": 13,
                    "MeasurementType": "MutableFirmware",
                    "PartofSummaryHash": true
                },
                {
                    "LastUpdated": "2025-11-06T19:27:35Z",
                    "Measurement": "DgEzAAEwAKKvrHlM3NnwFxSPgH1LAr95wagBvBthVkc5Qgo3Apyn/El+e8WtZVvTZ5dKmO9d4A==",
                    "MeasurementHashAlgorithm": "TPM_ALG_SHA_384",
                    "MeasurementIndex": 14,
                    "MeasurementType": "MutableFirmware",
                    "PartofSummaryHash": true
                },
                {
                    "LastUpdated": "2025-11-06T19:27:35Z",
                    "Measurement": "DwEzAAEwAPq1NBtsq3To4Mav1GeCUnddZmQDbqmmWTyMVneaHbk31pfsIC+ALw9dU4BuYmwKug==",
                    "MeasurementHashAlgorithm": "TPM_ALG_SHA_384",
                    "MeasurementIndex": 15,
                    "MeasurementType": "MutableFirmware",
                    "PartofSummaryHash": true
                },
                {
                    "LastUpdated": "2025-11-06T19:27:35Z",
                    "Measurement": "EAEzAAEwABjMICwAlUZ/Xd++h2cU1abhV9A+PazcDLqs7MIyietuMHFb/DEX44wMHoYFh0G3Og==",
                    "MeasurementHashAlgorithm": "TPM_ALG_SHA_384",
                    "MeasurementIndex": 16,
                    "MeasurementType": "MutableFirmware",
                    "PartofSummaryHash": true
                },
                {
                    "LastUpdated": "2025-11-06T19:27:35Z",
                    "Measurement": "EQEzAAEwAE2kTN3mzhKd5p+sDgdjLPVsFnZcxtWFjf6PAnEHEBcbOv0XEdpiMeQS+78TtBuj8w==",
                    "MeasurementHashAlgorithm": "TPM_ALG_SHA_384",
                    "MeasurementIndex": 17,
                    "MeasurementType": "MutableFirmware",
                    "PartofSummaryHash": true
                },
                {
                    "LastUpdated": "2025-11-06T19:27:35Z",
                    "Measurement": "EgEzAAEwAEiGNAwJShEQR6XgamqErp2VbdeINjw2Mjalaky1Z3HKELhqlH2P87CnqLKBuDJSRA==",
                    "MeasurementHashAlgorithm": "TPM_ALG_SHA_384",
                    "MeasurementIndex": 18,
                    "MeasurementType": "MutableFirmware",
                    "PartofSummaryHash": true
                },
                {
                    "LastUpdated": "2025-11-06T19:27:35Z",
                    "Measurement": "EwEzAAEwAK5pUG2E30srSZbtBezf/06YFHC6SqNu7PGb+ctJ5IXbEJM6/ZfXp/sPehwSmX6t0g==",
                    "MeasurementHashAlgorithm": "TPM_ALG_SHA_384",
                    "MeasurementIndex": 19,
                    "MeasurementType": "MutableFirmware",
                    "PartofSummaryHash": true
                },
                {
                    "LastUpdated": "2025-11-06T19:27:35Z",
                    "Measurement": "FAEzAAEwAOWD0FJuGrGyR4HMeD4DsuzSWvmnPWfGB/V+szo8BqGp2urmnONYgXNIDeDaldReFQ==",
                    "MeasurementHashAlgorithm": "TPM_ALG_SHA_384",
                    "MeasurementIndex": 20,
                    "MeasurementType": "MutableFirmware",
                    "PartofSummaryHash": true
                },
                {
                    "LastUpdated": "2025-11-06T19:27:35Z",
                    "Measurement": "FQEzAAEwACJCinLZUqkHSw1WD/J/aMUDrLF4DCDBieYHn/OLx8VjUyaiyPF70fnLz2cBb5snHA==",
                    "MeasurementHashAlgorithm": "TPM_ALG_SHA_384",
                    "MeasurementIndex": 21,
                    "MeasurementType": "MutableFirmware",
                    "PartofSummaryHash": true
                },
                {
                    "LastUpdated": "2025-11-06T19:27:35Z",
                    "Measurement": "FgEzAAEwAA0pCnhKCNuNWV0mveAtFqtCeAOKidxZaKKpQ9VWl8WgEWVjgml/R+r2OKIvGvV3MQ==",
                    "MeasurementHashAlgorithm": "TPM_ALG_SHA_384",
                    "MeasurementIndex": 22,
                    "MeasurementType": "MutableFirmware",
                    "PartofSummaryHash": true
                },
                {
                    "LastUpdated": "2025-11-06T19:27:35Z",
                    "Measurement": "FwEzAAEwAGUX+oLlYST9aTLUicXrn56QCZgjxXj12XhZvBLJo0pD2nuwQurWUXNCfDf/XU4KVA==",
                    "MeasurementHashAlgorithm": "TPM_ALG_SHA_384",
                    "MeasurementIndex": 23,
                    "MeasurementType": "MutableFirmware",
                    "PartofSummaryHash": true
                },
                {
                    "LastUpdated": "2025-11-06T19:27:35Z",
                    "Measurement": "GAEzAAEwAEw3nD5RBYXIZkZ80MFeRVKe3JRM/CE+irTyfcRhXpCSu7cIrUEPL/tLhjcFFRMCFw==",
                    "MeasurementHashAlgorithm": "TPM_ALG_SHA_384",
                    "MeasurementIndex": 24,
                    "MeasurementType": "MutableFirmware",
                    "PartofSummaryHash": true
                },
                {
                    "LastUpdated": "2025-11-06T19:27:35Z",
                    "Measurement": "GQEzAAEwAL8yaYghyozz9yDtpqHt/typBYwTAK3K09GmEwzjSbfK/D0kDssVCoa8lHmW35xkzQ==",
                    "MeasurementHashAlgorithm": "TPM_ALG_SHA_384",
                    "MeasurementIndex": 25,
                    "MeasurementType": "MutableFirmware",
                    "PartofSummaryHash": true
                },
                {
                    "LastUpdated": "2025-11-06T19:27:35Z",
                    "Measurement": "GgEzAAEwAG0f009QDtjWvrTuu5YDSanXx49UXJdmQF+blpf2XjNXvOrwPhr7yPNE4hDy8w5XFQ==",
                    "MeasurementHashAlgorithm": "TPM_ALG_SHA_384",
                    "MeasurementIndex": 26,
                    "MeasurementType": "MutableFirmware",
                    "PartofSummaryHash": true
                },
                {
                    "LastUpdated": "2025-11-06T19:27:35Z",
                    "Measurement": "GwEzAAEwABMnDleipltPe9Kzylkw4lllXJv/t+93QVEUMc0ETo6mtvkiqBvGLo8j8PPosTDFDQ==",
                    "MeasurementHashAlgorithm": "TPM_ALG_SHA_384",
                    "MeasurementIndex": 27,
                    "MeasurementType": "MutableFirmware",
                    "PartofSummaryHash": true
                },
                {
                    "LastUpdated": "2025-11-06T19:27:35Z",
                    "Measurement": "HAEzAAEwADtZ1dFrYfDWvoKP6b1w17hsj8VcNO+k2V3Zd2v9lChJPRy7HTk0ektnxXdDrUh8/g==",
                    "MeasurementHashAlgorithm": "TPM_ALG_SHA_384",
                    "MeasurementIndex": 28,
                    "MeasurementType": "MutableFirmware",
                    "PartofSummaryHash": true
                },
                {
                    "LastUpdated": "2025-11-06T19:27:35Z",
                    "Measurement": "HQEzAAEwAEylrBPjvJgrCWHTEuaVZJisugRXZNegXn+Tht2/iaB2SJbrEc3meEFq8B5W5ruL4Q==",
                    "MeasurementHashAlgorithm": "TPM_ALG_SHA_384",
                    "MeasurementIndex": 29,
                    "MeasurementType": "MutableFirmware",
                    "PartofSummaryHash": true
                },
                {
                    "LastUpdated": "2025-11-06T19:27:35Z",
                    "Measurement": "HgEzAAEwAEwqCPlbBIUHj4WiZ5BB7y9UPLL+uVxIC9Bi5I3TygRMqpHxEY4IWYFQGmenwOX4EA==",
                    "MeasurementHashAlgorithm": "TPM_ALG_SHA_384",
                    "MeasurementIndex": 30,
                    "MeasurementType": "MutableFirmware",
                    "PartofSummaryHash": true
                },
                {
                    "LastUpdated": "2025-11-06T19:27:35Z",
                    "Measurement": "HwEzAAEwAFOxheZHUSZXjA30IHk3U3kSx2va5qGcR8Yy9Ph1z9l1Mz6BgxEzq0hgMUvu037MxQ==",
                    "MeasurementHashAlgorithm": "TPM_ALG_SHA_384",
                    "MeasurementIndex": 31,
                    "MeasurementType": "MutableFirmware",
                    "PartofSummaryHash": true
                },
                {
                    "LastUpdated": "2025-11-06T19:27:35Z",
                    "Measurement": "IAEzAAEwALVwlGTuOK4ASgcCBDyFCeDX8A3ywvv2o1pLwhfu5nAv0YmMJJ++cXJ+eZW7HOnSCg==",
                    "MeasurementHashAlgorithm": "TPM_ALG_SHA_384",
                    "MeasurementIndex": 32,
                    "MeasurementType": "MutableFirmware",
                    "PartofSummaryHash": true
                },
                {
                    "LastUpdated": "2025-11-06T19:27:35Z",
                    "Measurement": "IQEzAAEwABB0dk9XFWwQWjFaPSncDXwYoaoiXGSIgVKpJ00Uw7mNHVGB1nLn9XykPpQNtR7H0g==",
                    "MeasurementHashAlgorithm": "TPM_ALG_SHA_384",
                    "MeasurementIndex": 33,
                    "MeasurementType": "MutableFirmware",
                    "PartofSummaryHash": true
                },
                {
                    "LastUpdated": "2025-11-06T19:27:35Z",
                    "Measurement": "IgEzAAEwAE8bkQ0olv7Y8UxlwDg9qCWRUySvOs9BnMXtoNf3NKfH3D5SPZQIdI8dxs3Mumexlg==",
                    "MeasurementHashAlgorithm": "TPM_ALG_SHA_384",
                    "MeasurementIndex": 34,
                    "MeasurementType": "MutableFirmware",
                    "PartofSummaryHash": true
                },
                {
                    "LastUpdated": "2025-11-06T19:27:35Z",
                    "Measurement": "IwEzAAEwAB3pw8VxI/nAxBb5C98x5pOutvMupmsssGbM+GMzaIqlmDpHVH/S/B25rQvAld3cmQ==",
                    "MeasurementHashAlgorithm": "TPM_ALG_SHA_384",
                    "MeasurementIndex": 35,
                    "MeasurementType": "MutableFirmware",
                    "PartofSummaryHash": true
                }
            ]
        },
        "Requester": {
            "@odata.id": "/redfish/v1/Managers/iDRAC.Embedded.1"
        }
    },
    "@odata.context": "/redfish/v1/$metadata#ComponentIntegrity.ComponentIntegrity",
    "@odata.etag": "W/\"gen-2\"",
    "Description": "SPDM Integrity Information for CPU",
    "@odata.type": "#ComponentIntegrity.v1_3_1.ComponentIntegrity",
    "Oem": {
        "Dell": {
            "@odata.context": "/redfish/v1/$metadata#DellComponentIntegrity.DellComponentIntegrity",
            "@odata.type": "#DellComponentIntegrity.v1_0_0.SPDM",
            "SPDM": {
                "DigestAndCertificateSupport": "Enabled",
                "EncryptionSupport": "Disabled",
                "MeasurementsSupport": "Enabled",
                "ChallengeAuthResponseSupport": "Enabled",
                "DeviceChallengeStatus": "Success"
            }
        }
    },
    "ComponentIntegrityEnabled": true,
    "Actions": {
        "#ComponentIntegrity.SPDMGetSignedMeasurements": {
            "target": "/redfish/v1/ComponentIntegrity/CPU.Socket.0/Actions/ComponentIntegrity.SPDMGetSignedMeasurements"
        }
    },
    "Name": "Component Integrity for CPU"
}