{
    "PowerSupplyType": "ACorDC",
    "PartNumber": "0GRD17A02",
    "Location": {
        "PartLocation": {
            "LocationOrdinalValue": 0,
            "LocationType": "Bay",
            "ServiceLabel": "PSU1"
        }
    },
    "SerialNumber": "CNDED0051E00VY",
    "FirmwareVersion": "8727",
    "LineInputStatus": "Normal",
    "Model": "PWR SPLY,1500W,RDNT,DELTA",
    "Assembly": {
        "@odata.id": "/redfish/v1/Chassis/System.Embedded.1/PowerSubsystem/PowerSupplies/PSU.Slot.1/Assembly"
    },
    "Oem": {
        "Dell": {
            "@odata.context": "/redfish/v1/$metadata#DellOemPower.DellOemPower",
            "@odata.type": "#DellOemPower.v1_1_0.DellOemPower",
            "DellPowerSupply": {
                "RequestedState": "NotApplicable",
                "IsSwitchingSupply": true,
                "OperationalStatus": [
                    "OK"
                ],
                "OperationalStatus@odata.count": 1
            },
            "DellPowerSupplyView": {
                "PMBusMonitoring": "Capable",
                "RedTypeOfSet": [
                    "N+1"
                ],
                "RedTypeOfSet@odata.count": 1,
                "DeviceDescription": "Power Supply 1",
                "Range1MaxInputPowerWatts": 1640,
                "RedundancyStatus": "NotRedundant",
                "LastUpdateTime": "2025-11-06T19:21:08+00:00",
                "LastSystemInventoryTime": "2025-11-06T19:28:47+00:00",
                "RedMinNumberNeeded": 1,
                "DetailedState": "Presence Detected"
            }
        }
    },
    "@odata.type": "#PowerSupply.v1_6_0.PowerSupply",
    "@odata.id": "/redfish/v1/Chassis/System.Embedded.1/PowerSubsystem/PowerSupplies/PSU.Slot.1",
    "SparePartNumber": "0GRD17A02",
    "@odata.etag": "W/\"gen-278\"",
    "OutputRails": [
        {
            "NominalVoltage": 12,
            "PhysicalContext": "SystemBoard"
        }
    ],
    "HotPluggable": true,
    "Status": {
        "State": "Enabled",
        "Health": "OK"
    },
    "InputNominalVoltageType": "AC200To240V",
    "Metrics": {
        "@odata.id": "/redfish/v1/Chassis/System.Embedded.1/PowerSubsystem/PowerSupplies/PSU.Slot.1/Metrics"
    },
    "InputRanges": [
        {
            "NominalVoltageType": "AC200To240V",
            "CapacityWatts": 1500
        }
    ],
    "Certificates": {
        "@odata.id": "/redfish/v1/Chassis/System.Embedded.1/PowerSubsystem/PowerSupplies/PSU.Slot.1/Certificates"
    },
    "Description": "An instance of PowerSupply",
    "Manufacturer": "DELL",
    "EfficiencyRatings": [
        {
            "EfficiencyPercent": 0.92
        }
    ],
    "PowerCapacityWatts": 1500,
    "@odata.context": "/redfish/v1/$metadata#PowerSupply.PowerSupply",
    "Id": "PSU.Slot.1",
    "Name": "PS1 Status"
}