{
    "PCIeFunctions": {
        "@odata.id": "/redfish/v1/Chassis/System.Embedded.1/PCIeDevices/0-154-0/PCIeFunctions"
    },
    "FirmwareVersion": "",
    "AssetTag": null,
    "Slot": {
        "SlotType": null,
        "Lanes": null,
        "Location": {
            "PartLocation": {
                "LocationOrdinalValue": null,
                "LocationType": "Slot"
            }
        },
        "PCIeType": null
    },
    "Status": {
        "Health": "OK",
        "HealthRollup": "OK",
        "State": "Enabled"
    },
    "Model": null,
    "DeviceType": "SingleFunction",
    "@odata.context": "/redfish/v1/$metadata#PCIeDevice.PCIeDevice",
    "SKU": null,
    "Name": "Integrated Matrox G200eW3 Graphics Controller",
    "Manufacturer": "Matrox Electronics Systems Ltd.",
    "Description": "Integrated Matrox G200eW3 Graphics Controller",
    "PartNumber": null,
    "@odata.etag": "W/\"gen-3\"",
    "Links": {
        "Chassis": [
            {
                "@odata.id": "/redfish/v1/Chassis/System.Embedded.1"
            }
        ],
        "Chassis@odata.count": 1,
        "Oem": {
            "Dell": {
                "@odata.context": "/redfish/v1/$metadata#DellPCIeDevice.DellPCIeDevice",
                "@odata.type": "#DellPCIeDevice.v1_0_0.DellPCIeDeviceLinks",
                "CPUAffinity": [],
                "CPUAffinity@odata.count": 0
            }
        },
        "PCIeFunctions": [
            {
                "@odata.id": "/redfish/v1/Chassis/System.Embedded.1/PCIeDevices/0-154-0/PCIeFunctions/0-154-0-0"
            }
        ],
        "PCIeFunctions@odata.count": 1
    },
    "@odata.id": "/redfish/v1/Chassis/System.Embedded.1/PCIeDevices/0-154-0",
    "PCIeInterface": {
        "MaxPCIeType": null,
        "PCIeType": null,
        "LanesInUse": null,
        "MaxLanes": null
    },
    "Id": "0-154-0",
    "@odata.type": "#PCIeDevice.v1_18_0.PCIeDevice",
    "SerialNumber": null
}