{
    "@odata.context": "/redfish/v1/$metadata#Job.Job",
    "Messages": [
        {
            "Message": "The specified job has completed successfully.",
            "MessageArgs": [],
            "MessageArgs@odata.count": 1,
            "MessageId": "IDRAC.2.14.PR19"
        }
    ],
    "Messages@odata.count": 1,
    "@odata.id": "/redfish/v1/JobService/Jobs/JID_624552610448",
    "Name": "Firmware Update: BIOS",
    "@odata.type": "#Job.v1_2_4.Job",
    "PercentComplete": 100,
    "Description": "Represent a job in Redfish",
    "JobStatus": "OK",
    "@odata.etag": "W/\"gen-2\"",
    "Id": "JID_624552610448",
    "JobState": "Completed",
    "EndTime": "2025-11-06T13:14:22-06:00",
    "Oem": {
        "Dell": {
            "ActualRunningStartTime": "2025-11-06T12:56:51",
            "ActualRunningStopTime": "2025-11-06T13:14:22",
            "JobType": "FirmwareUpdate",
            "OemJobState": "Completed",
            "UntilTime": "TIME_NA",
            "@odata.context": "/redfish/v1/$metadata#DellOemJob.DellOemJob",
            "@odata.type": "#DellOemJob.v1_0_0.DellOemJob"
        }
    },
    "MaxExecutionTime": "PT2H",
    "StartTime": "2025-11-06T12:54:21-06:00"
}