{
    "@odata.context": "/redfish/v1/$metadata#PCIeFunction.PCIeFunction",
    "@odata.etag": "\"1707801111\"",
    "@odata.type": "#PCIeFunction.v1_5_0.PCIeFunction",
    "@odata.id": "/redfish/v1/Chassis/System.Embedded.1/PCIeDevices/225-0/PCIeFunctions/225-0-0",
    "ClassCode": "0x030200",
    "Description": "GA102GL [A40]",
    "DeviceClass": "DisplayController",
    "DeviceId": "0x2235",
    "Enabled": true,
    "FunctionId": 0,
    "FunctionType": "Physical",
    "Id": "225-0-0",
    "Links": {
        "StorageControllers": [],
        "StorageControllers@odata.count": 0,
        "Drives": [],
        "Drives@odata.count": 0,
        "EthernetInterfaces": [],
        "EthernetInterfaces@odata.count": 0,
        "PCIeDevice": {
            "@odata.id": "/redfish/v1/Chassis/System.Embedded.1/PCIeDevices/225-0"
        }
    },
    "Name": "GA102GL [A40]",
    "Oem": {
        "Dell": {
            "@odata.type": "#DellChassisPCIeFunction.v1_1_0.DellPCIeFunction",
            "DellPCIeFunction": {
                "DataBusWidth": "16XOrX16",
                "LastSystemInventoryTime": "2024-02-13T05:11:00+00:00",
                "LastUpdateTime": "2022-02-02T19:21:32+00:00",
                "SlotLength": "LongLength",
                "SlotType": "PCIExpressGen5",
                "Id": "Video.Slot.31-1"
            }
        }
    },
    "RevisionId": "0xa1",
    "Status": {
        "State": "Enabled",
        "Health": "OK",
        "HealthRollup": "OK"
    },
    "SubsystemId": "0x145a",
    "SubsystemVendorId": "0x10de",
    "VendorId": "0x10de"
}