{
    "@odata.context": "/redfish/v1/$metadata#JsonSchemaFile.JsonSchemaFile",
    "@odata.id": "/redfish/v1/JsonSchemas/DellBaseMetricDefinitionCollection",
    "@odata.type": "#JsonSchemaFile.v1_1_4.JsonSchemaFile",
    "Description": "DellBaseMetricDefinitionCollection Schema File Location",
    "Id": "DellBaseMetricDefinitionCollection",
    "Languages": [
        "en"
    ],
    "Languages@odata.count": 1,
    "Location": [
        {
            "Language": "en",
            "PublicationUri": "http://downloads.dell.com/redfish/bmc/schemas/DellBaseMetricDefinitionCollection.json",
            "Uri": "/redfish/v1/Schemas/DellBaseMetricDefinitionCollection.json"
        }
    ],
    "Location@odata.count": 1,
    "Name": "DellBaseMetricDefinitionCollection Schema File",
    "Schema": "#DellBaseMetricDefinitionCollection.DellBaseMetricDefinitionCollection"
}