{
    "@odata.context": "/redfish/v1/$metadata#Job.Job",
    "Oem": {
        "Dell": {
            "@odata.type": "#DellOemJob.v1_0_0.DellOemJob",
            "ActualRunningStartTime": "2025-02-21T16:48:44",
            "ActualRunningStopTime": "2025-02-21T16:57:40",
            "JobType": "FirmwareUpdate",
            "OemJobState": "Completed",
            "UntilTime": "TIME_NA",
            "@odata.context": "/redfish/v1/$metadata#DellOemJob.DellOemJob"
        }
    },
    "Messages": [
        {
            "Message": "Job completed successfully.",
            "MessageArgs": [],
            "MessageArgs@odata.count": 0,
            "MessageId": "IDRAC.2.9.PR19"
        }
    ],
    "Messages@odata.count": 1,
    "MaxExecutionTime": "PT2H",
    "Name": "Firmware Update: iDRAC with Lifecycle Controller",
    "PercentComplete": 100,
    "@odata.etag": "\"W/'gen-14'\"",
    "@odata.type": "#Job.v1_2_4.Job",
    "Id": "JID_401780204406",
    "Description": "Represent a job in Redfish",
    "EndTime": "2025-02-21T16:57:40-06:00",
    "StartTime": "2025-02-21T16:47:00-06:00",
    "JobStatus": "OK",
    "@odata.id": "/redfish/v1/JobService/Jobs/JID_401780204406",
    "JobState": "Completed"
}