{
    "@odata.context": "/redfish/v1/$metadata#JsonSchemaFile.JsonSchemaFile",
    "@odata.id": "/redfish/v1/JsonSchemas/DelliDRACCardService",
    "@odata.type": "#JsonSchemaFile.v1_1_5.JsonSchemaFile",
    "Description": "DelliDRACCardService Schema File Location",
    "Id": "DelliDRACCardService",
    "Languages": [
        "en"
    ],
    "Languages@odata.count": 1,
    "Location": [
        {
            "Language": "en",
            "PublicationUri": "http://downloads.dell.com/redfish/bmc/schemas/DelliDRACCardService.json",
            "Uri": "/redfish/v1/Schemas/DelliDRACCardService.json"
        }
    ],
    "Location@odata.count": 1,
    "Name": "DelliDRACCardService Schema File",
    "Schema": "#DelliDRACCardService.DelliDRACCardService"
}