{
    "@odata.context": "/redfish/v1/$metadata#DellPowerSupplyViewCollection.DellPowerSupplyViewCollection",
    "@odata.type": "#DellPowerSupplyViewCollection.DellPowerSupplyViewCollection",
    "Description": "A collection of DellPowerSupplyView resource",
    "Members": [
        {
            "Id": "PSU.Slot.1",
            "@odata.id": "/redfish/v1/Chassis/System.Embedded.1/PowerSubsystem/Oem/Dell/DellPowerSupplyInventory/PSU.Slot.1",
            "RedTypeOfSet": [],
            "RedTypeOfSet@odata.count": 0,
            "Name": "DellPowerSupplyView",
            "DetailedState": "Presence Detected",
            "RedundancyStatus": "Unknown",
            "PMBusMonitoring": "Capable",
            "@odata.type": "#DellPowerSupplyView.v1_3_0.DellPowerSupplyView",
            "Description": "An instance of DellPowerSupplyView will have data specific to the Power Supply devices in the managed system.",
            "Range1MaxInputPowerWatts": 918,
            "RedMinNumberNeeded": 1,
            "@odata.etag": "\"W/'gen-3'\"",
            "@odata.context": "/redfish/v1/$metadata#DellPowerSupplyView.DellPowerSupplyView",
            "LastSystemInventoryTime": "2025-02-21T23:53:00+00:00",
            "DeviceDescription": "Power Supply 1",
            "LastUpdateTime": "1970-01-01T00:00:00+00:00"
        },
        {
            "RedTypeOfSet": [],
            "RedTypeOfSet@odata.count": 0,
            "@odata.etag": "\"W/'gen-2'\"",
            "Id": "PSU.Slot.2",
            "DetailedState": "Presence Detected",
            "LastSystemInventoryTime": "2025-02-21T23:53:00+00:00",
            "Description": "An instance of DellPowerSupplyView will have data specific to the Power Supply devices in the managed system.",
            "PMBusMonitoring": "Capable",
            "Range1MaxInputPowerWatts": 918,
            "Name": "DellPowerSupplyView",
            "DeviceDescription": "Power Supply 2",
            "RedMinNumberNeeded": 1,
            "RedundancyStatus": "Unknown",
            "@odata.id": "/redfish/v1/Chassis/System.Embedded.1/PowerSubsystem/Oem/Dell/DellPowerSupplyInventory/PSU.Slot.2",
            "LastUpdateTime": "1970-01-01T00:00:00+00:00",
            "@odata.type": "#DellPowerSupplyView.v1_3_0.DellPowerSupplyView",
            "@odata.context": "/redfish/v1/$metadata#DellPowerSupplyView.DellPowerSupplyView"
        }
    ],
    "Members@odata.count": 2,
    "Name": "DellPowerSupplyViewCollection",
    "@odata.id": "/redfish/v1/Chassis/System.Embedded.1/PowerSubsystem/Oem/Dell/DellPowerSupplyInventory",
    "@odata.etag": "\"W/'gen-1'\""
}