{
    "Name": "Event Service",
    "SMTP": {
        "Port": 25,
        "ServerAddress": "0.0.0.0",
        "Username": "",
        "Authentication": "None",
        "ConnectionProtocol": "StartTLS",
        "FromAddress": "",
        "Password": null
    },
    "DeliveryRetryAttempts": 3,
    "RegistryPrefixes": [
        "IDRAC",
        "ResourceEvent"
    ],
    "RegistryPrefixes@odata.count": 2,
    "SSEFilterPropertiesSupported": {
        "SubordinateResources": false,
        "EventFormatType": true,
        "EventType": true,
        "MessageId": true,
        "MetricReportDefinition": true,
        "OriginResource": true,
        "RegistryPrefix": true,
        "ResourceType": true
    },
    "@odata.context": "/redfish/v1/$metadata#EventService.EventService",
    "@odata.etag": "\"W/'gen-3'\"",
    "EventFormatTypes@odata.count": 2,
    "Actions": {
        "#EventService.SubmitTestEvent": {
            "target": "/redfish/v1/EventService/Actions/EventService.SubmitTestEvent",
            "title": "This action generates a test event.",
            "EventType@Redfish.AllowableValues": [
                "Alert"
            ],
            "MessageSeverity@Redfish.AllowableValues": [
                "OK",
                "Warning",
                "Critical"
            ]
        }
    },
    "Description": "Event Service represents the properties for the service",
    "Status": {
        "Health": "Warning",
        "HealthRollup": "Warning",
        "State": "Enabled",
        "Conditions": [
            {
                "Message": "The Redfish EventService feature is partially enabled because the IPMILan.1.AlertEnable property is disabled in the URI /redfish/v1/Managers/iDRAC.Embedded.1/Oem/Dell/DellAttributes/iDRAC.Embedded.1.",
                "MessageArgs": [],
                "MessageArgs@odata.count": 0,
                "MessageId": "SYS553",
                "Resolution": "Enable the IPMILan.1.AlertEnable property in the following URI: /redfish/v1/Managers/iDRAC.Embedded.1/Oem/Dell/DellAttributes/iDRAC.Embedded.1.",
                "Severity": "Warning"
            }
        ]
    },
    "DeliveryRetryIntervalSeconds": 5,
    "EventFormatTypes": [
        "Event",
        "MetricReport"
    ],
    "EventTypesForSubscription@odata.count": 3,
    "Id": "EventService",
    "IncludeOriginOfConditionSupported": false,
    "ServiceEnabled": true,
    "ResourceTypes": [
        "AccountService",
        "Assembly",
        "Battery",
        "BatteryMetrics",
        "Bios",
        "BootOption",
        "Certificate",
        "Chassis",
        "ComponentIntegrity",
        "ComputerSystem",
        "Drive",
        "EnvironmentMetrics",
        "EthernetInterface",
        "EventDestination",
        "EventService",
        "ExternalAccountProvider",
        "Fan",
        "Heater",
        "Job",
        "JobService",
        "Key",
        "LicenseService",
        "LogEntry",
        "LogService",
        "Manager",
        "ManagerAccount",
        "ManagerNetworkProtocol",
        "Memory",
        "MemoryMetrics",
        "NetworkAdapter",
        "NetworkDeviceFunction",
        "NetworkInterface",
        "NetworkPort",
        "PCIeDevice",
        "PCIeFunction",
        "PCIeSlots",
        "Port",
        "PortMetrics",
        "Power",
        "PowerSubsystem",
        "PowerSupply",
        "PowerSupplyMetrics",
        "Processor",
        "ProcessorMetrics",
        "Role",
        "SecureBoot",
        "Sensor",
        "SerialInterface",
        "ServiceRoot",
        "Session",
        "SessionService",
        "SimpleStorage",
        "SoftwareInventory",
        "Storage",
        "StorageController",
        "Task",
        "TaskService",
        "Thermal",
        "ThermalMetrics",
        "ThermalSubsystem",
        "UpdateService",
        "VirtualMedia",
        "Volume",
        "DellAccelerator",
        "DellAssembly",
        "DellAttributes",
        "DellBIOSService",
        "DellBootSources",
        "DellCertificate",
        "DellChassis",
        "DellControllerBattery",
        "DellController",
        "DellDriveSMARTAttributes",
        "DellDrive",
        "DellFanBoard",
        "DellFCCapabilities",
        "DellFCPortMetrics",
        "DellFCStatistics",
        "DellFC",
        "DellFirmwareImageHash",
        "DellGPUSensor",
        "DellHistoricalSensorReadings",
        "DelliDRACCard",
        "DelliDRACCardService",
        "DellInfiniBand",
        "DellInfiniBandCapabilities",
        "DellInfiniBandPortMetrics",
        "DellJob",
        "DellJobService",
        "DellLCService",
        "DellLicenseManagementService",
        "DellMemory",
        "DellMetricService",
        "DellNetworkAdapter",
        "DellNIC",
        "DellNICCapabilities",
        "DellNICPortMetrics",
        "DellNICStatistics",
        "DellNumericSensor",
        "DellNVMeSMARTAttributes",
        "DellOpaqueManagementData",
        "DellOSDeploymentService",
        "DellPCIeFunction",
        "DellPCIeSSD",
        "DellPCIeSSDBackPlane",
        "DellPCIeSSDExtender",
        "DellPhysicalDisk",
        "DellPowerSupply",
        "DellPowerSupplyView",
        "DellPresenceAndStatusSensor",
        "DellProcessor",
        "DellPSNumericSensor",
        "DellRaidService",
        "DellRollupStatus",
        "DellSensor",
        "DellSlot",
        "DellSoftwareInstallationService",
        "DellSoftwareInventory",
        "DellSwitchConnectionService",
        "DellSystem",
        "DellSystemManagementService",
        "DellSystemQuickSync",
        "DellTimeService",
        "DellUSBDevice",
        "DellVideo",
        "DellVideoNetwork",
        "DellVolume"
    ],
    "ResourceTypes@odata.count": 127,
    "@odata.id": "/redfish/v1/EventService",
    "ServerSentEventUri": "/redfish/v1/SSE",
    "@odata.type": "#EventService.v1_10_2.EventService",
    "Subscriptions": {
        "@odata.id": "/redfish/v1/EventService/Subscriptions"
    },
    "EventTypesForSubscription": [
        "Alert",
        "MetricReport",
        "Other"
    ]
}