{
    "@Redfish.Settings": {
        "@odata.context": "/redfish/v1/$metadata#Settings.Settings",
        "@odata.type": "#Settings.v1_3_5.Settings",
        "SettingsObject": {
            "@odata.id": "/redfish/v1/Systems/System.Embedded.1/NetworkAdapters/NIC.Integrated.1/NetworkDeviceFunctions/NIC.Integrated.1-2-1/Settings"
        },
        "SupportedApplyTimes": [
            "OnReset",
            "AtMaintenanceWindowStart",
            "InMaintenanceWindowOnReset"
        ]
    },
    "@odata.context": "/redfish/v1/$metadata#NetworkDeviceFunction.NetworkDeviceFunction",
    "@odata.id": "/redfish/v1/Chassis/System.Embedded.1/NetworkAdapters/NIC.Integrated.1/NetworkDeviceFunctions/NIC.Integrated.1-2-1",
    "@odata.type": "#NetworkDeviceFunction.v1_9_0.NetworkDeviceFunction",
    "AssignablePhysicalPorts": [
        {
            "@odata.id": "/redfish/v1/Chassis/System.Embedded.1/NetworkAdapters/NIC.Integrated.1/NetworkPorts/NIC.Integrated.1-2"
        }
    ],
    "AssignablePhysicalPorts@odata.count": 1,
    "AssignablePhysicalNetworkPorts": [
        {
            "@odata.id": "/redfish/v1/Chassis/System.Embedded.1/NetworkAdapters/NIC.Integrated.1/Ports/NIC.Integrated.1-2"
        }
    ],
    "Description": "NetworkDeviceFunction",
    "Ethernet": {
        "MACAddress": "30:3E:A7:02:44:01",
        "MTUSize": null,
        "PermanentMACAddress": "30:3E:A7:02:44:01",
        "VLAN": {}
    },
    "FibreChannel": {
        "BootTargets": [
            {
                "LUNID": null,
                "WWPN": null
            }
        ],
        "BootTargets@odata.count": 1,
        "FCoEActiveVLANId": null,
        "FCoELocalVLANId": null,
        "PermanentWWNN": null,
        "PermanentWWPN": null,
        "WWNN": null,
        "WWNSource": null,
        "WWPN": null
    },
    "Id": "NIC.Integrated.1-2-1",
    "Links": {
        "PhysicalPortAssignment": {
            "@odata.id": "/redfish/v1/Chassis/System.Embedded.1/NetworkAdapters/NIC.Integrated.1/NetworkPorts/NIC.Integrated.1-2"
        },
        "PhysicalNetworkPortAssignment": {
            "@odata.id": "/redfish/v1/Chassis/System.Embedded.1/NetworkAdapters/NIC.Integrated.1/Ports/NIC.Integrated.1-2"
        },
        "Oem": {
            "Dell": {
                "@odata.type": "#DellOem.v1_3_0.DellOemLinks",
                "DellNetworkAttributes": {
                    "@odata.id": "/redfish/v1/Chassis/System.Embedded.1/NetworkAdapters/NIC.Integrated.1/NetworkDeviceFunctions/NIC.Integrated.1-2-1/Oem/Dell/DellNetworkAttributes/NIC.Integrated.1-2-1"
                },
                "CPUAffinity": [
                    {
                        "@odata.id": "/redfish/v1/Systems/System.Embedded.1/Processors/CPU.Socket.1"
                    }
                ],
                "CPUAffinity@odata.count": 1
            }
        }
    },
    "MaxVirtualFunctions": 0,
    "Name": "NetworkDeviceFunction",
    "NetDevFuncCapabilities": [
        "Disabled",
        "Ethernet",
        "iSCSI"
    ],
    "NetDevFuncCapabilities@odata.count": 3,
    "NetDevFuncType": "Disabled",
    "Oem": {
        "Dell": {
            "@odata.type": "#DellOem.v1_3_0.DellOemResources",
            "DellNIC": {
                "BusNumber": 34,
                "CableLengthMetres": null,
                "ControllerBIOSVersion": null,
                "DataBusWidth": "Unknown",
                "DeviceDescription": "Integrated NIC 1 Port 2 Partition 1",
                "EFIVersion": "9.8.33",
                "FCOSDriverVersion": null,
                "FCoEOSDriverVersion": null,
                "FCoEOffloadMode": "Unknown",
                "FQDD": "NIC.Integrated.1-2-1",
                "FamilyVersion": "22.5.7",
                "Id": "NIC.Integrated.1-2-1",
                "ISCSIOSDriverVersion": null,
                "IdentifierType": null,
                "InstanceID": "NIC.Integrated.1-2-1",
                "LANDriverVersion": null,
                "LastSystemInventoryTime": "2024-02-12T10:24:00+00:00",
                "LastUpdateTime": "2024-02-07T14:07:59+00:00",
                "LinkDuplex": "FullDuplex",
                "MaxBandwidthPercent": 0,
                "MediaType": "Base T",
                "MinBandwidthPercent": 0,
                "Name": "DellNIC",
                "NicMode": "Unknown",
                "PCIDeviceID": "1521",
                "PCISubDeviceID": "5003",
                "PCISubVendorID": "8086",
                "PCIVendorID": "8086",
                "PartNumber": "0D1C51",
                "PermanentFCOEMACAddress": null,
                "PermanentFIPAddress": null,
                "PermanentiSCSIMACAddress": null,
                "ProductName": "Intel(R) Ethernet 1G 4P I350-t OCP - 30:3E:A7:02:44:01",
                "Protocol": "Unknown",
                "RDMAOSDriverVersion": null,
                "Revision": null,
                "SNAPIState": "Disabled",
                "SNAPISupport": "NotAvailable",
                "SerialNumber": "MYFLMIT2AS01FW",
                "SlotLength": "Unknown",
                "SlotType": "Unknown",
                "TransceiverPartNumber": null,
                "TransceiverSerialNumber": null,
                "TransceiverVendorName": null,
                "VPISupport": "NotAvailable",
                "VendorName": "Intel Corp",
                "VirtualFIPAddress": null,
                "VirtualISCSIAddress": null,
                "iScsiOffloadMode": "Unknown",
                "@odata.context": "/redfish/v1/$metadata#DellNIC.DellNIC",
                "@odata.type": "#DellNIC.v1_7_0.DellNIC",
                "@odata.id": "/redfish/v1/Chassis/System.Embedded.1/NetworkAdapters/NIC.Integrated.1/NetworkDeviceFunctions/NIC.Integrated.1-2-1/Oem/Dell/DellNIC/NIC.Integrated.1-2-1"
            },
            "DellNICPortMetrics": null,
            "DellNICCapabilities": {
                "BPESupport": "NotSupported",
                "CongestionNotification": "NotSupported",
                "DCBExchangeProtocol": "NotSupported",
                "ETS": "NotSupported",
                "EVBModesSupport": "NotSupported",
                "FCoEBootSupport": "NotSupported",
                "FCoEMaxIOsPerSession": 0,
                "FCoEMaxNPIVPerPort": 0,
                "FCoEMaxNumberExchanges": 0,
                "FCoEMaxNumberLogins": 0,
                "FCoEMaxNumberOfFCTargets": 0,
                "FCoEMaxNumberOutStandingCommands": 0,
                "FCoEOffloadSupport": "NotSupported",
                "FeatureLicensingSupport": "NotSupported",
                "FlexAddressingSupport": "Supported",
                "Id": "NIC.Integrated.1-2-1",
                "IPSecOffloadSupport": "NotSupported",
                "MACSecSupport": "NotSupported",
                "Name": "DellNICCapabilities",
                "NicPartitioningSupport": "NotSupported",
                "NWManagementPassThrough": "Supported",
                "OSBMCManagementPassThrough": "Supported",
                "OnChipThermalSensor": "Supported",
                "OpenFlowSupport": "NotSupported",
                "PXEBootSupport": "Supported",
                "PartitionWOLSupport": "NotSupported",
                "PersistencePolicySupport": "Supported",
                "PriorityFlowControl": "NotSupported",
                "RDMASupport": "NotSupported",
                "RemotePHY": "NotSupported",
                "TCPChimneySupport": "NotSupported",
                "TCPOffloadEngineSupport": "NotSupported",
                "VEB": "Supported",
                "VEBVEPAMultiChannel": "NotSupported",
                "VEBVEPASingleChannel": "Supported",
                "VirtualLinkControl": "NotSupported",
                "iSCSIBootSupport": "Supported",
                "iSCSIOffloadSupport": "NotSupported",
                "uEFISupport": "Supported",
                "@odata.context": "/redfish/v1/$metadata#DellNICCapabilities.DellNICCapabilities",
                "@odata.type": "#DellNICCapabilities.v1_2_0.DellNICCapabilities",
                "@odata.id": "/redfish/v1/Chassis/System.Embedded.1/NetworkAdapters/NIC.Integrated.1/NetworkDeviceFunctions/NIC.Integrated.1-2-1/Oem/Dell/DellNICCapabilities/NIC.Integrated.1-2-1"
            }
        }
    },
    "PhysicalPortAssignment": {
        "@odata.id": "/redfish/v1/Chassis/System.Embedded.1/NetworkAdapters/NIC.Integrated.1/NetworkPorts/NIC.Integrated.1-2"
    },
    "PhysicalPortAssignment@Redfish.Deprecated": "This property has been deprecated and moved to the Links property to avoid loops on expand.",
    "Status": {
        "State": "Disabled",
        "Health": "OK",
        "HealthRollup": "OK"
    },
    "iSCSIBoot": {}
}