{
    "SerialNumber": null,
    "Name": "Integrated Matrox G200eW3 Graphics Controller",
    "Manufacturer": "Matrox Electronics Systems Ltd.",
    "Id": "0-58-0",
    "PCIeInterface": {
        "LanesInUse": null,
        "MaxLanes": null,
        "MaxPCIeType": null,
        "PCIeType": null
    },
    "@odata.id": "/redfish/v1/Chassis/System.Embedded.1/PCIeDevices/0-58-0",
    "AssetTag": null,
    "PCIeFunctions": {
        "@odata.id": "/redfish/v1/Chassis/System.Embedded.1/PCIeDevices/0-58-0/PCIeFunctions"
    },
    "PartNumber": null,
    "SKU": null,
    "Model": null,
    "Description": "Integrated Matrox G200eW3 Graphics Controller",
    "FirmwareVersion": "",
    "@odata.type": "#PCIeDevice.v1_14_0.PCIeDevice",
    "DeviceType": "SingleFunction",
    "Status": {
        "State": "Enabled",
        "Health": "OK",
        "HealthRollup": "OK"
    },
    "Slot": {
        "Lanes": null,
        "Location": {
            "PartLocation": {
                "LocationType": "Slot",
                "LocationOrdinalValue": null
            }
        },
        "PCIeType": null,
        "SlotType": null
    },
    "Links": {
        "Chassis@odata.count": 1,
        "Oem": {
            "Dell": {
                "@odata.context": "/redfish/v1/$metadata#DellPCIeDevice.DellPCIeDevice",
                "@odata.type": "#DellPCIeDevice.v1_0_0.DellPCIeDeviceLinks",
                "CPUAffinity": [],
                "CPUAffinity@odata.count": 0
            }
        },
        "PCIeFunctions": [
            {
                "@odata.id": "/redfish/v1/Chassis/System.Embedded.1/PCIeDevices/0-58-0/PCIeFunctions/0-58-0-0"
            }
        ],
        "PCIeFunctions@odata.count": 1,
        "Chassis": [
            {
                "@odata.id": "/redfish/v1/Chassis/System.Embedded.1"
            }
        ]
    },
    "@odata.etag": "\"W/'gen-3'\"",
    "@odata.context": "/redfish/v1/$metadata#PCIeDevice.PCIeDevice"
}