{
    "@odata.etag": "W/\"gen-1\"",
    "Id": "Assembly",
    "@odata.context": "/redfish/v1/$metadata#Assembly.Assembly",
    "@odata.id": "/redfish/v1/Chassis/System.Embedded.1/PowerSubsystem/PowerSupplies/PSU.Slot.1/Assembly",
    "Name": "PSU.Slot.1#FRU",
    "@odata.type": "#Assembly.v1_5_1.Assembly",
    "Assemblies": [
        {
            "Model": "PWR SPLY,1500W,RDNT,DELTA",
            "Producer": "DELL",
            "PartNumber": "0GRD17",
            "Description": "PWR SPLY,1500W,RDNT,DELTA",
            "Name": "PSU.Slot.1#FRU",
            "@odata.id": "/redfish/v1/Chassis/System.Embedded.1/PowerSubsystem/PowerSupplies/PSU.Slot.1/Assembly#/Assemblies/0",
            "Oem": {
                "Dell": {
                    "@odata.type": "#DellOemAssembly.v1_1_0.DellOemAssemblyLinks",
                    "DellAssembly": {
                        "Id": "PSU.Slot.1_0x23_FRU",
                        "@odata.id": "/redfish/v1/Chassis/System.Embedded.1/Oem/Dell/DellAssembly/PSU.Slot.1_0x23_FRU",
                        "Name": "DellAssembly",
                        "@odata.type": "#DellAssembly.v1_1_0.DellAssembly",
                        "SerialNumber": "CNDED0051E00VY",
                        "Description": "This resource shall be used to represent an assembly information.",
                        "PackageType": "PowerSupply",
                        "@odata.context": "/redfish/v1/$metadata#DellAssembly.DellAssembly",
                        "DeviceFQDD": "PSU.Slot.1"
                    },
                    "@odata.context": "/redfish/v1/$metadata#DellOemAssembly.DellOemAssembly"
                }
            },
            "EngineeringChangeLevel": "A02",
            "Vendor": "DELL",
            "MemberId": "0",
            "ProductionDate": null
        }
    ],
    "Assemblies@odata.count": 1,
    "Description": "Represents the properties of Assembly for the device"
}