{
    "@odata.context": "/redfish/v1/$metadata#Job.Job",
    "@odata.id": "/redfish/v1/JobService/Jobs/JID_401013995870",
    "Messages": [
        {
            "MessageId": "IDRAC.2.9.PR19",
            "Message": "Job completed successfully.",
            "MessageArgs": [],
            "MessageArgs@odata.count": 0
        }
    ],
    "Messages@odata.count": 1,
    "Name": "ConfigBIOS:BIOS.Setup.1-1",
    "JobStatus": "OK",
    "EndTime": "2025-02-20T19:40:33-06:00",
    "Description": "Represent a job in Redfish",
    "@odata.etag": "\"W/'gen-16'\"",
    "StartTime": "2025-02-20T19:29:59-06:00",
    "@odata.type": "#Job.v1_2_4.Job",
    "Oem": {
        "Dell": {
            "@odata.type": "#DellOemJob.v1_0_0.DellOemJob",
            "ActualRunningStartTime": "2025-02-20T19:35:18",
            "ActualRunningStopTime": "2025-02-20T19:40:33",
            "JobType": "BIOSConfiguration",
            "OemJobState": "Completed",
            "UntilTime": "TIME_NA",
            "@odata.context": "/redfish/v1/$metadata#DellOemJob.DellOemJob"
        }
    },
    "JobState": "Completed",
    "PercentComplete": 100,
    "Id": "JID_401013995870",
    "MaxExecutionTime": "PT2H"
}