{
    "@odata.context": "/redfish/v1/$metadata#JsonSchemaFile.JsonSchemaFile",
    "@odata.id": "/redfish/v1/JsonSchemas/DellBaseMetricDefinition",
    "@odata.type": "#JsonSchemaFile.v1_1_4.JsonSchemaFile",
    "Description": "DellBaseMetricDefinition Schema File Location",
    "Id": "DellBaseMetricDefinition",
    "Languages": [
        "en"
    ],
    "Languages@odata.count": 1,
    "Location": [
        {
            "Language": "en",
            "PublicationUri": "http://downloads.dell.com/redfish/bmc/schemas/DellBaseMetricDefinition.json",
            "Uri": "/redfish/v1/Schemas/DellBaseMetricDefinition.json"
        }
    ],
    "Location@odata.count": 1,
    "Name": "DellBaseMetricDefinition Schema File",
    "Schema": "#DellBaseMetricDefinition.DellBaseMetricDefinition"
}