{
    "@odata.context": "/redfish/v1/$metadata#DellNICStatistics.DellNICStatistics",
    "@odata.id": "/redfish/v1/Chassis/System.Embedded.1/Oem/Dell/DellNICStatistics/NIC.Slot.4-1-1",
    "@odata.type": "#DellNICStatistics.v1_0_0.DellNICStatistics",
    "Description": "An instance of DellNICStatistics will have the statistics of the NIC, NIC port or partition.",
    "Id": "NIC.Slot.4-1-1",
    "Name": "DellNICStatistics",
    "RxBytes": 44431,
    "RxMutlicastPackets": 30,
    "RxUnicastPackets": 162,
    "TxBytes": 165380,
    "TxMutlicastPackets": 274,
    "TxUnicastPackets": 164
}