{
    "Description": "An instance of DellPowerSupply will have data specific to the Power Supply devices in the managed system.",
    "Name": "DellPowerSupply",
    "@odata.etag": "W/\"gen-2\"",
    "@odata.context": "/redfish/v1/$metadata#DellPowerSupply.DellPowerSupply",
    "Links": {
        "DellPSNumericSensorCollection": [
            {
                "@odata.id": "/redfish/v1/Systems/System.Embedded.1/Oem/Dell/DellPSNumericSensors/iDRAC.Embedded.1_0x23_PS1Current1"
            }
        ],
        "DellPSNumericSensorCollection@odata.count": 1
    },
    "Id": "PSU.Slot.1",
    "@odata.id": "/redfish/v1/Chassis/System.Embedded.1/PowerSubsystem/Oem/Dell/DellPowerSupply/PSU.Slot.1",
    "RequestedState": "NotApplicable",
    "@odata.type": "#DellPowerSupply.v1_1_1.DellPowerSupply",
    "IsSwitchingSupply": true,
    "OperationalStatus": [
        "OK"
    ],
    "OperationalStatus@odata.count": 1
}