{
    "Name": "PCIeFunction Collection",
    "@odata.context": "/redfish/v1/$metadata#PCIeFunctionCollection.PCIeFunctionCollection",
    "@odata.type": "#PCIeFunctionCollection.PCIeFunctionCollection",
    "@odata.id": "/redfish/v1/Chassis/System.Embedded.1/PCIeDevices/0-100-4/PCIeFunctions",
    "@odata.etag": "W/\"gen-1\"",
    "Description": "Collection of PCIeFunctions",
    "Members": [
        {
            "@odata.id": "/redfish/v1/Chassis/System.Embedded.1/PCIeDevices/0-100-4/PCIeFunctions/0-100-4-0"
        }
    ],
    "Members@odata.count": 1
}