{
    "FirmwareVersion": "",
    "PCIeFunctions": {
        "@odata.id": "/redfish/v1/Chassis/System.Embedded.1/PCIeDevices/0-0-31/PCIeFunctions"
    },
    "@odata.etag": "\"W/'gen-3'\"",
    "SerialNumber": null,
    "SKU": null,
    "DeviceType": "MultiFunction",
    "Id": "0-0-31",
    "@odata.type": "#PCIeDevice.v1_14_0.PCIeDevice",
    "PartNumber": null,
    "Status": {
        "Health": "OK",
        "HealthRollup": "OK",
        "State": "Enabled"
    },
    "Links": {
        "PCIeFunctions": [
            {
                "@odata.id": "/redfish/v1/Chassis/System.Embedded.1/PCIeDevices/0-0-31/PCIeFunctions/0-0-31-0"
            },
            {
                "@odata.id": "/redfish/v1/Chassis/System.Embedded.1/PCIeDevices/0-0-31/PCIeFunctions/0-0-31-5"
            },
            {
                "@odata.id": "/redfish/v1/Chassis/System.Embedded.1/PCIeDevices/0-0-31/PCIeFunctions/0-0-31-4"
            }
        ],
        "PCIeFunctions@odata.count": 3,
        "Chassis": [
            {
                "@odata.id": "/redfish/v1/Chassis/System.Embedded.1"
            }
        ],
        "Chassis@odata.count": 1,
        "Oem": {
            "Dell": {
                "@odata.context": "/redfish/v1/$metadata#DellPCIeDevice.DellPCIeDevice",
                "@odata.type": "#DellPCIeDevice.v1_0_0.DellPCIeDeviceLinks",
                "CPUAffinity": [],
                "CPUAffinity@odata.count": 0
            }
        }
    },
    "Model": null,
    "Description": "Intel Corporation",
    "Manufacturer": "Intel Corporation",
    "AssetTag": null,
    "@odata.id": "/redfish/v1/Chassis/System.Embedded.1/PCIeDevices/0-0-31",
    "PCIeInterface": {
        "PCIeType": null,
        "LanesInUse": null,
        "MaxLanes": null,
        "MaxPCIeType": null
    },
    "Name": "Intel Corporation",
    "@odata.context": "/redfish/v1/$metadata#PCIeDevice.PCIeDevice",
    "Slot": {
        "Lanes": null,
        "Location": {
            "PartLocation": {
                "LocationType": "Slot",
                "LocationOrdinalValue": null
            }
        },
        "PCIeType": null,
        "SlotType": null
    }
}