{
    "DeviceClass": "SerialBusController",
    "FunctionProtocol": "PCIe",
    "Oem": {
        "Dell": {
            "DellPCIeFunction": {
                "DataBusWidth": "Unknown",
                "Id": "SMBus.Embedded.1-1",
                "LastSystemInventoryTime": "2025-02-21T23:53:00+00:00",
                "LastUpdateTime": "2025-02-21T21:24:07+00:00",
                "SlotLength": "Unknown",
                "SlotType": "Unknown"
            },
            "@odata.context": "/redfish/v1/$metadata#DellChassisPCIeFunction.DellChassisPCIeFunction",
            "@odata.type": "#DellChassisPCIeFunction.v1_1_0.DellPCIeFunction"
        }
    },
    "VendorId": "0x8086",
    "RevisionId": "0x00",
    "Enabled": true,
    "FunctionId": 4,
    "@odata.type": "#PCIeFunction.v1_6_0.PCIeFunction",
    "Description": "Intel Corporation",
    "DeviceId": "0x5796",
    "Status": {
        "Health": "OK",
        "HealthRollup": "OK",
        "State": "Enabled"
    },
    "@odata.id": "/redfish/v1/Chassis/System.Embedded.1/PCIeDevices/0-0-31/PCIeFunctions/0-0-31-4",
    "SubsystemId": "0x7270",
    "Id": "0-0-31-4",
    "FunctionType": "Physical",
    "Name": "Intel Corporation",
    "ClassCode": "0x00000c",
    "Links": {
        "Drives": [],
        "Drives@odata.count": 0,
        "PCIeDevice": {
            "@odata.id": "/redfish/v1/Chassis/System.Embedded.1/PCIeDevices/0-0-31"
        }
    },
    "@odata.etag": "\"W/'gen-2'\"",
    "SubsystemVendorId": "0x8086",
    "@odata.context": "/redfish/v1/$metadata#PCIeFunction.PCIeFunction"
}