{
    "@odata.id": "/redfish/v1/AccountService/Roles",
    "@odata.type": "#RoleCollection.RoleCollection",
    "Name": "Roles Collection",
    "@odata.etag": "W/\"gen-4\"",
    "Description": "Roles Collection",
    "Members": [
        {
            "@odata.id": "/redfish/v1/AccountService/Roles/Operator"
        },
        {
            "@odata.id": "/redfish/v1/AccountService/Roles/Administrator"
        },
        {
            "@odata.id": "/redfish/v1/AccountService/Roles/ReadOnly"
        }
    ],
    "Members@odata.count": 3,
    "@Redfish.CollectionCapabilities": {
        "MaxMembers": 32,
        "@odata.type": "#CollectionCapabilities.v1_4_1.CollectionCapabilities"
    },
    "@odata.context": "/redfish/v1/$metadata#RoleCollection.RoleCollection"
}