{
    "Description": "Instance of Port for NIC",
    "@odata.type": "#Port.v1_16_0.Port",
    "FunctionMaxBandwidth": [
        {
            "NetworkDeviceFunction": {
                "@odata.id": "/redfish/v1/Chassis/System.Embedded.1/NetworkAdapters/NIC.Slot.10/NetworkDeviceFunctions/NIC.Slot.10-4-1"
            },
            "AllocationPercent": 100
        }
    ],
    "FunctionMaxBandwidth@odata.count": 1,
    "Status": {
        "State": "Enabled",
        "Health": "OK",
        "HealthRollup": "OK"
    },
    "Metrics": {
        "@odata.id": "/redfish/v1/Chassis/System.Embedded.1/NetworkAdapters/NIC.Slot.10/Ports/NIC.Slot.10-4/Metrics"
    },
    "LinkNetworkTechnology": "Ethernet",
    "PortId": "4",
    "Name": "Network Inteface Card(NIC) Port View",
    "FunctionMinBandwidth": [
        {
            "AllocationPercent": 0,
            "NetworkDeviceFunction": {
                "@odata.id": "/redfish/v1/Chassis/System.Embedded.1/NetworkAdapters/NIC.Slot.10/NetworkDeviceFunctions/NIC.Slot.10-4-1"
            }
        }
    ],
    "FunctionMinBandwidth@odata.count": 1,
    "LinkStatus": "LinkDown",
    "Ethernet": {
        "FlowControlStatus": "None",
        "LLDPReceive": {
            "PortIdSubtype": null,
            "ChassisId": "No Link",
            "ChassisIdSubtype": null,
            "PortId": "4E:6F:20:4C:69:6E:6B"
        },
        "WakeOnLANEnabled": false,
        "AssociatedMACAddresses": [
            "14:23:F2:3E:36:B3"
        ],
        "EEEEnabled": false,
        "FlowControlConfiguration": "None"
    },
    "@odata.context": "/redfish/v1/$metadata#Port.Port",
    "LinkConfiguration": [
        {
            "AutoSpeedNegotiationCapable": null,
            "AutoSpeedNegotiationEnabled": null
        }
    ],
    "LinkConfiguration@odata.count": 1,
    "@odata.id": "/redfish/v1/Chassis/System.Embedded.1/NetworkAdapters/NIC.Slot.10/Ports/NIC.Slot.10-4",
    "Id": "NIC.Slot.10-4",
    "CurrentSpeedGbps": 0,
    "@odata.etag": "W/\"gen-1683\""
}