{
    "@odata.context": "/redfish/v1/$metadata#JsonSchemaFile.JsonSchemaFile",
    "@odata.id": "/redfish/v1/JsonSchemas/DellCertificateCollection",
    "@odata.type": "#JsonSchemaFile.v1_1_5.JsonSchemaFile",
    "Description": "DellCertificateCollection Schema File Location",
    "Id": "DellCertificateCollection",
    "Languages": [
        "en"
    ],
    "Languages@odata.count": 1,
    "Location": [
        {
            "Language": "en",
            "PublicationUri": "http://downloads.dell.com/redfish/bmc/schemas/DellCertificateCollection.json",
            "Uri": "/redfish/v1/Schemas/DellCertificateCollection.json"
        }
    ],
    "Location@odata.count": 1,
    "Name": "DellCertificateCollection Schema File",
    "Schema": "#DellCertificateCollection.DellCertificateCollection"
}