{
    "@odata.context": "/redfish/v1/$metadata#Job.Job",
    "@odata.id": "/redfish/v1/JobService/Jobs/JID_078037756624",
    "@odata.type": "#Job.v1_2_1.Job",
    "Description": "Represent a job in Redfish",
    "Id": "JID_078037756624",
    "Name": "Import Configuration",
    "JobState": "Completed",
    "JobStatus": "OK",
    "PercentComplete": 100,
    "StartTime": "2024-02-12T21:56:15-08:00",
    "EndTime": "2024-02-12T21:56:49-08:00",
    "Messages": [
        {
            "Message": "Successfully imported and applied Server Configuration Profile.",
            "MessageId": "IDRAC.2.9.SYS053",
            "MessageArgs": [],
            "MessageArgs@odata.count": 0
        }
    ],
    "Messages@odata.count": 1
}