{
    "@odata.context": "/redfish/v1/$metadata#SensorCollection.SensorCollection",
    "@odata.type": "#SensorCollection.SensorCollection",
    "Description": "Collection of Sensors",
    "Members": [
        {
            "@odata.id": "/redfish/v1/Chassis/System.Embedded.1/Sensors/CPU1VCCFAVR"
        },
        {
            "@odata.id": "/redfish/v1/Chassis/System.Embedded.1/Sensors/CPU1VCCD0VR"
        },
        {
            "@odata.id": "/redfish/v1/Chassis/System.Embedded.1/Sensors/PSU.Slot.1_InputPower"
        },
        {
            "@odata.id": "/redfish/v1/Chassis/System.Embedded.1/Sensors/Fan6_2"
        },
        {
            "@odata.id": "/redfish/v1/Chassis/System.Embedded.1/Sensors/SystemBoardExhaustTemp"
        },
        {
            "@odata.id": "/redfish/v1/Chassis/System.Embedded.1/Sensors/CPU0VCCINVR"
        },
        {
            "@odata.id": "/redfish/v1/Chassis/System.Embedded.1/Sensors/PS2Current2"
        },
        {
            "@odata.id": "/redfish/v1/Chassis/System.Embedded.1/Sensors/PSU.Slot.1_OutputPower"
        },
        {
            "@odata.id": "/redfish/v1/Chassis/System.Embedded.1/Sensors/PS1Voltage"
        },
        {
            "@odata.id": "/redfish/v1/Chassis/System.Embedded.1/Sensors/CPU1Temp"
        },
        {
            "@odata.id": "/redfish/v1/Chassis/System.Embedded.1/Sensors/Fan6_1"
        },
        {
            "@odata.id": "/redfish/v1/Chassis/System.Embedded.1/Sensors/Fan2_2"
        },
        {
            "@odata.id": "/redfish/v1/Chassis/System.Embedded.1/Sensors/PSU.Slot.1_MaximumFrequency"
        },
        {
            "@odata.id": "/redfish/v1/Chassis/System.Embedded.1/Sensors/CPU0VCCD0VR"
        },
        {
            "@odata.id": "/redfish/v1/Chassis/System.Embedded.1/Sensors/CPU1VCCINFVR"
        },
        {
            "@odata.id": "/redfish/v1/Chassis/System.Embedded.1/Sensors/Fan4_1"
        },
        {
            "@odata.id": "/redfish/v1/Chassis/System.Embedded.1/Sensors/CPU0VCCFAVR"
        },
        {
            "@odata.id": "/redfish/v1/Chassis/System.Embedded.1/Sensors/Fan1_2"
        },
        {
            "@odata.id": "/redfish/v1/Chassis/System.Embedded.1/Sensors/CPU1VCCINVR"
        },
        {
            "@odata.id": "/redfish/v1/Chassis/System.Embedded.1/Sensors/Fan1_1"
        },
        {
            "@odata.id": "/redfish/v1/Chassis/System.Embedded.1/Sensors/PSU.Slot.2_MaximumFrequency"
        },
        {
            "@odata.id": "/redfish/v1/Chassis/System.Embedded.1/Sensors/PS2Voltage"
        },
        {
            "@odata.id": "/redfish/v1/Chassis/System.Embedded.1/Sensors/Fan5_1"
        },
        {
            "@odata.id": "/redfish/v1/Chassis/System.Embedded.1/Sensors/Fan4_2"
        },
        {
            "@odata.id": "/redfish/v1/Chassis/System.Embedded.1/Sensors/SystemBoardInletTemp"
        },
        {
            "@odata.id": "/redfish/v1/Chassis/System.Embedded.1/Sensors/Fan3_1"
        },
        {
            "@odata.id": "/redfish/v1/Chassis/System.Embedded.1/Sensors/Fan2_1"
        },
        {
            "@odata.id": "/redfish/v1/Chassis/System.Embedded.1/Sensors/CPU0VCCD1VR"
        },
        {
            "@odata.id": "/redfish/v1/Chassis/System.Embedded.1/Sensors/Fan5_2"
        },
        {
            "@odata.id": "/redfish/v1/Chassis/System.Embedded.1/Sensors/PSU.Slot.2_OutputPower"
        },
        {
            "@odata.id": "/redfish/v1/Chassis/System.Embedded.1/Sensors/PS1Current1"
        },
        {
            "@odata.id": "/redfish/v1/Chassis/System.Embedded.1/Sensors/Temperature.DIMM_MAX"
        },
        {
            "@odata.id": "/redfish/v1/Chassis/System.Embedded.1/Sensors/CPU0VCCINFVR"
        },
        {
            "@odata.id": "/redfish/v1/Chassis/System.Embedded.1/Sensors/CPU1VCCD1VR"
        },
        {
            "@odata.id": "/redfish/v1/Chassis/System.Embedded.1/Sensors/PSU.Slot.2_InputPower"
        },
        {
            "@odata.id": "/redfish/v1/Chassis/System.Embedded.1/Sensors/CPU0Temp"
        },
        {
            "@odata.id": "/redfish/v1/Chassis/System.Embedded.1/Sensors/SystemBoardPwrConsumption"
        },
        {
            "@odata.id": "/redfish/v1/Chassis/System.Embedded.1/Sensors/Fan3_2"
        }
    ],
    "Members@odata.count": 38,
    "Name": "SensorCollection",
    "@odata.id": "/redfish/v1/Chassis/System.Embedded.1/Sensors",
    "@odata.etag": "\"W/'gen-1'\""
}