{
    "@odata.context": "/redfish/v1/$metadata#Role.Role",
    "@odata.id": "/redfish/v1/AccountService/Roles/Administrator",
    "@odata.type": "#Role.v1_3_1.Role",
    "AssignedPrivileges": [
        "Login",
        "ConfigureManager",
        "ConfigureUsers",
        "ConfigureComponents",
        "ConfigureSelf"
    ],
    "AssignedPrivileges@odata.count": 5,
    "Description": "Administrator User Role",
    "Id": "Administrator",
    "IsPredefined": true,
    "Name": "User Role",
    "OemPrivileges": [
        "ClearLogs",
        "AccessVirtualConsole",
        "AccessVirtualMedia",
        "TestAlerts",
        "ExecuteDebugCommands"
    ],
    "OemPrivileges@odata.count": 5,
    "RoleId": "Administrator"
}