{
    "Name": "Root Service",
    "Vendor": "Dell",
    "SessionService": {
        "@odata.id": "/redfish/v1/SessionService"
    },
    "AccountService": {
        "@odata.id": "/redfish/v1/AccountService"
    },
    "@odata.context": "/redfish/v1/$metadata#ServiceRoot.ServiceRoot",
    "Systems": {
        "@odata.id": "/redfish/v1/Systems"
    },
    "EventService": {
        "@odata.id": "/redfish/v1/EventService"
    },
    "@odata.type": "#ServiceRoot.v1_17_0.ServiceRoot",
    "Description": "Root Service",
    "Chassis": {
        "@odata.id": "/redfish/v1/Chassis"
    },
    "ServiceIdentification": "ABCD123",
    "Managers": {
        "@odata.id": "/redfish/v1/Managers"
    },
    "@odata.id": "/redfish/v1",
    "JsonSchemas": {
        "@odata.id": "/redfish/v1/JsonSchemas"
    },
    "CertificateService": {
        "@odata.id": "/redfish/v1/CertificateService"
    },
    "@odata.etag": "\"W/'gen-3'\"",
    "Links": {
        "Sessions": {
            "@odata.id": "/redfish/v1/SessionService/Sessions"
        }
    },
    "RedfishVersion": "1.20.1",
    "UpdateService": {
        "@odata.id": "/redfish/v1/UpdateService"
    },
    "ComponentIntegrity": {
        "@odata.id": "/redfish/v1/ComponentIntegrity"
    },
    "Oem": {
        "Dell": {
            "ServiceTag": "ABCD123",
            "@odata.context": "/redfish/v1/$metadata#DellServiceRoot.DellServiceRoot",
            "@odata.type": "#DellServiceRoot.v1_0_0.DellServiceRoot",
            "IsBranded": 0,
            "ManagerMACAddress": "6c:3c:8c:8c:6c:ae"
        }
    },
    "Product": "Integrated Dell Remote Access Controller",
    "Registries": {
        "@odata.id": "/redfish/v1/Registries"
    },
    "Fabrics": {
        "@odata.id": "/redfish/v1/Fabrics"
    },
    "ProtocolFeaturesSupported": {
        "DeepOperations": {
            "DeepPATCH": false,
            "DeepPOST": false
        },
        "ExcerptQuery": false,
        "ExpandQuery": {
            "ExpandAll": true,
            "Levels": true,
            "Links": true,
            "MaxLevels": 1,
            "NoLinks": true
        },
        "FilterQuery": true,
        "OnlyMemberQuery": true,
        "SelectQuery": true
    },
    "Tasks": {
        "@odata.id": "/redfish/v1/TaskService"
    },
    "JobService": {
        "@odata.id": "/redfish/v1/JobService"
    },
    "Id": "RootService",
    "LicenseService": {
        "@odata.id": "/redfish/v1/LicenseService"
    }
}