{
    "@odata.type": "#ComponentIntegrityCollection.ComponentIntegrityCollection",
    "Description": "Collection of ComponentIntegrity resources",
    "Members": [
        {
            "@odata.id": "/redfish/v1/ComponentIntegrity/CPU.Socket.1"
        },
        {
            "@odata.id": "/redfish/v1/ComponentIntegrity/CPU.Socket.0"
        }
    ],
    "Members@odata.count": 2,
    "@odata.id": "/redfish/v1/ComponentIntegrity",
    "@odata.etag": "W/\"gen-3\"",
    "Name": "ComponentIntegrity Collection",
    "@odata.context": "/redfish/v1/$metadata#ComponentIntegrityCollection.ComponentIntegrityCollection"
}