{
    "@odata.context": "/redfish/v1/$metadata#Job.Job",
    "@odata.id": "/redfish/v1/JobService/Jobs/JID_077500146622",
    "@odata.type": "#Job.v1_2_1.Job",
    "Description": "Represent a job in Redfish",
    "Id": "JID_077500146622",
    "Name": "Export Device Log: Pel_Slot1_Bay1.bin",
    "JobState": "Completed",
    "JobStatus": "Critical",
    "PercentComplete": 100,
    "StartTime": "2024-02-12T07:00:14-08:00",
    "EndTime": "2024-02-12T07:00:15-08:00",
    "Messages": [
        {
            "Message": "The Persistent Event Log for the PCIe SSD in Slot 1 in Bay 1 has failed.",
            "MessageId": "IDRAC.2.9.PDR125",
            "MessageArgs": [],
            "MessageArgs@odata.count": 0
        }
    ],
    "Messages@odata.count": 1
}