{
    "Assembly": {
        "@odata.id": "/redfish/v1/Chassis/System.Embedded.1/PowerSubsystem/PowerSupplies/PSU.Slot.2/Assembly"
    },
    "Name": "PS2 Status",
    "SparePartNumber": "08YNWGA00",
    "Id": "PSU.Slot.2",
    "InputNominalVoltageType": "AC100To127V",
    "PowerSupplyType": "ACorDC",
    "InputRanges": [
        {
            "NominalVoltageType": "AC100To127V",
            "CapacityWatts": 800
        }
    ],
    "PartNumber": "08YNWGA00",
    "@odata.type": "#PowerSupply.v1_6_0.PowerSupply",
    "Status": {
        "Health": "OK",
        "State": "Enabled"
    },
    "Model": "PWR SPLY,800W,RDNT,DELTA",
    "@odata.context": "/redfish/v1/$metadata#PowerSupply.PowerSupply",
    "PowerCapacityWatts": 800,
    "HotPluggable": true,
    "Metrics": {
        "@odata.id": "/redfish/v1/Chassis/System.Embedded.1/PowerSubsystem/PowerSupplies/PSU.Slot.2/Metrics"
    },
    "Oem": {
        "Dell": {
            "@odata.context": "/redfish/v1/$metadata#DellOemPower.DellOemPower",
            "@odata.type": "#DellOemPower.v1_0_0.DellOemPower",
            "DellPowerSupply": {
                "OperationalStatus": [
                    "OK"
                ],
                "OperationalStatus@odata.count": 1,
                "RequestedState": "NotApplicable",
                "IsSwitchingSupply": true
            },
            "DellPowerSupplyView": {
                "LastSystemInventoryTime": "2025-02-21T23:53:00+00:00",
                "LastUpdateTime": "1970-01-01T00:00:00+00:00",
                "Range1MaxInputPowerWatts": 918,
                "RedTypeOfSet": [
                    "N+1"
                ],
                "RedTypeOfSet@odata.count": 1,
                "DeviceDescription": "Power Supply 2",
                "PMBusMonitoring": "Capable",
                "RedundancyStatus": "Unknown",
                "RedMinNumberNeeded": 1,
                "DetailedState": "Presence Detected"
            }
        }
    },
    "Location": {
        "PartLocation": {
            "ServiceLabel": "PSU2",
            "LocationOrdinalValue": 1,
            "LocationType": "Bay"
        }
    },
    "SerialNumber": "CNDED0048101JQ",
    "EfficiencyRatings": [
        {
            "EfficiencyPercent": 0.85
        }
    ],
    "FirmwareVersion": "5b19",
    "@odata.etag": "\"W/'gen-2'\"",
    "LineInputStatus": "Normal",
    "Manufacturer": "DELL",
    "Description": "An instance of PowerSupply",
    "OutputRails": [
        {
            "NominalVoltage": 12,
            "PhysicalContext": "SystemBoard"
        }
    ],
    "@odata.id": "/redfish/v1/Chassis/System.Embedded.1/PowerSubsystem/PowerSupplies/PSU.Slot.2"
}