{
    "Name": "OutputPowerSensor",
    "Status": {
        "Health": "OK",
        "State": "Enabled"
    },
    "@odata.type": "#Sensor.v1_9_0.Sensor",
    "Reading": 150,
    "ReadingUnits": "W",
    "Id": "PSU.Slot.2_OutputPower",
    "@odata.id": "/redfish/v1/Chassis/System.Embedded.1/Sensors/PSU.Slot.2_OutputPower",
    "ReadingType": "Power",
    "@odata.etag": "\"W/'gen-11'\"",
    "PhysicalContext": "PowerSupply",
    "Description": "Power Supply 2 Output Power",
    "@odata.context": "/redfish/v1/$metadata#Sensor.Sensor",
    "ReadingBasis": "Zero"
}