{
    "Name": "System Board Exhaust Temp",
    "ReadingUnits": "Cel",
    "@odata.etag": "\"W/'gen-20'\"",
    "ReadingRangeMax": 75,
    "PhysicalContext": "SystemBoard",
    "ReadingBasis": "Zero",
    "ReadingRangeMin": 3,
    "@odata.type": "#Sensor.v1_9_0.Sensor",
    "Reading": 36,
    "Thresholds": {
        "UpperCritical": {
            "Reading": 75
        },
        "LowerCaution": {
            "Reading": 8
        },
        "LowerCritical": {
            "Reading": 3
        },
        "UpperCaution": {
            "Reading": 70
        }
    },
    "@odata.context": "/redfish/v1/$metadata#Sensor.Sensor",
    "Oem": {
        "Dell": {
            "@odata.context": "/redfish/v1/$metadata#DellOemSensor.DellOemSensor",
            "@odata.type": "#DellOemSensor.v1_1_0.DellOemSensor",
            "CurrentState": "Normal",
            "DeviceID": "iDRAC.Embedded.1#SystemBoardExhaustTemp",
            "PossibleStates": [
                "Unknown",
                "Fatal",
                "Normal",
                "Upper Fatal",
                "Upper Critical",
                "Upper Non-Critical",
                "Lower Non-Critical",
                "Lower Critical",
                "Lower Fatal"
            ],
            "PossibleStates@odata.count": 9,
            "RequestedState": "NotApplicable"
        }
    },
    "ReadingType": "Temperature",
    "Status": {
        "State": "Enabled",
        "Health": "OK"
    },
    "Description": "Instance of Sensor Id",
    "@odata.id": "/redfish/v1/Chassis/System.Embedded.1/Sensors/SystemBoardExhaustTemp",
    "Id": "SystemBoardExhaustTemp"
}