{
    "@odata.context": "/redfish/v1/$metadata#JsonSchemaFile.JsonSchemaFile",
    "@odata.id": "/redfish/v1/JsonSchemas/BatteryMetrics.v1_0_4",
    "@odata.type": "#JsonSchemaFile.v1_1_5.JsonSchemaFile",
    "Description": "BatteryMetrics Schema File Location",
    "Id": "BatteryMetrics.v1_0_4",
    "Languages": [
        "en"
    ],
    "Languages@odata.count": 1,
    "Location": [
        {
            "Language": "en",
            "PublicationUri": "http://redfish.dmtf.org/schemas/v1/BatteryMetrics.v1_0_4.json",
            "Uri": "/redfish/v1/Schemas/BatteryMetrics.v1_0_4.json"
        }
    ],
    "Location@odata.count": 1,
    "Name": "BatteryMetrics Schema File",
    "Schema": "#BatteryMetrics.v1_0_4.BatteryMetrics"
}