{
    "@odata.context": "/redfish/v1/$metadata#DellAssembly.DellAssembly",
    "@odata.id": "/redfish/v1/Chassis/System.Embedded.1/Oem/Dell/DellAssembly/Disk.Bay.0_Enclosure.Internal.0-1_0x23_FRU",
    "@odata.type": "#DellAssembly.v1_0_0.DellAssembly",
    "Description": "This resource shall be used to represent an assembly information.",
    "DeviceFQDD": "Disk.Bay.0:Enclosure.Internal.0-1",
    "Id": "Disk.Bay.0:Enclosure.Internal.0-1_0x23_FRU",
    "Name": "DellAssembly",
    "PackageType": "StorageMediaPackage(E.GDiskOrTapeDrive)",
    "SerialNumber": "TWPIHIT31200MB"
}