{
    "@odata.context": "/redfish/v1/$metadata#Assembly.Assembly",
    "@odata.type": "#Assembly.v1_4_0.Assembly",
    "@odata.id": "/redfish/v1/Chassis/System.Embedded.1/NetworkAdapters/NIC.Integrated.1/Assembly",
    "Assemblies": [
        {
            "@odata.type": "#Assembly.v1_4_0.AssemblyData",
            "@odata.id": "/redfish/v1/Chassis/System.Embedded.1/NetworkAdapters/NIC.Integrated.1/Assembly#/Assemblies/0",
            "BinaryDataURI": null,
            "Description": "MLNX 25GbE 2P ConnectX5 OCP3 NIC",
            "EngineeringChangeLevel": "A03",
            "MemberId": "0",
            "Model": "MLNX 25GbE 2P ConnectX5 OCP3 NIC",
            "Name": "NIC.Integrated.1#FRU",
            "Oem": {
                "Dell": {
                    "@odata.type": "#DellOem.v1_3_0.DellOemResources",
                    "DellAssembly": {
                        "Description": "This resource shall be used to represent an assembly information.",
                        "DeviceFQDD": "NIC.Integrated.1",
                        "Id": "NIC.Integrated.1_0x23_FRU",
                        "Name": "DellAssembly",
                        "PackageType": "Module/Card",
                        "SerialNumber": "INJBNM4154J0OR",
                        "@odata.context": "/redfish/v1/$metadata#DellAssembly.DellAssembly",
                        "@odata.type": "#DellAssembly.v1_0_0.DellAssembly",
                        "@odata.id": "/redfish/v1/Chassis/System.Embedded.1/Oem/Dell/DellAssembly/NIC.Integrated.1_0x23_FRU"
                    }
                }
            },
            "PartNumber": "04TRD3",
            "Producer": "Dell",
            "ProductionDate": "2021-05-06T16:40:00Z",
            "SKU": null,
            "SparePartNumber": null,
            "Vendor": "DELL",
            "Version": null
        }
    ],
    "Assemblies@odata.count": 1,
    "Description": "Represents the properties of Assembly for the device",
    "Id": "Assembly",
    "Name": "NIC.Integrated.1#FRU"
}