{
    "@odata.etag": "\"W/'gen-13'\"",
    "Description": "Represent a job in Redfish",
    "Oem": {
        "Dell": {
            "ActualRunningStopTime": "2025-02-20T18:18:42",
            "JobType": "BIOSConfiguration",
            "OemJobState": "Completed",
            "UntilTime": "TIME_NA",
            "@odata.context": "/redfish/v1/$metadata#DellOemJob.DellOemJob",
            "@odata.type": "#DellOemJob.v1_0_0.DellOemJob",
            "ActualRunningStartTime": "2025-02-20T18:13:22"
        }
    },
    "@odata.context": "/redfish/v1/$metadata#Job.Job",
    "@odata.type": "#Job.v1_2_4.Job",
    "@odata.id": "/redfish/v1/JobService/Jobs/JID_400964906754",
    "Messages": [
        {
            "MessageId": "IDRAC.2.9.PR19",
            "Message": "Job completed successfully.",
            "MessageArgs": [],
            "MessageArgs@odata.count": 0
        }
    ],
    "Messages@odata.count": 1,
    "MaxExecutionTime": "PT2H",
    "JobState": "Completed",
    "JobStatus": "OK",
    "Name": "ConfigBIOS:BIOS.Setup.1-1",
    "StartTime": "2025-02-20T18:08:10-06:00",
    "Id": "JID_400964906754",
    "PercentComplete": 100,
    "EndTime": "2025-02-20T18:18:42-06:00"
}