{
    "FunctionNumber": "0x1",
    "@odata.type": "#PCIeFunction.v1_6_0.PCIeFunction",
    "FunctionProtocol": "PCIe",
    "FunctionId": 1,
    "Oem": {
        "Dell": {
            "@odata.context": "/redfish/v1/$metadata#DellChassisPCIeFunction.DellChassisPCIeFunction",
            "@odata.type": "#DellChassisPCIeFunction.v1_1_0.DellPCIeFunction",
            "DellPCIeFunction": {
                "Id": "P2PBridge.Embedded.1-1",
                "LastSystemInventoryTime": "2025-11-06T19:28:47+00:00",
                "LastUpdateTime": "2025-11-06T17:28:45+00:00",
                "SlotLength": "Unknown",
                "SlotType": "Unknown",
                "DataBusWidth": "Unknown"
            }
        }
    },
    "Description": "Turin Internal PCIe GPP Bridge to Bus [D:C]",
    "@odata.etag": "W/\"gen-3\"",
    "FunctionType": "Physical",
    "@odata.context": "/redfish/v1/$metadata#PCIeFunction.PCIeFunction",
    "BusNumber": "0x00",
    "@odata.id": "/redfish/v1/Chassis/System.Embedded.1/PCIeDevices/0-0-7/PCIeFunctions/0-0-7-1",
    "VendorId": "0x1022",
    "SubsystemVendorId": "0x1022",
    "Links": {
        "MemoryDomains": [],
        "MemoryDomains@odata.count": 0,
        "PCIeDevice": {
            "@odata.id": "/redfish/v1/Chassis/System.Embedded.1/PCIeDevices/0-0-7"
        },
        "Drives": [],
        "Drives@odata.count": 0
    },
    "ClassCode": "0x000006",
    "Name": "Turin Internal PCIe GPP Bridge to Bus [D:C]",
    "DeviceClass": "Bridge",
    "SegmentNumber": "0x0000",
    "Status": {
        "Health": "OK",
        "HealthRollup": "OK",
        "State": "Enabled"
    },
    "SubsystemId": "0x1555",
    "Enabled": true,
    "DeviceNumber": "0x07",
    "DeviceId": "0x1555",
    "RevisionId": "0x00",
    "Id": "0-0-7-1"
}