{
    "Id": "0-254-6",
    "Model": null,
    "@odata.id": "/redfish/v1/Chassis/System.Embedded.1/PCIeDevices/0-254-6",
    "PartNumber": null,
    "Name": "Intel Corporation",
    "@odata.type": "#PCIeDevice.v1_14_0.PCIeDevice",
    "Description": "Intel Corporation",
    "FirmwareVersion": "",
    "Slot": {
        "SlotType": null,
        "Lanes": null,
        "Location": {
            "PartLocation": {
                "LocationOrdinalValue": null,
                "LocationType": "Slot"
            }
        },
        "PCIeType": null
    },
    "PCIeFunctions": {
        "@odata.id": "/redfish/v1/Chassis/System.Embedded.1/PCIeDevices/0-254-6/PCIeFunctions"
    },
    "Manufacturer": "Intel Corporation",
    "Status": {
        "Health": "OK",
        "HealthRollup": "OK",
        "State": "Enabled"
    },
    "SKU": null,
    "Links": {
        "Chassis": [
            {
                "@odata.id": "/redfish/v1/Chassis/System.Embedded.1"
            }
        ],
        "Chassis@odata.count": 1,
        "Oem": {
            "Dell": {
                "@odata.context": "/redfish/v1/$metadata#DellPCIeDevice.DellPCIeDevice",
                "@odata.type": "#DellPCIeDevice.v1_0_0.DellPCIeDeviceLinks",
                "CPUAffinity": [],
                "CPUAffinity@odata.count": 0
            }
        },
        "PCIeFunctions": [
            {
                "@odata.id": "/redfish/v1/Chassis/System.Embedded.1/PCIeDevices/0-254-6/PCIeFunctions/0-254-6-1"
            }
        ],
        "PCIeFunctions@odata.count": 1
    },
    "@odata.context": "/redfish/v1/$metadata#PCIeDevice.PCIeDevice",
    "SerialNumber": null,
    "DeviceType": "MultiFunction",
    "PCIeInterface": {
        "MaxPCIeType": null,
        "PCIeType": null,
        "LanesInUse": null,
        "MaxLanes": null
    },
    "@odata.etag": "\"W/'gen-3'\"",
    "AssetTag": null
}