{
    "@odata.type": "#Sensor.v1_10_1.Sensor",
    "ReadingBasis": "Zero",
    "PhysicalContext": "PowerSupply",
    "ReadingUnits": "Hz",
    "@odata.id": "/redfish/v1/Chassis/System.Embedded.1/Sensors/PSU.Slot.1_MaximumFrequency",
    "Id": "PSU.Slot.1_MaximumFrequency",
    "Name": "MaximumFrequencySensor",
    "Reading": 63,
    "Description": "Power Supply 1 Maximum Frequency",
    "@odata.context": "/redfish/v1/$metadata#Sensor.Sensor",
    "ReadingType": "Frequency",
    "Status": {
        "Health": "OK",
        "State": "Enabled"
    },
    "@odata.etag": "W/\"gen-2\""
}