{
    "@odata.context": "/redfish/v1/$metadata#Assembly.Assembly",
    "@odata.type": "#Assembly.v1_5_1.Assembly",
    "@odata.id": "/redfish/v1/Chassis/System.Embedded.1/NetworkAdapters/NIC.Slot.10/Assembly",
    "Assemblies": [
        {
            "@odata.type": "#Assembly.v1_5_1.AssemblyData",
            "@odata.id": "/redfish/v1/Chassis/System.Embedded.1/NetworkAdapters/NIC.Slot.10/Assembly#/Assemblies/0",
            "BinaryDataURI": null,
            "Description": "BRCM 4P 25G SFP 57504S OCP NIC",
            "EngineeringChangeLevel": "A02",
            "MemberId": "0",
            "Model": "BRCM 4P 25G SFP 57504S OCP NIC",
            "Name": "NIC.Slot.10#FRU",
            "Oem": {
                "Dell": {
                    "@odata.type": "#DellOem.v1_3_0.DellOemResources",
                    "DellAssembly": {
                        "Description": "This resource shall be used to represent an assembly information.",
                        "DeviceFQDD": "NIC.Slot.10",
                        "Id": "NIC.Slot.10_0x23_FRU",
                        "Name": "DellAssembly",
                        "PackageType": "Module/Card",
                        "SerialNumber": "VNFCBBA44S014F",
                        "@odata.context": "/redfish/v1/$metadata#DellAssembly.DellAssembly",
                        "@odata.type": "#DellAssembly.v1_1_0.DellAssembly",
                        "@odata.id": "/redfish/v1/Chassis/System.Embedded.1/Oem/Dell/DellAssembly/NIC.Slot.10_0x23_FRU"
                    }
                }
            },
            "PartNumber": "03Y64D",
            "Producer": "DELL",
            "ProductionDate": "1996-01-02T09:44:00Z",
            "SKU": null,
            "SparePartNumber": null,
            "Vendor": "DELL",
            "Version": null
        }
    ],
    "Assemblies@odata.count": 1,
    "Description": "Represents the properties of Assembly for the device",
    "Id": "Assembly",
    "Name": "NIC.Slot.10#FRU"
}