{
    "@odata.context": "/redfish/v1/$metadata#JsonSchemaFile.JsonSchemaFile",
    "@odata.id": "/redfish/v1/JsonSchemas/DellLicense",
    "@odata.type": "#JsonSchemaFile.v1_1_5.JsonSchemaFile",
    "Description": "DellLicense Schema File Location",
    "Id": "DellLicense",
    "Languages": [
        "en"
    ],
    "Languages@odata.count": 1,
    "Location": [
        {
            "Language": "en",
            "PublicationUri": "http://downloads.dell.com/redfish/bmc/schemas/DellLicense.json",
            "Uri": "/redfish/v1/Schemas/DellLicense.json"
        }
    ],
    "Location@odata.count": 1,
    "Name": "DellLicense Schema File",
    "Schema": "#DellLicense.DellLicense"
}