{
    "@odata.id": "/redfish/v1/JobService/Jobs",
    "@odata.etag": "W/\"gen-23\"",
    "Name": "JobCollection",
    "@odata.context": "/redfish/v1/$metadata#JobCollection.JobCollection",
    "@odata.type": "#JobCollection.JobCollection",
    "Description": "A Collection of Job resource instances",
    "Members": [
        {
            "@odata.id": "/redfish/v1/JobService/Jobs/JID_573408686902"
        },
        {
            "@odata.id": "/redfish/v1/JobService/Jobs/JID_573407765783"
        },
        {
            "@odata.id": "/redfish/v1/JobService/Jobs/JID_573485341629"
        },
        {
            "@odata.id": "/redfish/v1/JobService/Jobs/JID_573409801958"
        },
        {
            "@odata.id": "/redfish/v1/JobService/Jobs/JID_535119311629"
        },
        {
            "@odata.id": "/redfish/v1/JobService/Jobs/JID_573397593212"
        },
        {
            "@odata.id": "/redfish/v1/JobService/Jobs/JID_573410808536"
        },
        {
            "@odata.id": "/redfish/v1/JobService/Jobs/JID_573393412032"
        },
        {
            "@odata.id": "/redfish/v1/JobService/Jobs/JID_533477566685"
        },
        {
            "@odata.id": "/redfish/v1/JobService/Jobs/RID_534586973678"
        },
        {
            "@odata.id": "/redfish/v1/JobService/Jobs/JID_615621922581"
        },
        {
            "@odata.id": "/redfish/v1/JobService/Jobs/JID_534586712619"
        },
        {
            "@odata.id": "/redfish/v1/JobService/Jobs/JID_612159964737"
        },
        {
            "@odata.id": "/redfish/v1/JobService/Jobs/JID_621669717556"
        },
        {
            "@odata.id": "/redfish/v1/JobService/Jobs/JID_624552610448"
        },
        {
            "@odata.id": "/redfish/v1/JobService/Jobs/JID_624531430302"
        },
        {
            "@odata.id": "/redfish/v1/JobService/Jobs/JID_534673332847"
        },
        {
            "@odata.id": "/redfish/v1/JobService/Jobs/JID_573399703585"
        },
        {
            "@odata.id": "/redfish/v1/JobService/Jobs/JID_535130879116"
        },
        {
            "@odata.id": "/redfish/v1/JobService/Jobs/JID_534620255910"
        },
        {
            "@odata.id": "/redfish/v1/JobService/Jobs/JID_624565535277"
        },
        {
            "@odata.id": "/redfish/v1/JobService/Jobs/JID_549016056849"
        }
    ],
    "Members@odata.count": 22
}