{
    "PhysicalContext": "SystemBoard",
    "Oem": {
        "Dell": {
            "@odata.context": "/redfish/v1/$metadata#DellFan.DellFan",
            "@odata.type": "#DellFan.v1_1_0.DellFan",
            "FanPWM": 17,
            "FanType": "Gold"
        }
    },
    "HotPluggable": true,
    "Id": "CoolingController.1.Fan4",
    "SpeedPercent": {
        "DataSourceUri": "/redfish/v1/Chassis/System.Embedded.1/Sensors/Fan4_1",
        "SpeedRPM": 5160
    },
    "Status": {
        "State": "Enabled",
        "Health": "OK"
    },
    "@odata.context": "/redfish/v1/$metadata#Fan.Fan",
    "SecondarySpeedPercent": {
        "DataSourceUri": "/redfish/v1/Chassis/System.Embedded.1/Sensors/Fan4_2",
        "SpeedRPM": 4080
    },
    "Name": "Fan4",
    "@odata.type": "#Fan.v1_5_2.Fan",
    "Location": {
        "PartLocation": {
            "LocationOrdinalValue": 4,
            "LocationType": "Slot"
        }
    },
    "@odata.etag": "\"W/'gen-257'\"",
    "@odata.id": "/redfish/v1/Chassis/System.Embedded.1/ThermalSubsystem/Fans/CoolingController.1.Fan4",
    "Description": "Represents fan properties of the chassis"
}