{
    "@odata.context": "/redfish/v1/$metadata#Chassis.Chassis",
    "@odata.id": "/redfish/v1/Chassis/Enclosure.Internal.0-1_RAID.SL.3-1/Settings",
    "@odata.type": "#Chassis.v1_23_0.Chassis",
    "Actions": {},
    "AssetTag": "",
    "ChassisType": "StorageEnclosure",
    "Description": "Backplane 1 on Connector 0 of RAID Controller in SL 3",
    "Id": "Enclosure.Internal.0-1:RAID.SL.3-1",
    "Links": {
        "ContainedBy": {
            "@odata.id": "/redfish/v1/Chassis/System.Embedded.1"
        },
        "Contains": [],
        "Contains@odata.count": 0,
        "Drives": [
            {
                "@odata.id": "/redfish/v1/Systems/System.Embedded.1/Storage/RAID.SL.3-1/Drives/Disk.Bay.3_Enclosure.Internal.0-1_RAID.SL.3-1"
            },
            {
                "@odata.id": "/redfish/v1/Systems/System.Embedded.1/Storage/RAID.SL.3-1/Drives/Disk.Bay.2_Enclosure.Internal.0-1_RAID.SL.3-1"
            },
            {
                "@odata.id": "/redfish/v1/Systems/System.Embedded.1/Storage/RAID.SL.3-1/Drives/Disk.Bay.1_Enclosure.Internal.0-1_RAID.SL.3-1"
            },
            {
                "@odata.id": "/redfish/v1/Systems/System.Embedded.1/Storage/RAID.SL.3-1/Drives/Disk.Bay.0_Enclosure.Internal.0-1_RAID.SL.3-1"
            }
        ],
        "Drives@odata.count": 4,
        "ManagedBy": [
            {
                "@odata.id": "/redfish/v1/Managers/iDRAC.Embedded.1"
            }
        ],
        "ManagedBy@odata.count": 1,
        "PCIeDevices": [
            {
                "@odata.id": "/redfish/v1/Chassis/System.Embedded.1/PCIeDevices/101-0"
            }
        ],
        "PCIeDevices@Redfish.Deprecated": "Please migrate to use /redfish/v1/Chassis/Enclosure.Internal.0-1:RAID.SL.3-1/PCIeDevices",
        "PCIeDevices@odata.count": 1,
        "Storage": [
            {
                "@odata.id": "/redfish/v1/Systems/System.Embedded.1/Storage/RAID.SL.3-1"
            }
        ],
        "Storage@odata.count": 1
    },
    "Location": {
        "Oem": {
            "Dell": {
                "@odata.type": "#DellLocation.v1_2_0.DellLocation",
                "PartLocation": {
                    "ExtendedReference": "Front"
                }
            }
        },
        "PartLocation": {
            "LocationType": "Backplane",
            "Reference": "Front"
        }
    },
    "Manufacturer": null,
    "Model": "BP15G+ 0:1",
    "Name": "BP15G+ 0:1",
    "Oem": {
        "Dell": {
            "@odata.type": "#DellOemEnclosureChassis.v1_0_0.DellOemEnclosureChassis",
            "DellChassisEnclosure": {
                "BackplaneType": "NotShared",
                "Connector": 0,
                "LastSystemInventoryTime": "2024-01-30T10:27:12-06:00",
                "LastUpdateTime": "2024-01-30T10:27:10-06:00",
                "RAIDMultipath": "Off",
                "TempProbeCount": 0,
                "Version": "7.10"
            }
        }
    },
    "PCIeDevices": {
        "@odata.id": "/redfish/v1/Chassis/Enclosure.Internal.0-1_RAID.SL.3-1/PCIeDevices"
    },
    "PartNumber": null,
    "PowerState": "On",
    "PoweredByParent": true,
    "SKU": "",
    "SerialNumber": null,
    "Status": {
        "Health": "OK",
        "HealthRollup": "OK",
        "State": "Enabled"
    },
    "ThermalManagedByParent": true
}