{
    "@odata.context": "/redfish/v1/$metadata#DellNIC.DellNIC",
    "@odata.id": "/redfish/v1/Chassis/System.Embedded.1/NetworkAdapters/NIC.Slot.3/NetworkDeviceFunctions/NIC.Slot.3-4-1/Oem/Dell/DellNIC/NIC.Slot.3-4-1",
    "@odata.type": "#DellNIC.v1_7_0.DellNIC",
    "BusNumber": 177,
    "CableLengthMetres": null,
    "ControllerBIOSVersion": null,
    "DataBusWidth": "16XOrX16",
    "Description": "An instance of DellNIC will have NIC device specific data.",
    "DeviceDescription": "NIC in Slot 3 Port 4 Partition 1",
    "EFIVersion": "4.9.83",
    "FCOSDriverVersion": null,
    "FCoEOSDriverVersion": null,
    "FCoEOffloadMode": "Unknown",
    "FQDD": "NIC.Slot.3-4-1",
    "FamilyVersion": "22.5.7",
    "ISCSIOSDriverVersion": null,
    "Id": "NIC.Slot.3-4-1",
    "IdentifierType": null,
    "InstanceID": "NIC.Slot.3-4-1",
    "LANDriverVersion": null,
    "LastSystemInventoryTime": "2024-01-30T16:38:56+00:00",
    "LastUpdateTime": "2024-01-30T16:38:54+00:00",
    "LinkDuplex": "Unknown",
    "MaxBandwidthPercent": 0,
    "MediaType": "Base T,KR,KX4",
    "MinBandwidthPercent": 0,
    "Name": "DellNIC",
    "NicMode": "Unknown",
    "PCIDeviceID": "15ff",
    "PCISubDeviceID": "0000",
    "PCISubVendorID": "8086",
    "PCIVendorID": "8086",
    "PartNumber": "0K5DDV",
    "PermanentFCOEMACAddress": null,
    "PermanentFIPAddress": null,
    "PermanentiSCSIMACAddress": null,
    "ProductName": "Intel(R) Ethernet Network Adapter X710-TL - B4:96:91:B6:3E:15",
    "Protocol": "Unknown",
    "RDMAOSDriverVersion": null,
    "Revision": null,
    "SNAPIState": "Disabled",
    "SNAPISupport": "NotAvailable",
    "SerialNumber": "MYFLMIT12J0199",
    "SlotLength": "LongLength",
    "SlotType": "PCIExpressGen4",
    "TransceiverPartNumber": null,
    "TransceiverSerialNumber": null,
    "TransceiverVendorName": null,
    "VPISupport": "NotAvailable",
    "VendorName": null,
    "VirtualFIPAddress": null,
    "VirtualISCSIAddress": null,
    "iScsiOffloadMode": "Unknown"
}