{
    "@odata.context": "/redfish/v1/$metadata#JsonSchemaFile.JsonSchemaFile",
    "@odata.id": "/redfish/v1/JsonSchemas/DataSecurityLineOfService",
    "@odata.type": "#JsonSchemaFile.v1_1_4.JsonSchemaFile",
    "Description": "DataSecurityLineOfService Schema File Location",
    "Id": "DataSecurityLineOfService",
    "Languages": [
        "en"
    ],
    "Languages@odata.count": 1,
    "Location": [
        {
            "Language": "en",
            "PublicationUri": "http://redfish.dmtf.org/schemas/swordfish/v1/DataSecurityLineOfService.json",
            "Uri": "/redfish/v1/Schemas/DataSecurityLineOfService.json"
        }
    ],
    "Location@odata.count": 1,
    "Name": "DataSecurityLineOfService Schema File",
    "Schema": "#DataSecurityLineOfService.DataSecurityLineOfService"
}