{
    "JobState": "Completed",
    "PercentComplete": 100,
    "@odata.id": "/redfish/v1/JobService/Jobs/JID_401006551116",
    "MaxExecutionTime": "PT2H",
    "EndTime": "2025-02-20T19:20:10-06:00",
    "Name": "SA Export Local",
    "StartTime": "2025-02-20T19:17:35-06:00",
    "Description": "Represent a job in Redfish",
    "Messages": [
        {
            "Message": "The SupportAssist Collection operation is either fully or partially completed, and then exported to the local path.",
            "MessageArgs": [],
            "MessageArgs@odata.count": 0,
            "MessageId": "IDRAC.2.9.SRV129"
        }
    ],
    "Messages@odata.count": 1,
    "@odata.context": "/redfish/v1/$metadata#Job.Job",
    "JobStatus": "OK",
    "Id": "JID_401006551116",
    "Oem": {
        "Dell": {
            "JobType": "LocalFileExport",
            "OemJobState": "Completed",
            "UntilTime": null,
            "@odata.context": "/redfish/v1/$metadata#DellOemJob.DellOemJob",
            "@odata.type": "#DellOemJob.v1_0_0.DellOemJob",
            "ActualRunningStartTime": null,
            "ActualRunningStopTime": null
        }
    },
    "@odata.etag": "\"W/'gen-15'\"",
    "@odata.type": "#Job.v1_2_4.Job"
}