{
    "@odata.context": "/redfish/v1/$metadata#ThermalSubsystem.ThermalSubsystem",
    "@odata.id": "/redfish/v1/Chassis/System.Embedded.1/ThermalSubsystem",
    "@odata.type": "#ThermalSubsystem.v1_2_0.ThermalSubsystem",
    "Description": "Represents the properties of a Thermal Subsystem of the Chassis",
    "Name": "Thermal Subsystem for Chassis",
    "FanRedundancy": [
        {
            "RedundancyType": "NPlusM",
            "MaxSupportedInGroup": null,
            "MinNeededInGroup": null,
            "RedundancyGroup": [],
            "RedundancyGroup@odata.count": 0,
            "Status": {
                "State": "Enabled",
                "Health": "OK"
            }
        }
    ],
    "Fans": {
        "@odata.id": "/redfish/v1/Chassis/System.Embedded.1/ThermalSubsystem/Fans"
    },
    "ThermalMetrics": {
        "@odata.id": "/redfish/v1/Chassis/System.Embedded.1/ThermalSubsystem/ThermalMetrics"
    },
    "Status": {
        "State": "Enabled",
        "Health": "OK"
    },
    "Id": "ThermalSubsystem"
}