{
    "Id": "Thermal",
    "@odata.context": "/redfish/v1/$metadata#Thermal.Thermal",
    "@odata.id": "/redfish/v1/Chassis/System.Embedded.1/Thermal",
    "Description": "Represents the properties for Temperature and Cooling",
    "Name": "Thermal",
    "@odata.etag": "\"W/'gen-1'\"",
    "Fans": [
        {
            "Status": {
                "Health": "OK",
                "State": "Enabled"
            },
            "RelatedItem@odata.count": 1,
            "MemberId": "0",
            "ReadingUnits": "RPM",
            "LowerThresholdNonCritical": 840,
            "Assembly": {
                "@odata.id": "/redfish/v1/Chassis/System.Embedded.1/Assembly"
            },
            "MaxReadingRange": null,
            "PhysicalContext": "SystemBoard",
            "SensorNumber": 56,
            "LowerThresholdFatal": null,
            "RelatedItem": [
                {
                    "@odata.id": "/redfish/v1/Chassis/System.Embedded.1"
                }
            ],
            "Redundancy": [],
            "FanName": "Fan1_1",
            "UpperThresholdCritical": null,
            "Name": "Fan1_1",
            "Reading": 5130,
            "LowerThresholdCritical": 600,
            "@odata.id": "/redfish/v1/Chassis/System.Embedded.1/Thermal#/Fans/0",
            "MinReadingRange": null,
            "UpperThresholdFatal": null,
            "UpperThresholdNonCritical": null,
            "HotPluggable": null
        },
        {
            "Status": {
                "Health": "OK",
                "State": "Enabled"
            },
            "LowerThresholdFatal": null,
            "@odata.id": "/redfish/v1/Chassis/System.Embedded.1/Thermal#/Fans/1",
            "LowerThresholdNonCritical": 840,
            "ReadingUnits": "RPM",
            "UpperThresholdFatal": null,
            "MaxReadingRange": null,
            "Reading": 5130,
            "MinReadingRange": null,
            "SensorNumber": 57,
            "UpperThresholdCritical": null,
            "Redundancy": [],
            "Name": "Fan2_1",
            "RelatedItem@odata.count": 1,
            "RelatedItem": [
                {
                    "@odata.id": "/redfish/v1/Chassis/System.Embedded.1"
                }
            ],
            "Assembly": {
                "@odata.id": "/redfish/v1/Chassis/System.Embedded.1/Assembly"
            },
            "UpperThresholdNonCritical": null,
            "MemberId": "1",
            "PhysicalContext": "SystemBoard",
            "LowerThresholdCritical": 600,
            "FanName": "Fan2_1",
            "HotPluggable": null
        },
        {
            "PhysicalContext": "SystemBoard",
            "MinReadingRange": null,
            "SensorNumber": 58,
            "UpperThresholdFatal": null,
            "MaxReadingRange": null,
            "LowerThresholdCritical": 600,
            "LowerThresholdFatal": null,
            "RelatedItem@odata.count": 1,
            "HotPluggable": null,
            "UpperThresholdNonCritical": null,
            "FanName": "Fan3_1",
            "LowerThresholdNonCritical": 840,
            "Redundancy": [],
            "Assembly": {
                "@odata.id": "/redfish/v1/Chassis/System.Embedded.1/Assembly"
            },
            "Name": "Fan3_1",
            "UpperThresholdCritical": null,
            "@odata.id": "/redfish/v1/Chassis/System.Embedded.1/Thermal#/Fans/2",
            "Reading": 5100,
            "MemberId": "2",
            "ReadingUnits": "RPM",
            "RelatedItem": [
                {
                    "@odata.id": "/redfish/v1/Chassis/System.Embedded.1"
                }
            ],
            "Status": {
                "Health": "OK",
                "State": "Enabled"
            }
        },
        {
            "LowerThresholdNonCritical": 840,
            "ReadingUnits": "RPM",
            "Reading": 5160,
            "MinReadingRange": null,
            "MaxReadingRange": null,
            "Redundancy": [],
            "Status": {
                "Health": "OK",
                "State": "Enabled"
            },
            "LowerThresholdCritical": 600,
            "UpperThresholdFatal": null,
            "PhysicalContext": "SystemBoard",
            "SensorNumber": 59,
            "LowerThresholdFatal": null,
            "RelatedItem": [
                {
                    "@odata.id": "/redfish/v1/Chassis/System.Embedded.1"
                }
            ],
            "UpperThresholdCritical": null,
            "Name": "Fan4_1",
            "RelatedItem@odata.count": 1,
            "Assembly": {
                "@odata.id": "/redfish/v1/Chassis/System.Embedded.1/Assembly"
            },
            "MemberId": "3",
            "HotPluggable": null,
            "@odata.id": "/redfish/v1/Chassis/System.Embedded.1/Thermal#/Fans/3",
            "FanName": "Fan4_1",
            "UpperThresholdNonCritical": null
        },
        {
            "SensorNumber": 60,
            "MemberId": "4",
            "Assembly": {
                "@odata.id": "/redfish/v1/Chassis/System.Embedded.1/Assembly"
            },
            "Redundancy": [],
            "UpperThresholdCritical": null,
            "LowerThresholdFatal": null,
            "UpperThresholdFatal": null,
            "MinReadingRange": null,
            "Reading": 5160,
            "FanName": "Fan5_1",
            "ReadingUnits": "RPM",
            "PhysicalContext": "SystemBoard",
            "LowerThresholdCritical": 600,
            "LowerThresholdNonCritical": 840,
            "@odata.id": "/redfish/v1/Chassis/System.Embedded.1/Thermal#/Fans/4",
            "HotPluggable": null,
            "Name": "Fan5_1",
            "MaxReadingRange": null,
            "RelatedItem@odata.count": 1,
            "Status": {
                "Health": "OK",
                "State": "Enabled"
            },
            "RelatedItem": [
                {
                    "@odata.id": "/redfish/v1/Chassis/System.Embedded.1"
                }
            ],
            "UpperThresholdNonCritical": null
        },
        {
            "ReadingUnits": "RPM",
            "LowerThresholdNonCritical": 840,
            "Reading": 5220,
            "FanName": "Fan6_1",
            "Status": {
                "Health": "OK",
                "State": "Enabled"
            },
            "LowerThresholdFatal": null,
            "UpperThresholdFatal": null,
            "Name": "Fan6_1",
            "UpperThresholdNonCritical": null,
            "Assembly": {
                "@odata.id": "/redfish/v1/Chassis/System.Embedded.1/Assembly"
            },
            "UpperThresholdCritical": null,
            "SensorNumber": 61,
            "RelatedItem@odata.count": 1,
            "@odata.id": "/redfish/v1/Chassis/System.Embedded.1/Thermal#/Fans/5",
            "MinReadingRange": null,
            "MemberId": "5",
            "Redundancy": [],
            "LowerThresholdCritical": 600,
            "HotPluggable": null,
            "RelatedItem": [
                {
                    "@odata.id": "/redfish/v1/Chassis/System.Embedded.1"
                }
            ],
            "MaxReadingRange": null,
            "PhysicalContext": "SystemBoard"
        },
        {
            "Assembly": {
                "@odata.id": "/redfish/v1/Chassis/System.Embedded.1/Assembly"
            },
            "UpperThresholdNonCritical": null,
            "UpperThresholdCritical": null,
            "ReadingUnits": "RPM",
            "Status": {
                "State": "Enabled",
                "Health": "OK"
            },
            "MemberId": "6",
            "HotPluggable": null,
            "PhysicalContext": "SystemBoard",
            "LowerThresholdCritical": 600,
            "FanName": "Fan1_2",
            "MinReadingRange": null,
            "UpperThresholdFatal": null,
            "LowerThresholdFatal": null,
            "SensorNumber": 62,
            "@odata.id": "/redfish/v1/Chassis/System.Embedded.1/Thermal#/Fans/6",
            "RelatedItem@odata.count": 1,
            "Name": "Fan1_2",
            "RelatedItem": [
                {
                    "@odata.id": "/redfish/v1/Chassis/System.Embedded.1"
                }
            ],
            "Redundancy": [],
            "LowerThresholdNonCritical": 840,
            "Reading": 4110,
            "MaxReadingRange": null
        },
        {
            "RelatedItem": [
                {
                    "@odata.id": "/redfish/v1/Chassis/System.Embedded.1"
                }
            ],
            "Reading": 4080,
            "MinReadingRange": null,
            "@odata.id": "/redfish/v1/Chassis/System.Embedded.1/Thermal#/Fans/7",
            "FanName": "Fan2_2",
            "MaxReadingRange": null,
            "LowerThresholdFatal": null,
            "RelatedItem@odata.count": 1,
            "UpperThresholdCritical": null,
            "SensorNumber": 63,
            "LowerThresholdCritical": 600,
            "UpperThresholdFatal": null,
            "Name": "Fan2_2",
            "HotPluggable": null,
            "UpperThresholdNonCritical": null,
            "Assembly": {
                "@odata.id": "/redfish/v1/Chassis/System.Embedded.1/Assembly"
            },
            "Redundancy": [],
            "Status": {
                "State": "Enabled",
                "Health": "OK"
            },
            "ReadingUnits": "RPM",
            "LowerThresholdNonCritical": 840,
            "MemberId": "7",
            "PhysicalContext": "SystemBoard"
        },
        {
            "LowerThresholdNonCritical": 840,
            "UpperThresholdNonCritical": null,
            "UpperThresholdFatal": null,
            "RelatedItem": [
                {
                    "@odata.id": "/redfish/v1/Chassis/System.Embedded.1"
                }
            ],
            "Assembly": {
                "@odata.id": "/redfish/v1/Chassis/System.Embedded.1/Assembly"
            },
            "FanName": "Fan3_2",
            "RelatedItem@odata.count": 1,
            "MinReadingRange": null,
            "Reading": 4110,
            "@odata.id": "/redfish/v1/Chassis/System.Embedded.1/Thermal#/Fans/8",
            "LowerThresholdCritical": 600,
            "Redundancy": [],
            "LowerThresholdFatal": null,
            "PhysicalContext": "SystemBoard",
            "ReadingUnits": "RPM",
            "HotPluggable": null,
            "UpperThresholdCritical": null,
            "MaxReadingRange": null,
            "MemberId": "8",
            "SensorNumber": 64,
            "Name": "Fan3_2",
            "Status": {
                "State": "Enabled",
                "Health": "OK"
            }
        },
        {
            "MinReadingRange": null,
            "Redundancy": [],
            "FanName": "Fan4_2",
            "HotPluggable": null,
            "SensorNumber": 65,
            "MaxReadingRange": null,
            "RelatedItem@odata.count": 1,
            "Status": {
                "State": "Enabled",
                "Health": "OK"
            },
            "Assembly": {
                "@odata.id": "/redfish/v1/Chassis/System.Embedded.1/Assembly"
            },
            "LowerThresholdNonCritical": 840,
            "Reading": 4140,
            "MemberId": "9",
            "UpperThresholdCritical": null,
            "LowerThresholdFatal": null,
            "UpperThresholdFatal": null,
            "@odata.id": "/redfish/v1/Chassis/System.Embedded.1/Thermal#/Fans/9",
            "LowerThresholdCritical": 600,
            "PhysicalContext": "SystemBoard",
            "RelatedItem": [
                {
                    "@odata.id": "/redfish/v1/Chassis/System.Embedded.1"
                }
            ],
            "Name": "Fan4_2",
            "ReadingUnits": "RPM",
            "UpperThresholdNonCritical": null
        },
        {
            "Assembly": {
                "@odata.id": "/redfish/v1/Chassis/System.Embedded.1/Assembly"
            },
            "LowerThresholdFatal": null,
            "@odata.id": "/redfish/v1/Chassis/System.Embedded.1/Thermal#/Fans/10",
            "Name": "Fan5_2",
            "SensorNumber": 66,
            "Redundancy": [],
            "MinReadingRange": null,
            "RelatedItem@odata.count": 1,
            "Reading": 4200,
            "UpperThresholdNonCritical": null,
            "MemberId": "10",
            "FanName": "Fan5_2",
            "UpperThresholdFatal": null,
            "HotPluggable": null,
            "LowerThresholdCritical": 600,
            "ReadingUnits": "RPM",
            "PhysicalContext": "SystemBoard",
            "LowerThresholdNonCritical": 840,
            "MaxReadingRange": null,
            "Status": {
                "State": "Enabled",
                "Health": "OK"
            },
            "RelatedItem": [
                {
                    "@odata.id": "/redfish/v1/Chassis/System.Embedded.1"
                }
            ],
            "UpperThresholdCritical": null
        },
        {
            "Status": {
                "State": "Enabled",
                "Health": "OK"
            },
            "LowerThresholdNonCritical": 840,
            "@odata.id": "/redfish/v1/Chassis/System.Embedded.1/Thermal#/Fans/11",
            "MemberId": "11",
            "SensorNumber": 67,
            "PhysicalContext": "SystemBoard",
            "RelatedItem": [
                {
                    "@odata.id": "/redfish/v1/Chassis/System.Embedded.1"
                }
            ],
            "UpperThresholdFatal": null,
            "MinReadingRange": null,
            "Redundancy": [],
            "RelatedItem@odata.count": 1,
            "HotPluggable": null,
            "Reading": 4110,
            "ReadingUnits": "RPM",
            "MaxReadingRange": null,
            "UpperThresholdCritical": null,
            "FanName": "Fan6_2",
            "LowerThresholdCritical": 600,
            "UpperThresholdNonCritical": null,
            "Assembly": {
                "@odata.id": "/redfish/v1/Chassis/System.Embedded.1/Assembly"
            },
            "LowerThresholdFatal": null,
            "Name": "Fan6_2"
        }
    ],
    "Fans@odata.count": 12,
    "Redundancy": [],
    "Temperatures": [
        {
            "PhysicalContext": "CPU",
            "LowerThresholdFatal": null,
            "Name": "CPU0 Temp",
            "LowerThresholdNonCritical": null,
            "SensorNumber": 1,
            "UpperThresholdCritical": 104,
            "MaxReadingRangeTemp": null,
            "UpperThresholdFatal": null,
            "@odata.id": "/redfish/v1/Chassis/System.Embedded.1/Thermal#/Temperatures/0",
            "UpperThresholdNonCritical": null,
            "Status": {
                "State": "Enabled",
                "Health": "OK"
            },
            "RelatedItem@odata.count": 1,
            "ReadingCelsius": 47.8,
            "MemberId": "0",
            "LowerThresholdCritical": 3,
            "MinReadingRangeTemp": null,
            "RelatedItem": [
                {
                    "@odata.id": "/redfish/v1/Chassis/System.Embedded.1"
                }
            ]
        },
        {
            "Status": {
                "Health": "OK",
                "State": "Enabled"
            },
            "SensorNumber": 2,
            "ReadingCelsius": 43.5,
            "RelatedItem@odata.count": 1,
            "MinReadingRangeTemp": null,
            "LowerThresholdFatal": null,
            "UpperThresholdNonCritical": null,
            "PhysicalContext": "CPU",
            "RelatedItem": [
                {
                    "@odata.id": "/redfish/v1/Chassis/System.Embedded.1"
                }
            ],
            "UpperThresholdCritical": 104,
            "Name": "CPU1 Temp",
            "MemberId": "1",
            "UpperThresholdFatal": null,
            "LowerThresholdCritical": 3,
            "@odata.id": "/redfish/v1/Chassis/System.Embedded.1/Thermal#/Temperatures/1",
            "MaxReadingRangeTemp": null,
            "LowerThresholdNonCritical": null
        },
        {
            "ReadingCelsius": 25,
            "UpperThresholdFatal": null,
            "LowerThresholdCritical": -7,
            "Name": "System Board Inlet Temp",
            "@odata.id": "/redfish/v1/Chassis/System.Embedded.1/Thermal#/Temperatures/2",
            "LowerThresholdFatal": null,
            "PhysicalContext": "SystemBoard",
            "UpperThresholdCritical": 47,
            "LowerThresholdNonCritical": 3,
            "SensorNumber": 5,
            "MemberId": "2",
            "RelatedItem": [
                {
                    "@odata.id": "/redfish/v1/Chassis/System.Embedded.1"
                }
            ],
            "MaxReadingRangeTemp": null,
            "RelatedItem@odata.count": 1,
            "UpperThresholdNonCritical": 43,
            "MinReadingRangeTemp": null,
            "Status": {
                "State": "Enabled",
                "Health": "OK"
            }
        },
        {
            "MemberId": "3",
            "LowerThresholdFatal": null,
            "ReadingCelsius": 36,
            "PhysicalContext": "SystemBoard",
            "MaxReadingRangeTemp": null,
            "RelatedItem@odata.count": 1,
            "Name": "System Board Exhaust Temp",
            "UpperThresholdFatal": null,
            "UpperThresholdNonCritical": 70,
            "LowerThresholdCritical": 3,
            "UpperThresholdCritical": 75,
            "LowerThresholdNonCritical": 8,
            "MinReadingRangeTemp": null,
            "@odata.id": "/redfish/v1/Chassis/System.Embedded.1/Thermal#/Temperatures/3",
            "SensorNumber": 6,
            "RelatedItem": [
                {
                    "@odata.id": "/redfish/v1/Chassis/System.Embedded.1"
                }
            ],
            "Status": {
                "Health": "OK",
                "State": "Enabled"
            }
        }
    ],
    "Temperatures@odata.count": 4,
    "@odata.type": "#Thermal.v1_7_3.Thermal"
}