{
    "Messages": [
        {
            "Message": "Job completed successfully.",
            "MessageArgs": [],
            "MessageArgs@odata.count": 1,
            "MessageId": "IDRAC.2.14.PR19"
        }
    ],
    "Messages@odata.count": 1,
    "Oem": {
        "Dell": {
            "OemJobState": "Completed",
            "UntilTime": "TIME_NA",
            "@odata.context": "/redfish/v1/$metadata#DellOemJob.DellOemJob",
            "@odata.type": "#DellOemJob.v1_0_0.DellOemJob",
            "ActualRunningStartTime": "2025-11-06T12:20:36",
            "ActualRunningStopTime": "2025-11-06T12:29:29",
            "JobType": "FirmwareUpdate"
        }
    },
    "@odata.id": "/redfish/v1/JobService/Jobs/JID_624531430302",
    "@odata.type": "#Job.v1_2_4.Job",
    "JobState": "Completed",
    "EndTime": "2025-11-06T12:29:29-06:00",
    "Id": "JID_624531430302",
    "StartTime": "2025-11-06T12:19:03-06:00",
    "JobStatus": "OK",
    "Description": "Represent a job in Redfish",
    "@odata.etag": "W/\"gen-2\"",
    "MaxExecutionTime": "PT2H",
    "@odata.context": "/redfish/v1/$metadata#Job.Job",
    "Name": "Firmware Update: iDRAC with Lifecycle Controller",
    "PercentComplete": 100
}