{
    "Reading": 25,
    "Status": {
        "Health": "OK",
        "State": "Enabled"
    },
    "Oem": {
        "Dell": {
            "PossibleStates": [
                "Unknown",
                "Fatal",
                "Normal",
                "Upper Fatal",
                "Upper Critical",
                "Upper Non-Critical",
                "Lower Non-Critical",
                "Lower Critical",
                "Lower Fatal"
            ],
            "PossibleStates@odata.count": 9,
            "@odata.type": "#DellOemSensor.v1_1_0.DellOemSensor",
            "@odata.context": "/redfish/v1/$metadata#DellOemSensor.DellOemSensor",
            "TotalOperationalDuration": null,
            "DeviceID": "iDRAC.Embedded.1#SystemBoardInletTemp",
            "DurationInCriticalThresholdPercent": null,
            "DurationInWarningThresholdPercent": null,
            "PeakReadings": {
                "LastWeek": {
                    "Reading": null,
                    "ReadingTime": null
                },
                "LastYear": {
                    "Reading": null,
                    "ReadingTime": null
                },
                "LastDay": {
                    "ReadingTime": null,
                    "Reading": null
                },
                "LastHour": {
                    "ReadingTime": null,
                    "Reading": null
                },
                "LastMonth": {
                    "Reading": null,
                    "ReadingTime": null
                }
            },
            "RequestedState": "NotApplicable",
            "CurrentState": "Normal",
            "AverageReadings": {
                "LastWeek": {
                    "AveragingIntervalAchieved": true,
                    "Reading": null
                },
                "LastYear": {
                    "AveragingIntervalAchieved": true,
                    "Reading": null
                },
                "LastDay": {
                    "Reading": null,
                    "AveragingIntervalAchieved": true
                },
                "LastHour": {
                    "Reading": null,
                    "AveragingIntervalAchieved": true
                },
                "LastMonth": {
                    "AveragingIntervalAchieved": true,
                    "Reading": null
                }
            }
        }
    },
    "Name": "System Board Inlet Temp",
    "@odata.type": "#Sensor.v1_9_0.Sensor",
    "ReadingBasis": "Zero",
    "@odata.id": "/redfish/v1/Chassis/System.Embedded.1/Sensors/SystemBoardInletTemp",
    "ReadingType": "Temperature",
    "@odata.etag": "\"W/'gen-30'\"",
    "ReadingRangeMax": 47,
    "Description": "Instance of Sensor Id",
    "PhysicalContext": "SystemBoard",
    "ReadingUnits": "Cel",
    "Id": "SystemBoardInletTemp",
    "@odata.context": "/redfish/v1/$metadata#Sensor.Sensor",
    "Thresholds": {
        "LowerCautionUser": {
            "Reading": 3
        },
        "LowerCritical": {
            "Reading": -7
        },
        "UpperCaution": {
            "Reading": 43
        },
        "UpperCautionUser": {
            "Reading": 43
        },
        "UpperCritical": {
            "Reading": 47
        },
        "LowerCaution": {
            "Reading": 3
        }
    },
    "ReadingRangeMin": -7
}