{
    "@odata.id": "/redfish/v1/Chassis/System.Embedded.1/Oem/Dell/DellAssembly/RSR.Integrated.13_0x23_FRU",
    "Description": "This resource shall be used to represent an assembly information.",
    "Name": "DellAssembly",
    "@odata.type": "#DellAssembly.v1_1_0.DellAssembly",
    "DeviceFQDD": "RSR.Integrated.13",
    "Id": "RSR.Integrated.13_0x23_FRU",
    "PackageType": "Module/Card",
    "SerialNumber": "",
    "@odata.context": "/redfish/v1/$metadata#DellAssembly.DellAssembly",
    "@odata.etag": "\"W/'gen-1'\""
}