{
    "@odata.id": "/redfish/v1/AccountService/Roles",
    "@odata.etag": "\"W/'gen-4'\"",
    "Description": "Roles Collection",
    "Members": [
        {
            "@odata.id": "/redfish/v1/AccountService/Roles/Operator"
        },
        {
            "@odata.id": "/redfish/v1/AccountService/Roles/ReadOnly"
        },
        {
            "@odata.id": "/redfish/v1/AccountService/Roles/Administrator"
        }
    ],
    "Members@odata.count": 3,
    "Name": "Roles Collection",
    "@odata.context": "/redfish/v1/$metadata#RoleCollection.RoleCollection",
    "@odata.type": "#RoleCollection.RoleCollection"
}