{
    "@odata.context": "/redfish/v1/$metadata#PCIeDevice.PCIeDevice",
    "@odata.etag": "\"1706632776\"",
    "@odata.id": "/redfish/v1/Chassis/System.Embedded.1/PCIeDevices/101-0",
    "@odata.type": "#PCIeDevice.v1_11_1.PCIeDevice",
    "AssetTag": null,
    "Description": "PERC H745 Front",
    "DeviceType": "SingleFunction",
    "FirmwareVersion": "51.16.0-5150",
    "Id": "101-0",
    "Links": {
        "Chassis": [
            {
                "@odata.id": "/redfish/v1/Chassis/System.Embedded.1"
            }
        ],
        "Chassis@odata.count": 1,
        "Oem": {
            "Dell": {
                "@odata.type": "#DellOem.v1_3_0.DellOemLinks",
                "CPUAffinity": [
                    {
                        "@odata.id": "/redfish/v1/Systems/System.Embedded.1/Processors/CPU.Socket.1"
                    }
                ],
                "CPUAffinity@odata.count": 1
            }
        },
        "PCIeFunctions": [
            {
                "@odata.id": "/redfish/v1/Chassis/System.Embedded.1/PCIeDevices/101-0/PCIeFunctions/101-0-0"
            }
        ],
        "PCIeFunctions@odata.count": 1,
        "PCIeFunctions@Redfish.Deprecated": "Please migrate to PCIeFunctions property in the root resource."
    },
    "Manufacturer": "Broadcom / LSI",
    "Model": "Dell Storage Cntlr. H745 Front",
    "Name": "PERC H745 Front",
    "PartNumber": "0JT47Y",
    "SKU": null,
    "SerialNumber": "CNIVC0013I0548",
    "Slot": {},
    "Status": {
        "State": "Enabled",
        "Health": "OK",
        "HealthRollup": "OK"
    },
    "PCIeFunctions": {
        "@odata.id": "/redfish/v1/Chassis/System.Embedded.1/PCIeDevices/101-0/PCIeFunctions"
    }
}