{
    "@odata.context": "/redfish/v1/$metadata#JsonSchemaFile.JsonSchemaFile",
    "@odata.id": "/redfish/v1/JsonSchemas/DataStorageLoSCapabilities.v1_2_2",
    "@odata.type": "#JsonSchemaFile.v1_1_5.JsonSchemaFile",
    "Description": "DataStorageLoSCapabilities Schema File Location",
    "Id": "DataStorageLoSCapabilities.v1_2_2",
    "Languages": [
        "en"
    ],
    "Languages@odata.count": 1,
    "Location": [
        {
            "Language": "en",
            "PublicationUri": "http://redfish.dmtf.org/schemas/swordfish/v1/DataStorageLoSCapabilities.v1_2_2.json",
            "Uri": "/redfish/v1/Schemas/DataStorageLoSCapabilities.v1_2_2.json"
        }
    ],
    "Location@odata.count": 1,
    "Name": "DataStorageLoSCapabilities Schema File",
    "Schema": "#DataStorageLoSCapabilities.v1_2_2.DataStorageLoSCapabilities"
}