{
    "@odata.context": "/redfish/v1/$metadata#JsonSchemaFile.JsonSchemaFile",
    "@odata.id": "/redfish/v1/JsonSchemas/DellD4DReportCollection",
    "@odata.type": "#JsonSchemaFile.v1_1_5.JsonSchemaFile",
    "Description": "DellD4DReportCollection Schema File Location",
    "Id": "DellD4DReportCollection",
    "Languages": [
        "en"
    ],
    "Languages@odata.count": 1,
    "Location": [
        {
            "Language": "en",
            "PublicationUri": "http://downloads.dell.com/redfish/bmc/schemas/DellD4DReportCollection.json",
            "Uri": "/redfish/v1/Schemas/DellD4DReportCollection.json"
        }
    ],
    "Location@odata.count": 1,
    "Name": "DellD4DReportCollection Schema File",
    "Schema": "#DellD4DReportCollection.DellD4DReportCollection"
}