{
    "@odata.context": "/redfish/v1/$metadata#Job.Job",
    "@odata.id": "/redfish/v1/JobService/Jobs/RID_061235823657",
    "@odata.type": "#Job.v1_2_1.Job",
    "Description": "Represent a job in Redfish",
    "Id": "RID_061235823657",
    "Name": "Reboot3",
    "JobState": "Completed",
    "JobStatus": "OK",
    "PercentComplete": 100,
    "StartTime": "2024-01-24T13:13:02-06:00",
    "EndTime": "2024-01-24T13:13:44-06:00",
    "Messages": [
        {
            "Message": "Reboot is complete.",
            "MessageId": "IDRAC.2.9.RED030",
            "MessageArgs": [],
            "MessageArgs@odata.count": 0
        }
    ],
    "Messages@odata.count": 1
}