{
    "SubsystemId": "0x22c2",
    "Description": "DC NVMe CD8P E3.S 1.92TB",
    "VendorId": "0x1e0f",
    "Enabled": true,
    "FunctionType": "Physical",
    "Id": "0-51-0-0",
    "Oem": {
        "Dell": {
            "@odata.context": "/redfish/v1/$metadata#DellChassisPCIeFunction.DellChassisPCIeFunction",
            "@odata.type": "#DellChassisPCIeFunction.v1_1_0.DellPCIeFunction",
            "DellPCIeFunction": {
                "LastUpdateTime": "2025-11-06T17:28:45+00:00",
                "SlotLength": "ShortLength",
                "SlotType": "EDSFFE3",
                "DataBusWidth": "2XOrX2",
                "Id": "Disk.Bay.0:Enclosure.Internal.0-1",
                "LastSystemInventoryTime": "2025-11-06T19:28:47+00:00"
            }
        }
    },
    "FunctionId": 0,
    "Status": {
        "Health": "OK",
        "HealthRollup": "OK",
        "State": "Enabled"
    },
    "Name": "DC NVMe CD8P E3.S 1.92TB",
    "FunctionNumber": "0x0",
    "BusNumber": "0x33",
    "ClassCode": "0x000001",
    "@odata.type": "#PCIeFunction.v1_6_0.PCIeFunction",
    "DeviceClass": "MassStorageController",
    "SegmentNumber": "0x0000",
    "SubsystemVendorId": "0x1028",
    "@odata.id": "/redfish/v1/Chassis/System.Embedded.1/PCIeDevices/0-51-0/PCIeFunctions/0-51-0-0",
    "@odata.context": "/redfish/v1/$metadata#PCIeFunction.PCIeFunction",
    "DeviceId": "0x002c",
    "RevisionId": "0x01",
    "@odata.etag": "W/\"gen-4\"",
    "DeviceNumber": "0x00",
    "FunctionProtocol": "PCIe",
    "Links": {
        "MemoryDomains": [],
        "MemoryDomains@odata.count": 0,
        "PCIeDevice": {
            "@odata.id": "/redfish/v1/Chassis/System.Embedded.1/PCIeDevices/0-51-0"
        },
        "Drives": [
            {
                "@odata.id": "/redfish/v1/Systems/System.Embedded.1/Storage/CPU.1/Drives/Disk.Bay.0_Enclosure.Internal.0-1"
            }
        ],
        "Drives@odata.count": 1
    }
}