{
    "Name": "User Role",
    "Id": "Administrator",
    "RoleId": "Administrator",
    "IsPredefined": true,
    "Description": "Administrator User Role",
    "@odata.context": "/redfish/v1/$metadata#Role.Role",
    "@odata.etag": "\"W/'gen-1'\"",
    "AssignedPrivileges": [
        "ConfigureComponents",
        "ConfigureManager",
        "ConfigureSelf",
        "ConfigureUsers",
        "Login"
    ],
    "AssignedPrivileges@odata.count": 5,
    "OemPrivileges": [
        "AccessVirtualConsole",
        "AccessVirtualMedia",
        "ClearLogs",
        "ExecuteDebugCommands",
        "TestAlerts"
    ],
    "OemPrivileges@odata.count": 5,
    "@odata.id": "/redfish/v1/AccountService/Roles/Administrator",
    "@odata.type": "#Role.v1_3_2.Role"
}