{
    "@odata.context": "/redfish/v1/$metadata#DellPCIeSSDBackPlane.DellPCIeSSDBackPlane",
    "@odata.id": "/redfish/v1/Chassis/Enclosure.Internal.0-1/Oem/Dell/DellPCIeSSDBackPlanes/Enclosure.Internal.0-1",
    "@odata.type": "#DellPCIeSSDBackPlane.v1_3_0.DellPCIeSSDBackPlane",
    "Description": "An instance of DellPCIeSSDBackPlane will have PCIeSSD back plane specific data.",
    "FirmwareVersion": "7.10",
    "Id": "Enclosure.Internal.0-1",
    "Name": "DellPCIeSSDBackPlane",
    "PCIExpressGeneration": "Gen 4",
    "SlotCount": 6,
    "WiredOrder": 1
}