{
    "@odata.context": "/redfish/v1/$metadata#PCIeFunction.PCIeFunction",
    "ClassCode": "0x000006",
    "RevisionId": "0x00",
    "DeviceNumber": "0x19",
    "FunctionProtocol": "PCIe",
    "Links": {
        "MemoryDomains": [],
        "MemoryDomains@odata.count": 0,
        "PCIeDevice": {
            "@odata.id": "/redfish/v1/Chassis/System.Embedded.1/PCIeDevices/0-0-25"
        },
        "Drives": [],
        "Drives@odata.count": 0
    },
    "@odata.type": "#PCIeFunction.v1_6_0.PCIeFunction",
    "Oem": {
        "Dell": {
            "@odata.type": "#DellChassisPCIeFunction.v1_1_0.DellPCIeFunction",
            "DellPCIeFunction": {
                "DataBusWidth": "Unknown",
                "Id": "HostBridge.Embedded.1-20",
                "LastSystemInventoryTime": "2025-11-06T19:28:47+00:00",
                "LastUpdateTime": "2025-11-06T17:28:45+00:00",
                "SlotLength": "Unknown",
                "SlotType": "Unknown"
            },
            "@odata.context": "/redfish/v1/$metadata#DellChassisPCIeFunction.DellChassisPCIeFunction"
        }
    },
    "SegmentNumber": "0x0000",
    "DeviceId": "0x12c4",
    "Name": "Turin Data Fabric; Function 4",
    "Enabled": true,
    "FunctionId": 4,
    "SubsystemId": "0x0000",
    "Status": {
        "Health": "OK",
        "HealthRollup": "OK",
        "State": "Enabled"
    },
    "FunctionNumber": "0x4",
    "SubsystemVendorId": "0x0000",
    "@odata.etag": "W/\"gen-3\"",
    "@odata.id": "/redfish/v1/Chassis/System.Embedded.1/PCIeDevices/0-0-25/PCIeFunctions/0-0-25-4",
    "VendorId": "0x1022",
    "DeviceClass": "Bridge",
    "BusNumber": "0x00",
    "Description": "Turin Data Fabric; Function 4",
    "FunctionType": "Physical",
    "Id": "0-0-25-4"
}