{
    "@odata.context": "/redfish/v1/$metadata#JsonSchemaFile.JsonSchemaFile",
    "@odata.id": "/redfish/v1/JsonSchemas/CXLLogicalDeviceCollection",
    "@odata.type": "#JsonSchemaFile.v1_1_4.JsonSchemaFile",
    "Description": "CXLLogicalDeviceCollection Schema File Location",
    "Id": "CXLLogicalDeviceCollection",
    "Languages": [
        "en"
    ],
    "Languages@odata.count": 1,
    "Location": [
        {
            "Language": "en",
            "PublicationUri": "http://redfish.dmtf.org/schemas/v1/CXLLogicalDeviceCollection.json",
            "Uri": "/redfish/v1/Schemas/CXLLogicalDeviceCollection.json"
        }
    ],
    "Location@odata.count": 1,
    "Name": "CXLLogicalDeviceCollection Schema File",
    "Schema": "#CXLLogicalDeviceCollection.CXLLogicalDeviceCollection"
}