{
    "Status": {
        "State": "Enabled",
        "Health": "OK"
    },
    "ReadingType": "Temperature",
    "ReadingUnits": "Cel",
    "ReadingRangeMin": 0,
    "ReadingRangeMax": 108,
    "Id": "NIC.Slot.10_sensorid_300",
    "ReadingBasis": "Zero",
    "@odata.etag": "W/\"gen-664\"",
    "Oem": {
        "Dell": {
            "PossibleStates@odata.count": 9,
            "RequestedState": "NotApplicable",
            "CurrentState": "Normal",
            "DeviceID": "NIC.Slot.10#sensorid_300",
            "@odata.context": "/redfish/v1/$metadata#DellOemSensor.DellOemSensor",
            "@odata.type": "#DellOemSensor.v1_2_0.DellOemSensor",
            "PossibleStates": [
                "Unknown",
                "Fatal",
                "Normal",
                "Upper Fatal",
                "Upper Critical",
                "Upper Non-Critical",
                "Lower Non-Critical",
                "Lower Critical",
                "Lower Fatal"
            ]
        }
    },
    "@odata.id": "/redfish/v1/Chassis/System.Embedded.1/Sensors/NIC.Slot.10_sensorid_300",
    "PhysicalContext": "NetworkingDevice",
    "Name": "Temperature Sensor 300",
    "Reading": 38,
    "@odata.type": "#Sensor.v1_10_1.Sensor",
    "Thresholds": {
        "UpperCaution": {
            "Reading": 100
        },
        "UpperCritical": {
            "Reading": 108
        },
        "LowerCaution": {
            "Reading": 0
        },
        "LowerCritical": {
            "Reading": 0
        }
    },
    "Description": "Instance of Sensor Id",
    "@odata.context": "/redfish/v1/$metadata#Sensor.Sensor"
}