{
    "@odata.context": "/redfish/v1/$metadata#PCIeFunction.PCIeFunction",
    "@odata.etag": "\"1706632780\"",
    "@odata.type": "#PCIeFunction.v1_5_0.PCIeFunction",
    "@odata.id": "/redfish/v1/Chassis/System.Embedded.1/PCIeDevices/0-31/PCIeFunctions/0-31-4",
    "ClassCode": "0x0c0500",
    "Description": "C620 Series Chipset Family SMBus",
    "DeviceClass": "SerialBusController",
    "DeviceId": "0xa1a3",
    "Enabled": true,
    "FunctionId": 4,
    "FunctionType": "Physical",
    "Id": "0-31-4",
    "Links": {
        "StorageControllers": [],
        "StorageControllers@odata.count": 0,
        "Drives": [],
        "Drives@odata.count": 0,
        "EthernetInterfaces": [],
        "EthernetInterfaces@odata.count": 0,
        "PCIeDevice": {
            "@odata.id": "/redfish/v1/Chassis/System.Embedded.1/PCIeDevices/0-31"
        }
    },
    "Name": "C620 Series Chipset Family SMBus",
    "Oem": {
        "Dell": {
            "@odata.type": "#DellChassisPCIeFunction.v1_1_0.DellPCIeFunction",
            "DellPCIeFunction": {
                "DataBusWidth": "Unknown",
                "LastSystemInventoryTime": "2024-01-30T16:38:56+00:00",
                "LastUpdateTime": "2024-01-30T16:38:54+00:00",
                "SlotLength": "Unknown",
                "SlotType": "Unknown",
                "Id": "SMBus.Embedded.3-1"
            }
        }
    },
    "RevisionId": "0x0a",
    "Status": {
        "State": "Enabled",
        "Health": "OK",
        "HealthRollup": "OK"
    },
    "SubsystemId": "0x0912",
    "SubsystemVendorId": "0x1028",
    "VendorId": "0x8086"
}