{
    "@odata.context": "/redfish/v1/$metadata#JsonSchemaFile.JsonSchemaFile",
    "@odata.id": "/redfish/v1/JsonSchemas/DellEnclosureTemperatureSensorCollection",
    "@odata.type": "#JsonSchemaFile.v1_1_4.JsonSchemaFile",
    "Description": "DellEnclosureTemperatureSensorCollection Schema File Location",
    "Id": "DellEnclosureTemperatureSensorCollection",
    "Languages": [
        "en"
    ],
    "Languages@odata.count": 1,
    "Location": [
        {
            "Language": "en",
            "PublicationUri": "http://downloads.dell.com/redfish/bmc/schemas/DellEnclosureTemperatureSensorCollection.json",
            "Uri": "/redfish/v1/Schemas/DellEnclosureTemperatureSensorCollection.json"
        }
    ],
    "Location@odata.count": 1,
    "Name": "DellEnclosureTemperatureSensorCollection Schema File",
    "Schema": "#DellEnclosureTemperatureSensorCollection.DellEnclosureTemperatureSensorCollection"
}