{
    "Description": "A collection of DellPowerSupply resource",
    "Members": [
        {
            "IsSwitchingSupply": true,
            "OperationalStatus": [
                "OK"
            ],
            "OperationalStatus@odata.count": 1,
            "@odata.etag": "\"W/'gen-3'\"",
            "Name": "DellPowerSupply",
            "@odata.context": "/redfish/v1/$metadata#DellPowerSupply.DellPowerSupply",
            "Description": "An instance of DellPowerSupply will have data specific to the Power Supply devices in the managed system.",
            "@odata.type": "#DellPowerSupply.v1_1_1.DellPowerSupply",
            "Id": "PSU.Slot.1",
            "RequestedState": "NotApplicable",
            "Links": {
                "DellPSNumericSensorCollection": [
                    {
                        "@odata.id": "/redfish/v1/Systems/System.Embedded.1/Oem/Dell/DellPSNumericSensors/iDRAC.Embedded.1_0x23_PS1Current1"
                    }
                ],
                "DellPSNumericSensorCollection@odata.count": 1
            },
            "@odata.id": "/redfish/v1/Chassis/System.Embedded.1/PowerSubsystem/Oem/Dell/DellPowerSupply/PSU.Slot.1"
        },
        {
            "Description": "An instance of DellPowerSupply will have data specific to the Power Supply devices in the managed system.",
            "Links": {
                "DellPSNumericSensorCollection": [
                    {
                        "@odata.id": "/redfish/v1/Systems/System.Embedded.1/Oem/Dell/DellPSNumericSensors/iDRAC.Embedded.1_0x23_PS2Current2"
                    }
                ],
                "DellPSNumericSensorCollection@odata.count": 1
            },
            "OperationalStatus": [
                "OK"
            ],
            "OperationalStatus@odata.count": 1,
            "@odata.context": "/redfish/v1/$metadata#DellPowerSupply.DellPowerSupply",
            "@odata.type": "#DellPowerSupply.v1_1_1.DellPowerSupply",
            "@odata.etag": "\"W/'gen-2'\"",
            "IsSwitchingSupply": true,
            "RequestedState": "NotApplicable",
            "@odata.id": "/redfish/v1/Chassis/System.Embedded.1/PowerSubsystem/Oem/Dell/DellPowerSupply/PSU.Slot.2",
            "Name": "DellPowerSupply",
            "Id": "PSU.Slot.2"
        }
    ],
    "Members@odata.count": 2,
    "Name": "DellPowerSupplyCollection",
    "@odata.context": "/redfish/v1/$metadata#DellPowerSupplyCollection.DellPowerSupplyCollection",
    "@odata.id": "/redfish/v1/Chassis/System.Embedded.1/PowerSubsystem/Oem/Dell/DellPowerSupply",
    "@odata.etag": "\"W/'gen-1'\"",
    "@odata.type": "#DellPowerSupplyCollection.DellPowerSupplyCollection"
}