{
    "@odata.context": "/redfish/v1/$metadata#Sensor.Sensor",
    "Reading": 0,
    "@odata.id": "/redfish/v1/Chassis/System.Embedded.1/Sensors/NIC.Slot.10-1_sensorid_500",
    "ReadingRangeMax": 0,
    "ReadingType": "Temperature",
    "Oem": {
        "Dell": {
            "PossibleStates": [
                "Unknown",
                "Fatal",
                "Normal",
                "Upper Fatal",
                "Upper Critical",
                "Upper Non-Critical",
                "Lower Non-Critical",
                "Lower Critical",
                "Lower Fatal"
            ],
            "PossibleStates@odata.count": 9,
            "RequestedState": "NotApplicable",
            "CurrentState": "Unknown",
            "DeviceID": "NIC.Slot.10-1#sensorid_500",
            "@odata.context": "/redfish/v1/$metadata#DellOemSensor.DellOemSensor",
            "@odata.type": "#DellOemSensor.v1_2_0.DellOemSensor"
        }
    },
    "Status": {
        "Health": null,
        "State": null
    },
    "Thresholds": {
        "LowerCaution": {
            "Reading": 0
        },
        "LowerCritical": {
            "Reading": 0
        },
        "UpperCaution": {
            "Reading": 0
        },
        "UpperCritical": {
            "Reading": 0
        }
    },
    "@odata.type": "#Sensor.v1_10_1.Sensor",
    "@odata.etag": "W/\"gen-2\"",
    "Description": "Instance of Sensor Id",
    "ReadingBasis": "Zero",
    "ReadingUnits": "Cel",
    "PhysicalContext": "NetworkingDevice",
    "ReadingRangeMin": 0,
    "Id": "NIC.Slot.10-1_sensorid_500",
    "Name": "Temperature Sensor 500"
}