{
    "@odata.type": "#Fan.v1_4_0.Fan",
    "Id": "Fan.Embedded.3A",
    "Name": "Fan 3A",
    "Description": "Represents fan properties of the chassis",
    "Status": {
        "Health": "OK",
        "State": "Enabled"
    },
    "PhysicalContext": "SystemBoard",
    "HotPluggable": true,
    "SpeedPercent": {
        "SpeedRPM": 11760
    },
    "Location": {
        "PartLocation": {
            "ServiceLabel": "System Board Fan3A",
            "LocationType": "Bay"
        }
    },
    "Oem": {
        "Dell": {
            "@odata.type": "#DellFan.v1_0_0.DellFan",
            "FanType": "Standard",
            "FanPWM": 50
        }
    },
    "@odata.id": "/redfish/v1/Chassis/System.Embedded.1/ThermalSubsystem/Fans/Fan.Embedded.3A",
    "@odata.context": "/redfish/v1/$metadata#Fan.Fan"
}