{
    "Description": "Power Supply 1 Output Power",
    "Name": "OutputPowerSensor",
    "PhysicalContext": "PowerSupply",
    "ReadingUnits": "W",
    "Id": "PSU.Slot.1_OutputPower",
    "Reading": 163.5,
    "@odata.id": "/redfish/v1/Chassis/System.Embedded.1/Sensors/PSU.Slot.1_OutputPower",
    "@odata.context": "/redfish/v1/$metadata#Sensor.Sensor",
    "ReadingBasis": "Zero",
    "ReadingType": "Power",
    "Status": {
        "Health": "OK",
        "State": "Enabled"
    },
    "@odata.type": "#Sensor.v1_10_1.Sensor",
    "@odata.etag": "W/\"gen-763\""
}