{
    "Name": "Cooling controller 1",
    "Links": {
        "Fans": [
            {
                "@odata.id": "/redfish/v1/Chassis/System.Embedded.1/ThermalSubsystem/Fans/CoolingController.1.Fan3"
            },
            {
                "@odata.id": "/redfish/v1/Chassis/System.Embedded.1/ThermalSubsystem/Fans/CoolingController.1.Fan6"
            },
            {
                "@odata.id": "/redfish/v1/Chassis/System.Embedded.1/ThermalSubsystem/Fans/CoolingController.1.Fan4"
            },
            {
                "@odata.id": "/redfish/v1/Chassis/System.Embedded.1/ThermalSubsystem/Fans/CoolingController.1.Fan2"
            },
            {
                "@odata.id": "/redfish/v1/Chassis/System.Embedded.1/ThermalSubsystem/Fans/CoolingController.1.Fan1"
            },
            {
                "@odata.id": "/redfish/v1/Chassis/System.Embedded.1/ThermalSubsystem/Fans/CoolingController.1.Fan5"
            }
        ],
        "Fans@odata.count": 6
    },
    "@odata.context": "/redfish/v1/$metadata#DellFanBoard.DellFanBoard",
    "@odata.id": "/redfish/v1/Chassis/System.Embedded.1/ThermalSubsystem/Oem/Dell/DellFanBoards/CoolingController.Integrated.1",
    "Description": "Represents the properties of a Fan Board in the Chassis.",
    "Location": {
        "PartLocation": {
            "LocationType": "Slot",
            "LocationOrdinalValue": 1
        }
    },
    "FirmwareVersion": "24.04.05.00",
    "Status": {
        "Health": "OK"
    },
    "@odata.etag": "W/\"gen-2\"",
    "@odata.type": "#DellFanBoard.v1_0_0.DellFanBoard",
    "Id": "CoolingController.Integrated.1"
}