{
    "@odata.id": "/redfish/v1/JobService/Jobs/JID_401008058009",
    "Name": "SupportAssist Collection",
    "Oem": {
        "Dell": {
            "@odata.context": "/redfish/v1/$metadata#DellOemJob.DellOemJob",
            "@odata.type": "#DellOemJob.v1_0_0.DellOemJob",
            "ActualRunningStartTime": "2025-02-20T19:20:05",
            "ActualRunningStopTime": "2025-02-20T19:20:07",
            "JobType": "SAExportHealthData",
            "OemJobState": "Completed",
            "UntilTime": null
        }
    },
    "PercentComplete": 100,
    "@odata.context": "/redfish/v1/$metadata#Job.Job",
    "MaxExecutionTime": "PT2H",
    "Id": "JID_401008058009",
    "Description": "Represent a job in Redfish",
    "JobState": "Completed",
    "@odata.type": "#Job.v1_2_4.Job",
    "Messages": [
        {
            "Message": "The SupportAssist Transmission Operation is completed successfully.",
            "MessageArgs": [],
            "MessageArgs@odata.count": 0,
            "MessageId": "IDRAC.2.9.SRV088"
        }
    ],
    "Messages@odata.count": 1,
    "EndTime": "2025-02-20T19:20:07-06:00",
    "StartTime": "2025-02-20T19:20:05-06:00",
    "@odata.etag": "\"W/'gen-15'\"",
    "JobStatus": "OK"
}