{
    "@odata.context": "/redfish/v1/$metadata#DellEnclosureCollection.DellEnclosureCollection",
    "@odata.id": "/redfish/v1/Chassis/System.Embedded.1/Oem/Dell/DellEnclosures",
    "@odata.type": "#DellEnclosureCollection.DellEnclosureCollection",
    "Description": "A collection of DellEnclosure resource",
    "Members": [
        {
            "@odata.context": "/redfish/v1/$metadata#DellEnclosure.DellEnclosure",
            "@odata.id": "/redfish/v1/Chassis/System.Embedded.1/Oem/Dell/DellEnclosures/Enclosure.Internal.0-1_RAID.SL.3-1",
            "@odata.type": "#DellEnclosure.v1_1_0.DellEnclosure",
            "AssetName": null,
            "Connector": 0,
            "Description": "An instance of DellEnclosure will have storage enclosure specific data.",
            "Id": "Enclosure.Internal.0-1:RAID.SL.3-1",
            "LastSystemInventoryTime": "2025-02-21T23:43:07+00:00",
            "LastUpdateTime": "2025-02-21T15:24:07+00:00",
            "Links": {
                "DellEnclosureEMMCollection": [],
                "DellEnclosureEMMCollection@odata.count": 0
            },
            "Name": "DellEnclosure",
            "ServiceTag": null,
            "SlotCount": 16,
            "TempProbeCount": 0,
            "Version": "1.66",
            "WiredOrder": 1
        }
    ],
    "Members@odata.count": 1,
    "Name": "DellEnclosureCollection"
}