{
    "@odata.context": "/redfish/v1/$metadata#PCIeDevice.PCIeDevice",
    "@odata.id": "/redfish/v1/Chassis/System.Embedded.1/PCIeDevices/0-208-7",
    "Model": null,
    "@odata.etag": "W/\"gen-2\"",
    "FirmwareVersion": "",
    "Description": "Turin Internal PCIe GPP Bridge to Bus [D:C]",
    "PartNumber": null,
    "Slot": {
        "Location": {
            "PartLocation": {
                "LocationType": "Slot",
                "LocationOrdinalValue": null
            }
        },
        "PCIeType": null,
        "SlotType": null,
        "Lanes": null
    },
    "Id": "0-208-7",
    "Name": "Turin Internal PCIe GPP Bridge to Bus [D:C]",
    "SKU": null,
    "PCIeFunctions": {
        "@odata.id": "/redfish/v1/Chassis/System.Embedded.1/PCIeDevices/0-208-7/PCIeFunctions"
    },
    "DeviceType": "MultiFunction",
    "SerialNumber": null,
    "Manufacturer": "Advanced Micro Devices, Inc. [AMD]",
    "Status": {
        "State": "Enabled",
        "Health": "OK",
        "HealthRollup": "OK"
    },
    "PCIeInterface": {
        "PCIeType": null,
        "LanesInUse": null,
        "MaxLanes": null,
        "MaxPCIeType": null
    },
    "Links": {
        "PCIeFunctions": [
            {
                "@odata.id": "/redfish/v1/Chassis/System.Embedded.1/PCIeDevices/0-208-7/PCIeFunctions/0-208-7-0"
            },
            {
                "@odata.id": "/redfish/v1/Chassis/System.Embedded.1/PCIeDevices/0-208-7/PCIeFunctions/0-208-7-1"
            },
            {
                "@odata.id": "/redfish/v1/Chassis/System.Embedded.1/PCIeDevices/0-208-7/PCIeFunctions/0-208-7-2"
            }
        ],
        "PCIeFunctions@odata.count": 3,
        "Chassis": [
            {
                "@odata.id": "/redfish/v1/Chassis/System.Embedded.1"
            }
        ],
        "Chassis@odata.count": 1,
        "Oem": {
            "Dell": {
                "@odata.context": "/redfish/v1/$metadata#DellPCIeDevice.DellPCIeDevice",
                "@odata.type": "#DellPCIeDevice.v1_0_0.DellPCIeDeviceLinks",
                "CPUAffinity": [],
                "CPUAffinity@odata.count": 0
            }
        }
    },
    "AssetTag": null,
    "@odata.type": "#PCIeDevice.v1_18_0.PCIeDevice"
}