{
    "@odata.context": "/redfish/v1/$metadata#JsonSchemaFile.JsonSchemaFile",
    "@odata.id": "/redfish/v1/JsonSchemas/CompositionService.v1_2_1",
    "@odata.type": "#JsonSchemaFile.v1_1_4.JsonSchemaFile",
    "Description": "CompositionService Schema File Location",
    "Id": "CompositionService.v1_2_1",
    "Languages": [
        "en"
    ],
    "Languages@odata.count": 1,
    "Location": [
        {
            "Language": "en",
            "PublicationUri": "http://redfish.dmtf.org/schemas/v1/CompositionService.v1_2_1.json",
            "Uri": "/redfish/v1/Schemas/CompositionService.v1_2_1.json"
        }
    ],
    "Location@odata.count": 1,
    "Name": "CompositionService Schema File",
    "Schema": "#CompositionService.v1_2_1.CompositionService"
}