{
    "@odata.context": "/redfish/v1/$metadata#PCIeDevice.PCIeDevice",
    "@odata.etag": "\"1707801116\"",
    "@odata.id": "/redfish/v1/Chassis/System.Embedded.1/PCIeDevices/142-0",
    "@odata.type": "#PCIeDevice.v1_11_1.PCIeDevice",
    "AssetTag": null,
    "Description": "NVMe DC SSD [3DNAND, Sentinel Rock Controller]",
    "DeviceType": "SingleFunction",
    "FirmwareVersion": "1.2.0",
    "Id": "142-0",
    "Links": {
        "Chassis": [
            {
                "@odata.id": "/redfish/v1/Chassis/System.Embedded.1"
            }
        ],
        "Chassis@odata.count": 1,
        "Oem": {
            "Dell": {
                "@odata.type": "#DellOem.v1_3_0.DellOemLinks",
                "CPUAffinity": [
                    {
                        "@odata.id": "/redfish/v1/Systems/System.Embedded.1/Processors/CPU.Socket.2"
                    }
                ],
                "CPUAffinity@odata.count": 1
            }
        },
        "PCIeFunctions": [
            {
                "@odata.id": "/redfish/v1/Chassis/System.Embedded.1/PCIeDevices/142-0/PCIeFunctions/142-0-0"
            }
        ],
        "PCIeFunctions@odata.count": 1,
        "PCIeFunctions@Redfish.Deprecated": "Please migrate to PCIeFunctions property in the root resource."
    },
    "Manufacturer": "Intel Corporation",
    "Model": "Dell Ent NVMe P5620 MU 1.6TB",
    "Name": "NVMe DC SSD [3DNAND, Sentinel Rock Controller]",
    "PartNumber": "082TVJ",
    "SKU": null,
    "SerialNumber": "TWPIHIT31200MB",
    "Slot": {
        "Lanes": 4,
        "Location": {
            "PartLocation": {
                "LocationOrdinalValue": 0,
                "LocationType": "Slot"
            }
        },
        "PCIeType": "Gen5",
        "SlotType": "U2"
    },
    "PCIeInterface": {
        "MaxPCIeType": "Gen5",
        "PCIeType": "Gen5",
        "MaxLanes": 4,
        "LanesInUse": 4
    },
    "Status": {
        "State": "Enabled",
        "Health": "OK",
        "HealthRollup": "OK"
    },
    "PCIeFunctions": {
        "@odata.id": "/redfish/v1/Chassis/System.Embedded.1/PCIeDevices/142-0/PCIeFunctions"
    }
}