{
    "PercentComplete": 100,
    "Oem": {
        "Dell": {
            "OemJobState": "RebootCompleted",
            "UntilTime": "TIME_NA",
            "@odata.context": "/redfish/v1/$metadata#DellOemJob.DellOemJob",
            "@odata.type": "#DellOemJob.v1_0_0.DellOemJob",
            "ActualRunningStartTime": "2025-02-20T19:30:05",
            "ActualRunningStopTime": "2025-02-20T19:30:10",
            "JobType": "RebootPowerCycle"
        }
    },
    "JobState": "Completed",
    "@odata.etag": "\"W/'gen-13'\"",
    "Name": "Reboot1",
    "MaxExecutionTime": "PT2H",
    "StartTime": "2025-02-20T19:29:59-06:00",
    "Description": "Represent a job in Redfish",
    "@odata.type": "#Job.v1_2_4.Job",
    "EndTime": "2025-02-20T19:30:10-06:00",
    "Id": "RID_401013996487",
    "JobStatus": "OK",
    "Messages": [
        {
            "Message": "Reboot is complete.",
            "MessageArgs": [],
            "MessageArgs@odata.count": 0,
            "MessageId": "IDRAC.2.9.RED030"
        }
    ],
    "Messages@odata.count": 1,
    "@odata.context": "/redfish/v1/$metadata#Job.Job",
    "@odata.id": "/redfish/v1/JobService/Jobs/RID_401013996487"
}