{
    "SerialNumber": "CNWS30055K0050",
    "@odata.etag": "W/\"gen-8\"",
    "Assembly": {
        "@odata.id": "/redfish/v1/Chassis/System.Embedded.1/Assembly"
    },
    "PCIeSlots": {
        "@odata.id": "/redfish/v1/Chassis/System.Embedded.1/PCIeSlots"
    },
    "Memory": {
        "@odata.id": "/redfish/v1/Chassis/System.Embedded.1/Memory"
    },
    "IndicatorLED@Redfish.Deprecated": "Please migrate to use LocationIndicatorActive property",
    "Sensors": {
        "@odata.id": "/redfish/v1/Chassis/System.Embedded.1/Sensors"
    },
    "TrustedComponents": {
        "@odata.id": "/redfish/v1/Chassis/System.Embedded.1/TrustedComponents"
    },
    "SKU": "CRN2106",
    "Manufacturer": "Dell Inc.",
    "PoweredByParent": false,
    "PCIeDevices": {
        "@odata.id": "/redfish/v1/Chassis/System.Embedded.1/PCIeDevices"
    },
    "Model": "PowerEdge R7725xd",
    "PowerSubsystem": {
        "@odata.id": "/redfish/v1/Chassis/System.Embedded.1/PowerSubsystem"
    },
    "NetworkAdapters": {
        "@odata.id": "/redfish/v1/Chassis/System.Embedded.1/NetworkAdapters"
    },
    "@odata.type": "#Chassis.v1_26_0.Chassis",
    "Name": "Computer System Chassis",
    "Description": "It represents the properties for physical components for any system.It represent racks, rackmount servers, blades, standalone, modular systems,enclosures, and all other containers.The non-cpu/device centric parts of the schema are all accessed either directly or indirectly through this resource.",
    "Thermal@Redfish.Deprecated": "Please migrate to use /redfish/v1/Chassis/System.Embedded.1/ThermalSubsystem",
    "@odata.context": "/redfish/v1/$metadata#Chassis.Chassis",
    "Status": {
        "Health": "OK",
        "HealthRollup": "OK",
        "State": "Enabled"
    },
    "Location": {
        "Placement": {
            "Rack": "",
            "RackOffset": 0,
            "RackOffsetUnits": "EIA_310",
            "Row": ""
        },
        "PostalAddress": {
            "Room": "",
            "Building": ""
        },
        "Info": ";;;;0",
        "InfoFormat": "DataCenter;RoomName;Aisle;RackName;RackSlot"
    },
    "EnvironmentMetrics": {
        "@odata.id": "/redfish/v1/Chassis/System.Embedded.1/EnvironmentMetrics"
    },
    "ChassisType": "RackMount",
    "Power": {
        "@odata.id": "/redfish/v1/Chassis/System.Embedded.1/Power"
    },
    "@odata.id": "/redfish/v1/Chassis/System.Embedded.1",
    "AssetTag": null,
    "LocationIndicatorActive": false,
    "PowerState": "On",
    "Power@Redfish.Deprecated": "Please migrate to use /redfish/v1/Chassis/System.Embedded.1/PowerSubsystem",
    "ThermalSubsystem": {
        "@odata.id": "/redfish/v1/Chassis/System.Embedded.1/ThermalSubsystem"
    },
    "Actions": {
        "Oem": {
            "#DellOemChassis.ResetSensorMetrics": {
                "target": "/redfish/v1/Chassis/System.Embedded.1/Actions/Oem/DellOemChassis.ResetSensorMetrics",
                "MetricType@Redfish.AllowableValues": [
                    "CumulativePowerAndTime",
                    "PeakValueAndTime",
                    "All",
                    "PeakAndCumulativeValue"
                ]
            }
        },
        "#Chassis.Reset": {
            "ResetType@Redfish.AllowableValues": [
                "PowerCycle"
            ],
            "target": "/redfish/v1/Chassis/System.Embedded.1/Actions/Chassis.Reset"
        }
    },
    "UUID": "4c4c4544-0052-4e10-8032-c3c04f313036",
    "IndicatorLED": "Lit",
    "Links": {
        "ManagedBy@odata.count": 1,
        "CooledBy": [
            {
                "@odata.id": "/redfish/v1/Chassis/System.Embedded.1/ThermalSubsystem/Fans/CoolingController.1.Fan5"
            },
            {
                "@odata.id": "/redfish/v1/Chassis/System.Embedded.1/ThermalSubsystem/Fans/CoolingController.1.Fan1"
            },
            {
                "@odata.id": "/redfish/v1/Chassis/System.Embedded.1/ThermalSubsystem/Fans/CoolingController.1.Fan3"
            },
            {
                "@odata.id": "/redfish/v1/Chassis/System.Embedded.1/ThermalSubsystem/Fans/CoolingController.1.Fan6"
            },
            {
                "@odata.id": "/redfish/v1/Chassis/System.Embedded.1/ThermalSubsystem/Fans/CoolingController.1.Fan2"
            },
            {
                "@odata.id": "/redfish/v1/Chassis/System.Embedded.1/ThermalSubsystem/Fans/CoolingController.1.Fan4"
            }
        ],
        "CooledBy@odata.count": 6,
        "Contains": [
            {
                "@odata.id": "/redfish/v1/Chassis/Enclosure.Internal.0-1"
            },
            {
                "@odata.id": "/redfish/v1/Chassis/Enclosure.Internal.0-3"
            },
            {
                "@odata.id": "/redfish/v1/Chassis/Enclosure.Internal.0-4"
            },
            {
                "@odata.id": "/redfish/v1/Chassis/Enclosure.Internal.0-2"
            },
            {
                "@odata.id": "/redfish/v1/Chassis/Enclosure.Internal.0-5"
            }
        ],
        "Contains@odata.count": 5,
        "PoweredBy": [
            {
                "@odata.id": "/redfish/v1/Chassis/System.Embedded.1/Power#/PowerSupplies/0"
            }
        ],
        "PoweredBy@odata.count": 1,
        "ManagedBy": [
            {
                "@odata.id": "/redfish/v1/Managers/iDRAC.Embedded.1"
            }
        ],
        "ComputerSystems@odata.count": 1,
        "PCIeDevices@Redfish.Deprecated": "Please migrate to use /redfish/v1/Chassis/System.Embedded.1/PCIeDevices",
        "ManagersInChassis@odata.count": 1,
        "ComputerSystems": [
            {
                "@odata.id": "/redfish/v1/Systems/System.Embedded.1"
            }
        ],
        "Storage": [
            {
                "@odata.id": "/redfish/v1/Systems/System.Embedded.1/Storage/CPU.1"
            }
        ],
        "Storage@odata.count": 1,
        "Drives": [],
        "Drives@odata.count": 0,
        "Oem": {
            "Dell": {
                "DellNICPortMetricsCollection": {
                    "@odata.id": "/redfish/v1/Chassis/System.Embedded.1/Oem/Dell/DellNICPortMetrics"
                },
                "DellNetworkTransceiverCollection": {
                    "@odata.id": "/redfish/v1/Chassis/System.Embedded.1/Oem/Dell/DellNetworkTransceivers"
                },
                "DellEnclosureTemperatureSensorCollection": {
                    "@odata.id": "/redfish/v1/Chassis/System.Embedded.1/Oem/Dell/DellEnclosureTemperatureSensors"
                },
                "DellNICStatisticsCollection": {
                    "@odata.id": "/redfish/v1/Chassis/System.Embedded.1/Oem/Dell/DellNICStatistics"
                },
                "DellNetworkTransceiverPortMetricsCollection": {
                    "@odata.id": "/redfish/v1/Chassis/System.Embedded.1/Oem/Dell/DellNetworkTransceiverPortMetrics"
                },
                "DellPCIeFunctionCollection": {
                    "@odata.id": "/redfish/v1/Chassis/System.Embedded.1/Oem/Dell/DellPCIeFunctions"
                },
                "DellEnclosureFanSensorCollection": {
                    "@odata.id": "/redfish/v1/Chassis/System.Embedded.1/Oem/Dell/DellEnclosureFanSensors"
                },
                "DellEnclosureEMMCollection": {
                    "@odata.id": "/redfish/v1/Chassis/System.Embedded.1/Oem/Dell/DellEnclosureEMM"
                },
                "DellFCCapabilitiesCollection": {
                    "@odata.id": "/redfish/v1/Chassis/System.Embedded.1/Oem/Dell/DellFCCapabilities"
                },
                "DellNICCollection": {
                    "@odata.id": "/redfish/v1/Chassis/System.Embedded.1/Oem/Dell/DellNIC"
                },
                "DellInfiniBandCapabilitiesCollection": {
                    "@odata.id": "/redfish/v1/Chassis/System.Embedded.1/Oem/Dell/DellInfiniBandCapabilities"
                },
                "DellAssemblyCollection": {
                    "@odata.id": "/redfish/v1/Chassis/System.Embedded.1/Oem/Dell/DellAssembly"
                },
                "DellChassisCollection": {
                    "@odata.id": "/redfish/v1/Chassis/System.Embedded.1/Oem/Dell/DellChassis"
                },
                "DellPCIeSSDBackPlaneCollection": {
                    "@odata.id": "/redfish/v1/Chassis/System.Embedded.1/Oem/Dell/DellPCIeSSDBackPlanes"
                },
                "DellInfiniBandPortMetricsCollection": {
                    "@odata.id": "/redfish/v1/Chassis/System.Embedded.1/Oem/Dell/DellInfiniBandPortMetrics"
                },
                "DellInfiniBandCollection": {
                    "@odata.id": "/redfish/v1/Chassis/System.Embedded.1/Oem/Dell/DellInfiniBand"
                },
                "@odata.context": "/redfish/v1/$metadata#DellOemChassis.DellOemChassis",
                "DellFCStatisticsCollection": {
                    "@odata.id": "/redfish/v1/Chassis/System.Embedded.1/Oem/Dell/DellFCStatistics"
                },
                "DellNICCapabilitiesCollection": {
                    "@odata.id": "/redfish/v1/Chassis/System.Embedded.1/Oem/Dell/DellNICCapabilities"
                },
                "@odata.type": "#DellOemChassis.v1_5_0.DellOemChassisLinks",
                "DellFCPortMetricsCollection": {
                    "@odata.id": "/redfish/v1/Chassis/System.Embedded.1/Oem/Dell/DellFCPortMetrics"
                },
                "DellEnclosureCollection": {
                    "@odata.id": "/redfish/v1/Chassis/System.Embedded.1/Oem/Dell/DellEnclosures"
                },
                "DellEnclosurePowerSupplyCollection": {
                    "@odata.id": "/redfish/v1/Chassis/System.Embedded.1/Oem/Dell/DellEnclosurePowerSupply"
                },
                "DellFCCollection": {
                    "@odata.id": "/redfish/v1/Chassis/System.Embedded.1/Oem/Dell/DellFC"
                }
            }
        },
        "PCIeDevices": [
            {
                "@odata.id": "/redfish/v1/Chassis/System.Embedded.1/PCIeDevices/0-155-0"
            },
            {
                "@odata.id": "/redfish/v1/Chassis/System.Embedded.1/PCIeDevices/0-152-5"
            },
            {
                "@odata.id": "/redfish/v1/Chassis/System.Embedded.1/PCIeDevices/0-152-3"
            },
            {
                "@odata.id": "/redfish/v1/Chassis/System.Embedded.1/PCIeDevices/0-208-7"
            },
            {
                "@odata.id": "/redfish/v1/Chassis/System.Embedded.1/PCIeDevices/0-100-5"
            },
            {
                "@odata.id": "/redfish/v1/Chassis/System.Embedded.1/PCIeDevices/0-102-2"
            },
            {
                "@odata.id": "/redfish/v1/Chassis/System.Embedded.1/PCIeDevices/0-150-2"
            },
            {
                "@odata.id": "/redfish/v1/Chassis/System.Embedded.1/PCIeDevices/0-152-4"
            },
            {
                "@odata.id": "/redfish/v1/Chassis/System.Embedded.1/PCIeDevices/0-50-2"
            },
            {
                "@odata.id": "/redfish/v1/Chassis/System.Embedded.1/PCIeDevices/0-102-1"
            },
            {
                "@odata.id": "/redfish/v1/Chassis/System.Embedded.1/PCIeDevices/0-0-5"
            },
            {
                "@odata.id": "/redfish/v1/Chassis/System.Embedded.1/PCIeDevices/0-100-7"
            },
            {
                "@odata.id": "/redfish/v1/Chassis/System.Embedded.1/PCIeDevices/0-0-2"
            },
            {
                "@odata.id": "/redfish/v1/Chassis/System.Embedded.1/PCIeDevices/0-209-0"
            },
            {
                "@odata.id": "/redfish/v1/Chassis/System.Embedded.1/PCIeDevices/0-208-2"
            },
            {
                "@odata.id": "/redfish/v1/Chassis/System.Embedded.1/PCIeDevices/0-154-0"
            },
            {
                "@odata.id": "/redfish/v1/Chassis/System.Embedded.1/PCIeDevices/0-0-25"
            },
            {
                "@odata.id": "/redfish/v1/Chassis/System.Embedded.1/PCIeDevices/0-0-7"
            },
            {
                "@odata.id": "/redfish/v1/Chassis/System.Embedded.1/PCIeDevices/0-152-2"
            },
            {
                "@odata.id": "/redfish/v1/Chassis/System.Embedded.1/PCIeDevices/0-51-0"
            },
            {
                "@odata.id": "/redfish/v1/Chassis/System.Embedded.1/PCIeDevices/0-150-0"
            },
            {
                "@odata.id": "/redfish/v1/Chassis/System.Embedded.1/PCIeDevices/0-152-1"
            },
            {
                "@odata.id": "/redfish/v1/Chassis/System.Embedded.1/PCIeDevices/0-0-24"
            },
            {
                "@odata.id": "/redfish/v1/Chassis/System.Embedded.1/PCIeDevices/0-208-4"
            },
            {
                "@odata.id": "/redfish/v1/Chassis/System.Embedded.1/PCIeDevices/0-50-1"
            },
            {
                "@odata.id": "/redfish/v1/Chassis/System.Embedded.1/PCIeDevices/1-153-0"
            },
            {
                "@odata.id": "/redfish/v1/Chassis/System.Embedded.1/PCIeDevices/0-0-4"
            },
            {
                "@odata.id": "/redfish/v1/Chassis/System.Embedded.1/PCIeDevices/0-208-3"
            },
            {
                "@odata.id": "/redfish/v1/Chassis/System.Embedded.1/PCIeDevices/0-150-1"
            },
            {
                "@odata.id": "/redfish/v1/Chassis/System.Embedded.1/PCIeDevices/0-208-1"
            },
            {
                "@odata.id": "/redfish/v1/Chassis/System.Embedded.1/PCIeDevices/0-208-5"
            },
            {
                "@odata.id": "/redfish/v1/Chassis/System.Embedded.1/PCIeDevices/0-152-7"
            },
            {
                "@odata.id": "/redfish/v1/Chassis/System.Embedded.1/PCIeDevices/0-100-1"
            },
            {
                "@odata.id": "/redfish/v1/Chassis/System.Embedded.1/PCIeDevices/0-100-3"
            },
            {
                "@odata.id": "/redfish/v1/Chassis/System.Embedded.1/PCIeDevices/0-210-0"
            },
            {
                "@odata.id": "/redfish/v1/Chassis/System.Embedded.1/PCIeDevices/0-160-2"
            },
            {
                "@odata.id": "/redfish/v1/Chassis/System.Embedded.1/PCIeDevices/0-0-3"
            },
            {
                "@odata.id": "/redfish/v1/Chassis/System.Embedded.1/PCIeDevices/0-0-20"
            },
            {
                "@odata.id": "/redfish/v1/Chassis/System.Embedded.1/PCIeDevices/0-0-1"
            },
            {
                "@odata.id": "/redfish/v1/Chassis/System.Embedded.1/PCIeDevices/0-100-2"
            },
            {
                "@odata.id": "/redfish/v1/Chassis/System.Embedded.1/PCIeDevices/0-0-0"
            },
            {
                "@odata.id": "/redfish/v1/Chassis/System.Embedded.1/PCIeDevices/0-100-4"
            },
            {
                "@odata.id": "/redfish/v1/Chassis/System.Embedded.1/PCIeDevices/0-160-1"
            }
        ],
        "PCIeDevices@odata.count": 43,
        "ManagersInChassis": [
            {
                "@odata.id": "/redfish/v1/Managers/iDRAC.Embedded.1"
            }
        ],
        "Processors": [
            {
                "@odata.id": "/redfish/v1/Systems/System.Embedded.1/Processors/CPU.Socket.1"
            },
            {
                "@odata.id": "/redfish/v1/Systems/System.Embedded.1/Processors/CPU.Socket.0"
            }
        ],
        "Processors@odata.count": 2
    },
    "PhysicalSecurity": {
        "IntrusionSensorNumber": 115,
        "IntrusionSensorReArm": "Automatic",
        "IntrusionSensor": "Normal"
    },
    "LeakDetectors": {
        "@odata.id": "/redfish/v1/Chassis/System.Embedded.1/LeakDetectors"
    },
    "PartNumber": "048T7MX32",
    "EnvironmentalClass": null,
    "Id": "System.Embedded.1",
    "Thermal": {
        "@odata.id": "/redfish/v1/Chassis/System.Embedded.1/Thermal"
    },
    "ThermalManagedByParent": false,
    "Oem": {
        "Dell": {
            "DellChassis": {
                "SystemID": 3481,
                "Name": "DellChassis",
                "@odata.etag": "W/\"gen-2\"",
                "Links": {
                    "ComputerSystem": {
                        "@odata.id": "/redfish/v1/Systems/System.Embedded.1"
                    }
                },
                "@odata.id": "/redfish/v1/Chassis/System.Embedded.1/Oem/Dell/DellChassis/mainsystemchassis",
                "CanBeFRUed": true,
                "@odata.type": "#DellChassis.v1_0_0.DellChassis",
                "@odata.context": "/redfish/v1/$metadata#DellChassis.DellChassis",
                "Id": "mainsystemchassis",
                "Description": "This resource shall provide information about the enclosure or chassis the system is in."
            },
            "@odata.context": "/redfish/v1/$metadata#DellOemEnclosureChassis.DellOemEnclosureChassis",
            "@odata.type": "#DellOemEnclosureChassis.v1_2_0.DellOemEnclosureChassis"
        }
    }
}