{
    "DeviceFQDD": "RFC.Integrated.1",
    "@odata.etag": "\"W/'gen-1'\"",
    "SerialNumber": "05FANBRD",
    "@odata.id": "/redfish/v1/Chassis/System.Embedded.1/Oem/Dell/DellAssembly/RFC.Integrated.1_0x23_FRU",
    "Description": "This resource shall be used to represent an assembly information.",
    "Id": "RFC.Integrated.1_0x23_FRU",
    "Name": "DellAssembly",
    "@odata.context": "/redfish/v1/$metadata#DellAssembly.DellAssembly",
    "PackageType": "Module/Card",
    "@odata.type": "#DellAssembly.v1_1_0.DellAssembly"
}