{
    "ClassCode": "0x00000c",
    "@odata.context": "/redfish/v1/$metadata#PCIeFunction.PCIeFunction",
    "FunctionId": 0,
    "RevisionId": "0x71",
    "VendorId": "0x1022",
    "Name": "FCH SMBus Controller",
    "DeviceId": "0x790b",
    "FunctionNumber": "0x0",
    "FunctionProtocol": "PCIe",
    "@odata.id": "/redfish/v1/Chassis/System.Embedded.1/PCIeDevices/0-0-20/PCIeFunctions/0-0-20-0",
    "Status": {
        "State": "Enabled",
        "Health": "OK",
        "HealthRollup": "OK"
    },
    "SubsystemVendorId": "0x1028",
    "Oem": {
        "Dell": {
            "DellPCIeFunction": {
                "SlotLength": "Unknown",
                "SlotType": "Unknown",
                "DataBusWidth": "Unknown",
                "Id": "SMBus.Embedded.1-1",
                "LastSystemInventoryTime": "2025-11-06T19:28:47+00:00",
                "LastUpdateTime": "2025-11-06T17:28:45+00:00"
            },
            "@odata.context": "/redfish/v1/$metadata#DellChassisPCIeFunction.DellChassisPCIeFunction",
            "@odata.type": "#DellChassisPCIeFunction.v1_1_0.DellPCIeFunction"
        }
    },
    "Description": "FCH SMBus Controller",
    "BusNumber": "0x00",
    "Enabled": true,
    "DeviceNumber": "0x14",
    "FunctionType": "Physical",
    "@odata.type": "#PCIeFunction.v1_6_0.PCIeFunction",
    "Links": {
        "PCIeDevice": {
            "@odata.id": "/redfish/v1/Chassis/System.Embedded.1/PCIeDevices/0-0-20"
        },
        "Drives": [],
        "Drives@odata.count": 0,
        "MemoryDomains": [],
        "MemoryDomains@odata.count": 0
    },
    "@odata.etag": "W/\"gen-3\"",
    "SegmentNumber": "0x0000",
    "SubsystemId": "0x0d99",
    "DeviceClass": "SerialBusController",
    "Id": "0-0-20-0"
}