{
    "Name": "Certificate Service",
    "@odata.id": "/redfish/v1/CertificateService",
    "Description": "Certificate Service",
    "@odata.type": "#CertificateService.v1_0_5.CertificateService",
    "@odata.context": "/redfish/v1/$metadata#CertificateService.CertificateService",
    "Id": "CertificateService",
    "CertificateLocations": {
        "@odata.id": "/redfish/v1/CertificateService/CertificateLocations"
    },
    "@odata.etag": "\"W/'gen-1'\"",
    "Actions": {
        "Oem": {
            "#DellCertificateService.GenerateCSRAndImport": {
                "target": "/redfish/v1/CertificateService/Actions/Oem/DellCertificateService.GenerateCSRAndImport"
            },
            "#DellCertificateService.GetLastGeneratedCSR": {
                "target": "/redfish/v1/CertificateService/Actions/Oem/DellCertificateService.GetLastGeneratedCSR"
            }
        },
        "#CertificateService.GenerateCSR": {
            "target": "/redfish/v1/CertificateService/Actions/CertificateService.GenerateCSR"
        },
        "#CertificateService.ReplaceCertificate": {
            "CertificateType@Redfish.AllowableValues": [
                "PEM",
                "PKCS7"
            ],
            "target": "/redfish/v1/CertificateService/Actions/CertificateService.ReplaceCertificate"
        }
    }
}