{
    "DeviceType": "MultiFunction",
    "SKU": null,
    "@odata.type": "#PCIeDevice.v1_14_0.PCIeDevice",
    "Model": null,
    "@odata.context": "/redfish/v1/$metadata#PCIeDevice.PCIeDevice",
    "AssetTag": null,
    "@odata.id": "/redfish/v1/Chassis/System.Embedded.1/PCIeDevices/0-254-5",
    "Slot": {
        "Location": {
            "PartLocation": {
                "LocationType": "Slot",
                "LocationOrdinalValue": null
            }
        },
        "PCIeType": null,
        "SlotType": null,
        "Lanes": null
    },
    "Id": "0-254-5",
    "@odata.etag": "\"W/'gen-5'\"",
    "Manufacturer": "Intel Corporation",
    "SerialNumber": null,
    "FirmwareVersion": "",
    "Name": "Intel Corporation",
    "Description": "Intel Corporation",
    "PCIeInterface": {
        "MaxPCIeType": null,
        "PCIeType": null,
        "LanesInUse": null,
        "MaxLanes": null
    },
    "Links": {
        "Oem": {
            "Dell": {
                "@odata.type": "#DellPCIeDevice.v1_0_0.DellPCIeDeviceLinks",
                "CPUAffinity": [],
                "CPUAffinity@odata.count": 0,
                "@odata.context": "/redfish/v1/$metadata#DellPCIeDevice.DellPCIeDevice"
            }
        },
        "PCIeFunctions": [
            {
                "@odata.id": "/redfish/v1/Chassis/System.Embedded.1/PCIeDevices/0-254-5/PCIeFunctions/0-254-5-4"
            },
            {
                "@odata.id": "/redfish/v1/Chassis/System.Embedded.1/PCIeDevices/0-254-5/PCIeFunctions/0-254-5-3"
            },
            {
                "@odata.id": "/redfish/v1/Chassis/System.Embedded.1/PCIeDevices/0-254-5/PCIeFunctions/0-254-5-2"
            },
            {
                "@odata.id": "/redfish/v1/Chassis/System.Embedded.1/PCIeDevices/0-254-5/PCIeFunctions/0-254-5-6"
            },
            {
                "@odata.id": "/redfish/v1/Chassis/System.Embedded.1/PCIeDevices/0-254-5/PCIeFunctions/0-254-5-5"
            },
            {
                "@odata.id": "/redfish/v1/Chassis/System.Embedded.1/PCIeDevices/0-254-5/PCIeFunctions/0-254-5-1"
            },
            {
                "@odata.id": "/redfish/v1/Chassis/System.Embedded.1/PCIeDevices/0-254-5/PCIeFunctions/0-254-5-7"
            }
        ],
        "PCIeFunctions@odata.count": 7,
        "Chassis": [
            {
                "@odata.id": "/redfish/v1/Chassis/System.Embedded.1"
            }
        ],
        "Chassis@odata.count": 1
    },
    "PartNumber": null,
    "PCIeFunctions": {
        "@odata.id": "/redfish/v1/Chassis/System.Embedded.1/PCIeDevices/0-254-5/PCIeFunctions"
    },
    "Status": {
        "HealthRollup": "OK",
        "State": "Enabled",
        "Health": "OK"
    }
}