{
    "@odata.context": "/redfish/v1/$metadata#DellNICStatisticsCollection.DellNICStatisticsCollection",
    "@odata.id": "/redfish/v1/Chassis/System.Embedded.1/Oem/Dell/DellNICStatistics",
    "@odata.type": "#DellNICStatisticsCollection.DellNICStatisticsCollection",
    "Description": "A collection of DellNICStatistics resource",
    "Members": [
        {
            "@odata.context": "/redfish/v1/$metadata#DellNICStatistics.DellNICStatistics",
            "@odata.id": "/redfish/v1/Chassis/System.Embedded.1/Oem/Dell/DellNICStatistics/NIC.Slot.4-1-1",
            "@odata.type": "#DellNICStatistics.v1_0_0.DellNICStatistics",
            "Description": "An instance of DellNICStatistics will have the statistics of the NIC, NIC port or partition.",
            "Id": "NIC.Slot.4-1-1",
            "Name": "DellNICStatistics",
            "RxBytes": 44431,
            "RxMutlicastPackets": 30,
            "RxUnicastPackets": 162,
            "TxBytes": 165380,
            "TxMutlicastPackets": 274,
            "TxUnicastPackets": 164
        },
        {
            "@odata.context": "/redfish/v1/$metadata#DellNICStatistics.DellNICStatistics",
            "@odata.id": "/redfish/v1/Chassis/System.Embedded.1/Oem/Dell/DellNICStatistics/NIC.Slot.4-2-1",
            "@odata.type": "#DellNICStatistics.v1_0_0.DellNICStatistics",
            "Description": "An instance of DellNICStatistics will have the statistics of the NIC, NIC port or partition.",
            "Id": "NIC.Slot.4-2-1",
            "Name": "DellNICStatistics",
            "RxBytes": 47264,
            "RxMutlicastPackets": 30,
            "RxUnicastPackets": 162,
            "TxBytes": 68475,
            "TxMutlicastPackets": 202,
            "TxUnicastPackets": 157
        },
        {
            "@odata.context": "/redfish/v1/$metadata#DellNICStatistics.DellNICStatistics",
            "@odata.id": "/redfish/v1/Chassis/System.Embedded.1/Oem/Dell/DellNICStatistics/NIC.Slot.10-1-1",
            "@odata.type": "#DellNICStatistics.v1_0_0.DellNICStatistics",
            "Description": "An instance of DellNICStatistics will have the statistics of the NIC, NIC port or partition.",
            "Id": "NIC.Slot.10-1-1",
            "Name": "DellNICStatistics",
            "RxBytes": 0,
            "RxMutlicastPackets": 0,
            "RxUnicastPackets": 0,
            "TxBytes": 0,
            "TxMutlicastPackets": 0,
            "TxUnicastPackets": 0
        },
        {
            "@odata.context": "/redfish/v1/$metadata#DellNICStatistics.DellNICStatistics",
            "@odata.id": "/redfish/v1/Chassis/System.Embedded.1/Oem/Dell/DellNICStatistics/NIC.Slot.10-2-1",
            "@odata.type": "#DellNICStatistics.v1_0_0.DellNICStatistics",
            "Description": "An instance of DellNICStatistics will have the statistics of the NIC, NIC port or partition.",
            "Id": "NIC.Slot.10-2-1",
            "Name": "DellNICStatistics",
            "RxBytes": 0,
            "RxMutlicastPackets": 0,
            "RxUnicastPackets": 0,
            "TxBytes": 0,
            "TxMutlicastPackets": 0,
            "TxUnicastPackets": 0
        },
        {
            "@odata.context": "/redfish/v1/$metadata#DellNICStatistics.DellNICStatistics",
            "@odata.id": "/redfish/v1/Chassis/System.Embedded.1/Oem/Dell/DellNICStatistics/NIC.Slot.10-3-1",
            "@odata.type": "#DellNICStatistics.v1_0_0.DellNICStatistics",
            "Description": "An instance of DellNICStatistics will have the statistics of the NIC, NIC port or partition.",
            "Id": "NIC.Slot.10-3-1",
            "Name": "DellNICStatistics",
            "RxBytes": 0,
            "RxMutlicastPackets": 0,
            "RxUnicastPackets": 0,
            "TxBytes": 0,
            "TxMutlicastPackets": 0,
            "TxUnicastPackets": 0
        },
        {
            "@odata.context": "/redfish/v1/$metadata#DellNICStatistics.DellNICStatistics",
            "@odata.id": "/redfish/v1/Chassis/System.Embedded.1/Oem/Dell/DellNICStatistics/NIC.Slot.10-4-1",
            "@odata.type": "#DellNICStatistics.v1_0_0.DellNICStatistics",
            "Description": "An instance of DellNICStatistics will have the statistics of the NIC, NIC port or partition.",
            "Id": "NIC.Slot.10-4-1",
            "Name": "DellNICStatistics",
            "RxBytes": 0,
            "RxMutlicastPackets": 0,
            "RxUnicastPackets": 0,
            "TxBytes": 0,
            "TxMutlicastPackets": 0,
            "TxUnicastPackets": 0
        }
    ],
    "Members@odata.count": 6,
    "Name": "DellNICStatisticsCollection"
}