{
    "@odata.context": "/redfish/v1/$metadata#JsonSchemaFile.JsonSchemaFile",
    "@odata.id": "/redfish/v1/JsonSchemas/DellBIOSService.v1_0_0",
    "@odata.type": "#JsonSchemaFile.v1_1_4.JsonSchemaFile",
    "Description": "DellBIOSService Schema File Location",
    "Id": "DellBIOSService.v1_0_0",
    "Languages": [
        "en"
    ],
    "Languages@odata.count": 1,
    "Location": [
        {
            "Language": "en",
            "PublicationUri": "http://downloads.dell.com/redfish/bmc/schemas/DellBIOSService.v1_0_0.json",
            "Uri": "/redfish/v1/Schemas/DellBIOSService.v1_0_0.json"
        }
    ],
    "Location@odata.count": 1,
    "Name": "DellBIOSService Schema File",
    "Schema": "#DellBIOSService.v1_0_0.DellBIOSService"
}