{
    "@odata.context": "/redfish/v1/$metadata#DellAssembly.DellAssembly",
    "@odata.id": "/redfish/v1/Chassis/System.Embedded.1/Oem/Dell/DellAssembly/Disk.Direct.1-1_BOSS.SL.16-1_0x23_FRU",
    "@odata.type": "#DellAssembly.v1_0_0.DellAssembly",
    "Description": "This resource shall be used to represent an assembly information.",
    "DeviceFQDD": "Disk.Direct.1-1:BOSS.SL.16-1",
    "Id": "Disk.Direct.1-1:BOSS.SL.16-1_0x23_FRU",
    "Name": "DellAssembly",
    "PackageType": "StorageMediaPackage(E.GDiskOrTapeDrive)",
    "SerialNumber": "KRSK50035M0IUD"
}