{
    "HotPluggable": true,
    "Id": "CoolingController.1.Fan2",
    "SpeedPercent": {
        "DataSourceUri": "/redfish/v1/Chassis/System.Embedded.1/Sensors/Fan2_1",
        "SpeedRPM": 7470
    },
    "Status": {
        "State": "Enabled",
        "Health": "OK"
    },
    "@odata.id": "/redfish/v1/Chassis/System.Embedded.1/ThermalSubsystem/Fans/CoolingController.1.Fan2",
    "Oem": {
        "Dell": {
            "@odata.type": "#DellFan.v1_1_0.DellFan",
            "FanPWM": 28,
            "FanType": "Platinum",
            "@odata.context": "/redfish/v1/$metadata#DellFan.DellFan"
        }
    },
    "@odata.type": "#Fan.v1_5_2.Fan",
    "PhysicalContext": "SystemBoard",
    "SecondarySpeedPercent": {
        "DataSourceUri": "/redfish/v1/Chassis/System.Embedded.1/Sensors/Fan2_2",
        "SpeedRPM": 7260
    },
    "Name": "Fan2",
    "Location": {
        "PartLocation": {
            "LocationType": "Slot",
            "LocationOrdinalValue": 2
        }
    },
    "@odata.context": "/redfish/v1/$metadata#Fan.Fan",
    "Description": "Represents fan properties of the chassis",
    "@odata.etag": "W/\"gen-437\""
}