{
    "@odata.context": "/redfish/v1/$metadata#JsonSchemaFile.JsonSchemaFile",
    "@odata.id": "/redfish/v1/JsonSchemas/CoolantConnector",
    "@odata.type": "#JsonSchemaFile.v1_1_4.JsonSchemaFile",
    "Description": "CoolantConnector Schema File Location",
    "Id": "CoolantConnector",
    "Languages": [
        "en"
    ],
    "Languages@odata.count": 1,
    "Location": [
        {
            "Language": "en",
            "PublicationUri": "http://redfish.dmtf.org/schemas/v1/CoolantConnector.json",
            "Uri": "/redfish/v1/Schemas/CoolantConnector.json"
        }
    ],
    "Location@odata.count": 1,
    "Name": "CoolantConnector Schema File",
    "Schema": "#CoolantConnector.CoolantConnector"
}