{
    "@odata.etag": "W/\"gen-1\"",
    "Members": [
        {
            "@odata.id": "/redfish/v1/Chassis/System.Embedded.1/Oem/Dell/DellNICStatistics/NIC.Slot.10-2-1",
            "TxUnicastPackets": 0,
            "RxBytes": 0,
            "TxMutlicastPackets": 0,
            "RxMulticastPackets": 0,
            "TxBytes": 0,
            "@odata.context": "/redfish/v1/$metadata#DellNICStatistics.DellNICStatistics",
            "RxMutlicastPackets@Redfish.Deprecated": "This property has been deprecated in favor of RxMulticastPackets.",
            "@odata.etag": "W/\"gen-1692\"",
            "TxMulticastPackets": 0,
            "Name": "DellNICStatistics",
            "@odata.type": "#DellNICStatistics.v1_1_0.DellNICStatistics",
            "Id": "NIC.Slot.10-2-1",
            "RxUnicastPackets": 0,
            "TxMutlicastPackets@Redfish.Deprecated": "This property has been deprecated in favor of TxMulticastPackets.",
            "RxMutlicastPackets": 0,
            "Description": "An instance of DellNICStatistics will have the statistics of the NIC, NIC port or partition."
        },
        {
            "Id": "NIC.Slot.10-1-1",
            "@odata.id": "/redfish/v1/Chassis/System.Embedded.1/Oem/Dell/DellNICStatistics/NIC.Slot.10-1-1",
            "@odata.context": "/redfish/v1/$metadata#DellNICStatistics.DellNICStatistics",
            "@odata.etag": "W/\"gen-1691\"",
            "RxBytes": 1588406,
            "TxMutlicastPackets": 613,
            "TxMulticastPackets": 613,
            "TxMutlicastPackets@Redfish.Deprecated": "This property has been deprecated in favor of TxMulticastPackets.",
            "RxMulticastPackets": 17526,
            "@odata.type": "#DellNICStatistics.v1_1_0.DellNICStatistics",
            "RxMutlicastPackets@Redfish.Deprecated": "This property has been deprecated in favor of RxMulticastPackets.",
            "RxMutlicastPackets": 17526,
            "Name": "DellNICStatistics",
            "TxBytes": 343129,
            "RxUnicastPackets": 875,
            "TxUnicastPackets": 874,
            "Description": "An instance of DellNICStatistics will have the statistics of the NIC, NIC port or partition."
        },
        {
            "TxMutlicastPackets@Redfish.Deprecated": "This property has been deprecated in favor of TxMulticastPackets.",
            "RxMulticastPackets": 0,
            "Id": "NIC.Slot.10-4-1",
            "RxMutlicastPackets": 0,
            "RxMutlicastPackets@Redfish.Deprecated": "This property has been deprecated in favor of RxMulticastPackets.",
            "TxBytes": 0,
            "@odata.type": "#DellNICStatistics.v1_1_0.DellNICStatistics",
            "TxMulticastPackets": 0,
            "TxMutlicastPackets": 0,
            "TxUnicastPackets": 0,
            "Description": "An instance of DellNICStatistics will have the statistics of the NIC, NIC port or partition.",
            "RxUnicastPackets": 0,
            "@odata.id": "/redfish/v1/Chassis/System.Embedded.1/Oem/Dell/DellNICStatistics/NIC.Slot.10-4-1",
            "@odata.etag": "W/\"gen-1691\"",
            "Name": "DellNICStatistics",
            "@odata.context": "/redfish/v1/$metadata#DellNICStatistics.DellNICStatistics",
            "RxBytes": 0
        },
        {
            "RxMutlicastPackets": 0,
            "Name": "DellNICStatistics",
            "RxBytes": 0,
            "TxBytes": 0,
            "@odata.context": "/redfish/v1/$metadata#DellNICStatistics.DellNICStatistics",
            "RxMulticastPackets": 0,
            "@odata.type": "#DellNICStatistics.v1_1_0.DellNICStatistics",
            "Id": "NIC.Slot.10-3-1",
            "@odata.etag": "W/\"gen-1692\"",
            "Description": "An instance of DellNICStatistics will have the statistics of the NIC, NIC port or partition.",
            "TxMulticastPackets": 0,
            "TxMutlicastPackets": 0,
            "RxUnicastPackets": 0,
            "TxMutlicastPackets@Redfish.Deprecated": "This property has been deprecated in favor of TxMulticastPackets.",
            "RxMutlicastPackets@Redfish.Deprecated": "This property has been deprecated in favor of RxMulticastPackets.",
            "TxUnicastPackets": 0,
            "@odata.id": "/redfish/v1/Chassis/System.Embedded.1/Oem/Dell/DellNICStatistics/NIC.Slot.10-3-1"
        }
    ],
    "Members@odata.count": 4,
    "Name": "DellNICStatisticsCollection",
    "@odata.context": "/redfish/v1/$metadata#DellNICStatisticsCollection.DellNICStatisticsCollection",
    "@odata.type": "#DellNICStatisticsCollection.DellNICStatisticsCollection",
    "Description": "A collection of DellNICStatistics resource",
    "@odata.id": "/redfish/v1/Chassis/System.Embedded.1/Oem/Dell/DellNICStatistics"
}