{
    "@odata.context": "/redfish/v1/$metadata#Assembly.Assembly",
    "@odata.type": "#Assembly.v1_4_0.Assembly",
    "@odata.id": "/redfish/v1/Chassis/System.Embedded.1/Assembly",
    "Assemblies": [
        {
            "@odata.context": "/redfish/v1/$metadata#Assembly.Assembly",
            "@odata.id": "/redfish/v1/Chassis/System.Embedded.1/Assembly#/Assemblies/0",
            "@odata.type": "#Assembly.v1_4_0.AssemblyData",
            "BinaryDataURI": null,
            "Description": "PWR SPLY,1400W,RDNT,ARTESYN",
            "EngineeringChangeLevel": "A01",
            "MemberId": "0",
            "Model": "PWR SPLY,1400W,RDNT,ARTESYN",
            "Name": "PSU.Slot.1#FRU",
            "Oem": {
                "Dell": {
                    "@odata.type": "#DellOem.v1_3_0.DellOemResources",
                    "DellAssembly": {
                        "Description": "This resource shall be used to represent an assembly information.",
                        "DeviceFQDD": "PSU.Slot.1",
                        "Id": "PSU.Slot.1_0x23_FRU",
                        "Name": "DellAssembly",
                        "PackageType": "PowerSupply",
                        "SerialNumber": "PHARP00162007F",
                        "@odata.context": "/redfish/v1/$metadata#DellAssembly.DellAssembly",
                        "@odata.type": "#DellAssembly.v1_0_0.DellAssembly",
                        "@odata.id": "/redfish/v1/Chassis/System.Embedded.1/Oem/Dell/DellAssembly/PSU.Slot.1_0x23_FRU"
                    }
                }
            },
            "PartNumber": "0CYHHJ",
            "Producer": "DELL",
            "ProductionDate": "2021-06-03T21:46:00Z",
            "SKU": null,
            "SparePartNumber": null,
            "Vendor": "DELL",
            "Version": null
        },
        {
            "@odata.context": "/redfish/v1/$metadata#Assembly.Assembly",
            "@odata.id": "/redfish/v1/Chassis/System.Embedded.1/Assembly#/Assemblies/1",
            "@odata.type": "#Assembly.v1_4_0.AssemblyData",
            "BinaryDataURI": null,
            "Description": "SystemPlanar",
            "EngineeringChangeLevel": "A01",
            "MemberId": "1",
            "Model": "SystemPlanar",
            "Name": "System.Embedded.1#FRU",
            "Oem": {
                "Dell": {
                    "@odata.type": "#DellOem.v1_3_0.DellOemResources",
                    "DellAssembly": {
                        "Description": "This resource shall be used to represent an assembly information.",
                        "DeviceFQDD": "System.Embedded.1",
                        "Id": "System.Embedded.1_0x23_FRU",
                        "Name": "DellAssembly",
                        "PackageType": "Module/Card",
                        "SerialNumber": "CNIVC0014D0448",
                        "@odata.context": "/redfish/v1/$metadata#DellAssembly.DellAssembly",
                        "@odata.type": "#DellAssembly.v1_0_0.DellAssembly",
                        "@odata.id": "/redfish/v1/Chassis/System.Embedded.1/Oem/Dell/DellAssembly/System.Embedded.1_0x23_FRU"
                    }
                }
            },
            "PartNumber": "0JDN4V",
            "Producer": "Dell Inc.",
            "ProductionDate": "2021-04-15T02:09:00Z",
            "SKU": null,
            "SparePartNumber": null,
            "Vendor": "DELL",
            "Version": null
        },
        {
            "@odata.context": "/redfish/v1/$metadata#Assembly.Assembly",
            "@odata.id": "/redfish/v1/Chassis/System.Embedded.1/Assembly#/Assemblies/2",
            "@odata.type": "#Assembly.v1_4_0.AssemblyData",
            "BinaryDataURI": null,
            "Description": "MLNX 25GbE 2P ConnectX5 OCP3 NIC",
            "EngineeringChangeLevel": "A03",
            "MemberId": "2",
            "Model": "MLNX 25GbE 2P ConnectX5 OCP3 NIC",
            "Name": "NIC.Integrated.1#FRU",
            "Oem": {
                "Dell": {
                    "@odata.type": "#DellOem.v1_3_0.DellOemResources",
                    "DellAssembly": {
                        "Description": "This resource shall be used to represent an assembly information.",
                        "DeviceFQDD": "NIC.Integrated.1",
                        "Id": "NIC.Integrated.1_0x23_FRU",
                        "Name": "DellAssembly",
                        "PackageType": "Module/Card",
                        "SerialNumber": "INJBNM4154J0OR",
                        "@odata.context": "/redfish/v1/$metadata#DellAssembly.DellAssembly",
                        "@odata.type": "#DellAssembly.v1_0_0.DellAssembly",
                        "@odata.id": "/redfish/v1/Chassis/System.Embedded.1/Oem/Dell/DellAssembly/NIC.Integrated.1_0x23_FRU"
                    }
                }
            },
            "PartNumber": "04TRD3",
            "Producer": "Dell",
            "ProductionDate": "2021-05-06T16:40:00Z",
            "SKU": null,
            "SparePartNumber": null,
            "Vendor": "DELL",
            "Version": null
        },
        {
            "@odata.context": "/redfish/v1/$metadata#Assembly.Assembly",
            "@odata.id": "/redfish/v1/Chassis/System.Embedded.1/Assembly#/Assemblies/3",
            "@odata.type": "#Assembly.v1_4_0.AssemblyData",
            "BinaryDataURI": null,
            "Description": "Dell Storage Cntlr. H745 Front",
            "EngineeringChangeLevel": "A00",
            "MemberId": "3",
            "Model": "Dell Storage Cntlr. H745 Front",
            "Name": "RAID.SL.3-1#FRU",
            "Oem": {
                "Dell": {
                    "@odata.type": "#DellOem.v1_3_0.DellOemResources",
                    "DellAssembly": {
                        "Description": "This resource shall be used to represent an assembly information.",
                        "DeviceFQDD": "RAID.SL.3-1",
                        "Id": "RAID.SL.3-1_0x23_FRU",
                        "Name": "DellAssembly",
                        "PackageType": "Module/Card",
                        "SerialNumber": "CNIVC0013I0548",
                        "@odata.context": "/redfish/v1/$metadata#DellAssembly.DellAssembly",
                        "@odata.type": "#DellAssembly.v1_0_0.DellAssembly",
                        "@odata.id": "/redfish/v1/Chassis/System.Embedded.1/Oem/Dell/DellAssembly/RAID.SL.3-1_0x23_FRU"
                    }
                }
            },
            "PartNumber": "0JT47Y",
            "Producer": "Dell",
            "ProductionDate": "2021-03-25T14:36:00Z",
            "SKU": null,
            "SparePartNumber": null,
            "Vendor": "DELL",
            "Version": null
        },
        {
            "@odata.context": "/redfish/v1/$metadata#Assembly.Assembly",
            "@odata.id": "/redfish/v1/Chassis/System.Embedded.1/Assembly#/Assemblies/4",
            "@odata.type": "#Assembly.v1_4_0.AssemblyData",
            "BinaryDataURI": null,
            "Description": "BOSS-S2",
            "EngineeringChangeLevel": "A00",
            "MemberId": "4",
            "Model": "BOSS-S2",
            "Name": "AHCI.SL.6-1#FRU",
            "Oem": {
                "Dell": {
                    "@odata.type": "#DellOem.v1_3_0.DellOemResources",
                    "DellAssembly": {
                        "Description": "This resource shall be used to represent an assembly information.",
                        "DeviceFQDD": "AHCI.SL.6-1",
                        "Id": "AHCI.SL.6-1_0x23_FRU",
                        "Name": "DellAssembly",
                        "PackageType": "Module/Card",
                        "SerialNumber": "CNIVC0015I0277",
                        "@odata.context": "/redfish/v1/$metadata#DellAssembly.DellAssembly",
                        "@odata.type": "#DellAssembly.v1_0_0.DellAssembly",
                        "@odata.id": "/redfish/v1/Chassis/System.Embedded.1/Oem/Dell/DellAssembly/AHCI.SL.6-1_0x23_FRU"
                    }
                }
            },
            "PartNumber": "0FGNRW",
            "Producer": "Dell",
            "ProductionDate": "2021-05-23T04:03:00Z",
            "SKU": null,
            "SparePartNumber": null,
            "Vendor": "DELL",
            "Version": null
        },
        {
            "@odata.context": "/redfish/v1/$metadata#Assembly.Assembly",
            "@odata.id": "/redfish/v1/Chassis/System.Embedded.1/Assembly#/Assemblies/5",
            "@odata.type": "#Assembly.v1_4_0.AssemblyData",
            "BinaryDataURI": null,
            "Description": "Intel(R) Ethernet Adptr X710T4L",
            "EngineeringChangeLevel": "A00",
            "MemberId": "5",
            "Model": "Intel(R) Ethernet Adptr X710T4L",
            "Name": "NIC.Slot.3#FRU",
            "Oem": {
                "Dell": {
                    "@odata.type": "#DellOem.v1_3_0.DellOemResources",
                    "DellAssembly": {
                        "Description": "This resource shall be used to represent an assembly information.",
                        "DeviceFQDD": "NIC.Slot.3",
                        "Id": "NIC.Slot.3_0x23_FRU",
                        "Name": "DellAssembly",
                        "PackageType": "Module/Card",
                        "SerialNumber": "MYFLMIT12J0199",
                        "@odata.context": "/redfish/v1/$metadata#DellAssembly.DellAssembly",
                        "@odata.type": "#DellAssembly.v1_0_0.DellAssembly",
                        "@odata.id": "/redfish/v1/Chassis/System.Embedded.1/Oem/Dell/DellAssembly/NIC.Slot.3_0x23_FRU"
                    }
                }
            },
            "PartNumber": "0K5DDV",
            "Producer": "Dell",
            "ProductionDate": "2021-02-20T12:00:00Z",
            "SKU": null,
            "SparePartNumber": null,
            "Vendor": "DELL",
            "Version": null
        },
        {
            "@odata.context": "/redfish/v1/$metadata#Assembly.Assembly",
            "@odata.id": "/redfish/v1/Chassis/System.Embedded.1/Assembly#/Assemblies/6",
            "@odata.type": "#Assembly.v1_4_0.AssemblyData",
            "BinaryDataURI": null,
            "Description": "DDR4 DIMM",
            "EngineeringChangeLevel": null,
            "MemberId": "6",
            "Model": "DDR4 DIMM",
            "Name": "DIMM.Socket.A2#FRU",
            "Oem": {
                "Dell": {
                    "@odata.type": "#DellOem.v1_3_0.DellOemResources",
                    "DellAssembly": {
                        "Description": "This resource shall be used to represent an assembly information.",
                        "DeviceFQDD": "DIMM.Socket.A2",
                        "Id": "DIMM.Socket.A2_0x23_FRU",
                        "Name": "DellAssembly",
                        "PackageType": "Memory",
                        "SerialNumber": "2EEB8CB5",
                        "@odata.context": "/redfish/v1/$metadata#DellAssembly.DellAssembly",
                        "@odata.type": "#DellAssembly.v1_0_0.DellAssembly",
                        "@odata.id": "/redfish/v1/Chassis/System.Embedded.1/Oem/Dell/DellAssembly/DIMM.Socket.A2_0x23_FRU"
                    }
                }
            },
            "PartNumber": "18ASF4G72PDZ-3G2E1",
            "Producer": "Micron Technology",
            "ProductionDate": "2021-05-17T07:00:00Z",
            "SKU": null,
            "SparePartNumber": null,
            "Vendor": "DELL",
            "Version": null
        },
        {
            "@odata.context": "/redfish/v1/$metadata#Assembly.Assembly",
            "@odata.id": "/redfish/v1/Chassis/System.Embedded.1/Assembly#/Assemblies/7",
            "@odata.type": "#Assembly.v1_4_0.AssemblyData",
            "BinaryDataURI": null,
            "Description": "DDR4 DIMM",
            "EngineeringChangeLevel": null,
            "MemberId": "7",
            "Model": "DDR4 DIMM",
            "Name": "DIMM.Socket.B4#FRU",
            "Oem": {
                "Dell": {
                    "@odata.type": "#DellOem.v1_3_0.DellOemResources",
                    "DellAssembly": {
                        "Description": "This resource shall be used to represent an assembly information.",
                        "DeviceFQDD": "DIMM.Socket.B4",
                        "Id": "DIMM.Socket.B4_0x23_FRU",
                        "Name": "DellAssembly",
                        "PackageType": "Memory",
                        "SerialNumber": "2EEBAFF8",
                        "@odata.context": "/redfish/v1/$metadata#DellAssembly.DellAssembly",
                        "@odata.type": "#DellAssembly.v1_0_0.DellAssembly",
                        "@odata.id": "/redfish/v1/Chassis/System.Embedded.1/Oem/Dell/DellAssembly/DIMM.Socket.B4_0x23_FRU"
                    }
                }
            },
            "PartNumber": "18ASF4G72PDZ-3G2E1",
            "Producer": "Micron Technology",
            "ProductionDate": "2021-05-17T07:00:00Z",
            "SKU": null,
            "SparePartNumber": null,
            "Vendor": "DELL",
            "Version": null
        },
        {
            "@odata.context": "/redfish/v1/$metadata#Assembly.Assembly",
            "@odata.id": "/redfish/v1/Chassis/System.Embedded.1/Assembly#/Assemblies/8",
            "@odata.type": "#Assembly.v1_4_0.AssemblyData",
            "BinaryDataURI": null,
            "Description": "DDR4 DIMM",
            "EngineeringChangeLevel": null,
            "MemberId": "8",
            "Model": "DDR4 DIMM",
            "Name": "DIMM.Socket.B1#FRU",
            "Oem": {
                "Dell": {
                    "@odata.type": "#DellOem.v1_3_0.DellOemResources",
                    "DellAssembly": {
                        "Description": "This resource shall be used to represent an assembly information.",
                        "DeviceFQDD": "DIMM.Socket.B1",
                        "Id": "DIMM.Socket.B1_0x23_FRU",
                        "Name": "DellAssembly",
                        "PackageType": "Memory",
                        "SerialNumber": "2EEB8E2F",
                        "@odata.context": "/redfish/v1/$metadata#DellAssembly.DellAssembly",
                        "@odata.type": "#DellAssembly.v1_0_0.DellAssembly",
                        "@odata.id": "/redfish/v1/Chassis/System.Embedded.1/Oem/Dell/DellAssembly/DIMM.Socket.B1_0x23_FRU"
                    }
                }
            },
            "PartNumber": "18ASF4G72PDZ-3G2E1",
            "Producer": "Micron Technology",
            "ProductionDate": "2021-05-17T07:00:00Z",
            "SKU": null,
            "SparePartNumber": null,
            "Vendor": "DELL",
            "Version": null
        },
        {
            "@odata.context": "/redfish/v1/$metadata#Assembly.Assembly",
            "@odata.id": "/redfish/v1/Chassis/System.Embedded.1/Assembly#/Assemblies/9",
            "@odata.type": "#Assembly.v1_4_0.AssemblyData",
            "BinaryDataURI": null,
            "Description": "DDR4 DIMM",
            "EngineeringChangeLevel": null,
            "MemberId": "9",
            "Model": "DDR4 DIMM",
            "Name": "DIMM.Socket.A3#FRU",
            "Oem": {
                "Dell": {
                    "@odata.type": "#DellOem.v1_3_0.DellOemResources",
                    "DellAssembly": {
                        "Description": "This resource shall be used to represent an assembly information.",
                        "DeviceFQDD": "DIMM.Socket.A3",
                        "Id": "DIMM.Socket.A3_0x23_FRU",
                        "Name": "DellAssembly",
                        "PackageType": "Memory",
                        "SerialNumber": "2EEBB051",
                        "@odata.context": "/redfish/v1/$metadata#DellAssembly.DellAssembly",
                        "@odata.type": "#DellAssembly.v1_0_0.DellAssembly",
                        "@odata.id": "/redfish/v1/Chassis/System.Embedded.1/Oem/Dell/DellAssembly/DIMM.Socket.A3_0x23_FRU"
                    }
                }
            },
            "PartNumber": "18ASF4G72PDZ-3G2E1",
            "Producer": "Micron Technology",
            "ProductionDate": "2021-05-17T07:00:00Z",
            "SKU": null,
            "SparePartNumber": null,
            "Vendor": "DELL",
            "Version": null
        },
        {
            "@odata.context": "/redfish/v1/$metadata#Assembly.Assembly",
            "@odata.id": "/redfish/v1/Chassis/System.Embedded.1/Assembly#/Assemblies/10",
            "@odata.type": "#Assembly.v1_4_0.AssemblyData",
            "BinaryDataURI": null,
            "Description": "DDR4 DIMM",
            "EngineeringChangeLevel": null,
            "MemberId": "10",
            "Model": "DDR4 DIMM",
            "Name": "DIMM.Socket.B2#FRU",
            "Oem": {
                "Dell": {
                    "@odata.type": "#DellOem.v1_3_0.DellOemResources",
                    "DellAssembly": {
                        "Description": "This resource shall be used to represent an assembly information.",
                        "DeviceFQDD": "DIMM.Socket.B2",
                        "Id": "DIMM.Socket.B2_0x23_FRU",
                        "Name": "DellAssembly",
                        "PackageType": "Memory",
                        "SerialNumber": "2EEB8CBB",
                        "@odata.context": "/redfish/v1/$metadata#DellAssembly.DellAssembly",
                        "@odata.type": "#DellAssembly.v1_0_0.DellAssembly",
                        "@odata.id": "/redfish/v1/Chassis/System.Embedded.1/Oem/Dell/DellAssembly/DIMM.Socket.B2_0x23_FRU"
                    }
                }
            },
            "PartNumber": "18ASF4G72PDZ-3G2E1",
            "Producer": "Micron Technology",
            "ProductionDate": "2021-05-17T07:00:00Z",
            "SKU": null,
            "SparePartNumber": null,
            "Vendor": "DELL",
            "Version": null
        },
        {
            "@odata.context": "/redfish/v1/$metadata#Assembly.Assembly",
            "@odata.id": "/redfish/v1/Chassis/System.Embedded.1/Assembly#/Assemblies/11",
            "@odata.type": "#Assembly.v1_4_0.AssemblyData",
            "BinaryDataURI": null,
            "Description": "DDR4 DIMM",
            "EngineeringChangeLevel": null,
            "MemberId": "11",
            "Model": "DDR4 DIMM",
            "Name": "DIMM.Socket.A1#FRU",
            "Oem": {
                "Dell": {
                    "@odata.type": "#DellOem.v1_3_0.DellOemResources",
                    "DellAssembly": {
                        "Description": "This resource shall be used to represent an assembly information.",
                        "DeviceFQDD": "DIMM.Socket.A1",
                        "Id": "DIMM.Socket.A1_0x23_FRU",
                        "Name": "DellAssembly",
                        "PackageType": "Memory",
                        "SerialNumber": "2EEB8DF9",
                        "@odata.context": "/redfish/v1/$metadata#DellAssembly.DellAssembly",
                        "@odata.type": "#DellAssembly.v1_0_0.DellAssembly",
                        "@odata.id": "/redfish/v1/Chassis/System.Embedded.1/Oem/Dell/DellAssembly/DIMM.Socket.A1_0x23_FRU"
                    }
                }
            },
            "PartNumber": "18ASF4G72PDZ-3G2E1",
            "Producer": "Micron Technology",
            "ProductionDate": "2021-05-17T07:00:00Z",
            "SKU": null,
            "SparePartNumber": null,
            "Vendor": "DELL",
            "Version": null
        },
        {
            "@odata.context": "/redfish/v1/$metadata#Assembly.Assembly",
            "@odata.id": "/redfish/v1/Chassis/System.Embedded.1/Assembly#/Assemblies/12",
            "@odata.type": "#Assembly.v1_4_0.AssemblyData",
            "BinaryDataURI": null,
            "Description": "DDR4 DIMM",
            "EngineeringChangeLevel": null,
            "MemberId": "12",
            "Model": "DDR4 DIMM",
            "Name": "DIMM.Socket.B3#FRU",
            "Oem": {
                "Dell": {
                    "@odata.type": "#DellOem.v1_3_0.DellOemResources",
                    "DellAssembly": {
                        "Description": "This resource shall be used to represent an assembly information.",
                        "DeviceFQDD": "DIMM.Socket.B3",
                        "Id": "DIMM.Socket.B3_0x23_FRU",
                        "Name": "DellAssembly",
                        "PackageType": "Memory",
                        "SerialNumber": "2EEB8EE7",
                        "@odata.context": "/redfish/v1/$metadata#DellAssembly.DellAssembly",
                        "@odata.type": "#DellAssembly.v1_0_0.DellAssembly",
                        "@odata.id": "/redfish/v1/Chassis/System.Embedded.1/Oem/Dell/DellAssembly/DIMM.Socket.B3_0x23_FRU"
                    }
                }
            },
            "PartNumber": "18ASF4G72PDZ-3G2E1",
            "Producer": "Micron Technology",
            "ProductionDate": "2021-05-17T07:00:00Z",
            "SKU": null,
            "SparePartNumber": null,
            "Vendor": "DELL",
            "Version": null
        },
        {
            "@odata.context": "/redfish/v1/$metadata#Assembly.Assembly",
            "@odata.id": "/redfish/v1/Chassis/System.Embedded.1/Assembly#/Assemblies/13",
            "@odata.type": "#Assembly.v1_4_0.AssemblyData",
            "BinaryDataURI": null,
            "Description": "DDR4 DIMM",
            "EngineeringChangeLevel": null,
            "MemberId": "13",
            "Model": "DDR4 DIMM",
            "Name": "DIMM.Socket.A4#FRU",
            "Oem": {
                "Dell": {
                    "@odata.type": "#DellOem.v1_3_0.DellOemResources",
                    "DellAssembly": {
                        "Description": "This resource shall be used to represent an assembly information.",
                        "DeviceFQDD": "DIMM.Socket.A4",
                        "Id": "DIMM.Socket.A4_0x23_FRU",
                        "Name": "DellAssembly",
                        "PackageType": "Memory",
                        "SerialNumber": "2EEB8324",
                        "@odata.context": "/redfish/v1/$metadata#DellAssembly.DellAssembly",
                        "@odata.type": "#DellAssembly.v1_0_0.DellAssembly",
                        "@odata.id": "/redfish/v1/Chassis/System.Embedded.1/Oem/Dell/DellAssembly/DIMM.Socket.A4_0x23_FRU"
                    }
                }
            },
            "PartNumber": "18ASF4G72PDZ-3G2E1",
            "Producer": "Micron Technology",
            "ProductionDate": "2021-05-17T07:00:00Z",
            "SKU": null,
            "SparePartNumber": null,
            "Vendor": "DELL",
            "Version": null
        },
        {
            "@odata.context": "/redfish/v1/$metadata#Assembly.Assembly",
            "@odata.id": "/redfish/v1/Chassis/System.Embedded.1/Assembly#/Assemblies/14",
            "@odata.type": "#Assembly.v1_4_0.AssemblyData",
            "BinaryDataURI": null,
            "Description": "DRIVE BACKPLANE",
            "EngineeringChangeLevel": "A00",
            "MemberId": "14",
            "Model": "DRIVE BACKPLANE",
            "Name": "Enclosure.Internal.0-0#FRU",
            "Oem": {
                "Dell": {
                    "@odata.type": "#DellOem.v1_3_0.DellOemResources",
                    "DellAssembly": {
                        "Description": "This resource shall be used to represent an assembly information.",
                        "DeviceFQDD": "Enclosure.Internal.0-0",
                        "Id": "Enclosure.Internal.0-0_0x23_FRU",
                        "Name": "DellAssembly",
                        "PackageType": "CrossConnect/Backplane",
                        "SerialNumber": "CNIVC0011J0114",
                        "@odata.context": "/redfish/v1/$metadata#DellAssembly.DellAssembly",
                        "@odata.type": "#DellAssembly.v1_0_0.DellAssembly",
                        "@odata.id": "/redfish/v1/Chassis/System.Embedded.1/Oem/Dell/DellAssembly/Enclosure.Internal.0-0_0x23_FRU"
                    }
                }
            },
            "PartNumber": "05G5W7",
            "Producer": "Dell",
            "ProductionDate": "2021-01-26T02:18:00Z",
            "SKU": null,
            "SparePartNumber": null,
            "Vendor": "DELL",
            "Version": null
        },
        {
            "@odata.context": "/redfish/v1/$metadata#Assembly.Assembly",
            "@odata.id": "/redfish/v1/Chassis/System.Embedded.1/Assembly#/Assemblies/15",
            "@odata.type": "#Assembly.v1_4_0.AssemblyData",
            "BinaryDataURI": null,
            "Description": "DRIVE BACKPLANE",
            "EngineeringChangeLevel": "A07",
            "MemberId": "15",
            "Model": "DRIVE BACKPLANE",
            "Name": "Enclosure.Internal.0-1#FRU",
            "Oem": {
                "Dell": {
                    "@odata.type": "#DellOem.v1_3_0.DellOemResources",
                    "DellAssembly": {
                        "Description": "This resource shall be used to represent an assembly information.",
                        "DeviceFQDD": "Enclosure.Internal.0-1",
                        "Id": "Enclosure.Internal.0-1_0x23_FRU",
                        "Name": "DellAssembly",
                        "PackageType": "CrossConnect/Backplane",
                        "SerialNumber": "CNIVC000CT1476",
                        "@odata.context": "/redfish/v1/$metadata#DellAssembly.DellAssembly",
                        "@odata.type": "#DellAssembly.v1_0_0.DellAssembly",
                        "@odata.id": "/redfish/v1/Chassis/System.Embedded.1/Oem/Dell/DellAssembly/Enclosure.Internal.0-1_0x23_FRU"
                    }
                }
            },
            "PartNumber": "0VXFND",
            "Producer": "Dell",
            "ProductionDate": "2021-01-02T20:21:00Z",
            "SKU": null,
            "SparePartNumber": null,
            "Vendor": "DELL",
            "Version": null
        }
    ],
    "Assemblies@odata.count": 16,
    "Description": "Represents the properties of Assembly for the device",
    "Id": "Assembly",
    "Name": "Assembly"
}