<?xml version="1.0" encoding="UTF-8"?>
<edmx:Edmx xmlns:edmx="http://docs.oasis-open.org/odata/ns/edmx" Version="4.0">
    <edmx:DataServices>
        <Schema xmlns="http://docs.oasis-open.org/odata/ns/edm" Namespace="Service">
            <EntityContainer Name="Service" Extends="ServiceRoot.v1_18_0.ServiceContainer"/>
        </Schema>
    </edmx:DataServices>
    <edmx:Reference Uri="/redfish/v1/Schemas/AccelerationFunction_v1.xml">
        <edmx:Include Namespace="AccelerationFunction"/>
        <edmx:Include Namespace="AccelerationFunction.v1_0_5"/>
    </edmx:Reference>
    <edmx:Reference Uri="/redfish/v1/Schemas/AccelerationFunctionCollection_v1.xml">
        <edmx:Include Namespace="AccelerationFunctionCollection"/>
    </edmx:Reference>
    <edmx:Reference Uri="/redfish/v1/Schemas/AccountService_v1.xml">
        <edmx:Include Namespace="AccountService"/>
        <edmx:Include Namespace="AccountService.v1_18_0"/>
    </edmx:Reference>
    <edmx:Reference Uri="/redfish/v1/Schemas/ActionInfo_v1.xml">
        <edmx:Include Namespace="ActionInfo"/>
        <edmx:Include Namespace="ActionInfo.v1_4_2"/>
    </edmx:Reference>
    <edmx:Reference Uri="/redfish/v1/Schemas/AddressPool_v1.xml">
        <edmx:Include Namespace="AddressPool"/>
        <edmx:Include Namespace="AddressPool.v1_3_0"/>
    </edmx:Reference>
    <edmx:Reference Uri="/redfish/v1/Schemas/AddressPoolCollection_v1.xml">
        <edmx:Include Namespace="AddressPoolCollection"/>
    </edmx:Reference>
    <edmx:Reference Uri="/redfish/v1/Schemas/Aggregate_v1.xml">
        <edmx:Include Namespace="Aggregate"/>
        <edmx:Include Namespace="Aggregate.v1_0_3"/>
    </edmx:Reference>
    <edmx:Reference Uri="/redfish/v1/Schemas/AggregateCollection_v1.xml">
        <edmx:Include Namespace="AggregateCollection"/>
    </edmx:Reference>
    <edmx:Reference Uri="/redfish/v1/Schemas/AggregationService_v1.xml">
        <edmx:Include Namespace="AggregationService"/>
        <edmx:Include Namespace="AggregationService.v1_0_3"/>
    </edmx:Reference>
    <edmx:Reference Uri="/redfish/v1/Schemas/AggregationSource_v1.xml">
        <edmx:Include Namespace="AggregationSource"/>
        <edmx:Include Namespace="AggregationSource.v1_4_3"/>
    </edmx:Reference>
    <edmx:Reference Uri="/redfish/v1/Schemas/AggregationSourceCollection_v1.xml">
        <edmx:Include Namespace="AggregationSourceCollection"/>
    </edmx:Reference>
    <edmx:Reference Uri="/redfish/v1/Schemas/AllowDeny_v1.xml">
        <edmx:Include Namespace="AllowDeny"/>
        <edmx:Include Namespace="AllowDeny.v1_0_3"/>
    </edmx:Reference>
    <edmx:Reference Uri="/redfish/v1/Schemas/AllowDenyCollection_v1.xml">
        <edmx:Include Namespace="AllowDenyCollection"/>
    </edmx:Reference>
    <edmx:Reference Uri="/redfish/v1/Schemas/Application_v1.xml">
        <edmx:Include Namespace="Application"/>
        <edmx:Include Namespace="Application.v1_0_1"/>
    </edmx:Reference>
    <edmx:Reference Uri="/redfish/v1/Schemas/ApplicationCollection_v1.xml">
        <edmx:Include Namespace="ApplicationCollection"/>
    </edmx:Reference>
    <edmx:Reference Uri="/redfish/v1/Schemas/Assembly_v1.xml">
        <edmx:Include Namespace="Assembly"/>
        <edmx:Include Namespace="Assembly.v1_5_1"/>
    </edmx:Reference>
    <edmx:Reference Uri="/redfish/v1/Schemas/AttributeRegistry_v1.xml">
        <edmx:Include Namespace="AttributeRegistry"/>
        <edmx:Include Namespace="AttributeRegistry.v1_0_0"/>
        <edmx:Include Namespace="AttributeRegistry.v1_3_9"/>
    </edmx:Reference>
    <edmx:Reference Uri="/redfish/v1/Schemas/Battery_v1.xml">
        <edmx:Include Namespace="Battery"/>
        <edmx:Include Namespace="Battery.v1_4_0"/>
    </edmx:Reference>
    <edmx:Reference Uri="/redfish/v1/Schemas/BatteryCollection_v1.xml">
        <edmx:Include Namespace="BatteryCollection"/>
    </edmx:Reference>
    <edmx:Reference Uri="/redfish/v1/Schemas/BatteryMetrics_v1.xml">
        <edmx:Include Namespace="BatteryMetrics"/>
        <edmx:Include Namespace="BatteryMetrics.v1_0_4"/>
    </edmx:Reference>
    <edmx:Reference Uri="/redfish/v1/Schemas/Bios_v1.xml">
        <edmx:Include Namespace="Bios"/>
        <edmx:Include Namespace="Bios.v1_2_3"/>
    </edmx:Reference>
    <edmx:Reference Uri="/redfish/v1/Schemas/BootOption_v1.xml">
        <edmx:Include Namespace="BootOption"/>
        <edmx:Include Namespace="BootOption.v1_0_6"/>
    </edmx:Reference>
    <edmx:Reference Uri="/redfish/v1/Schemas/BootOptionCollection_v1.xml">
        <edmx:Include Namespace="BootOptionCollection"/>
    </edmx:Reference>
    <edmx:Reference Uri="/redfish/v1/Schemas/Cable_v1.xml">
        <edmx:Include Namespace="Cable"/>
        <edmx:Include Namespace="Cable.v1_2_4"/>
    </edmx:Reference>
    <edmx:Reference Uri="/redfish/v1/Schemas/CableCollection_v1.xml">
        <edmx:Include Namespace="CableCollection"/>
    </edmx:Reference>
    <edmx:Reference Uri="/redfish/v1/Schemas/Capacity_v1.xml">
        <edmx:Include Namespace="Capacity"/>
        <edmx:Include Namespace="Capacity.v1_0_0"/>
        <edmx:Include Namespace="Capacity.v1_2_1"/>
    </edmx:Reference>
    <edmx:Reference Uri="/redfish/v1/Schemas/CapacitySourceCollection_v1.xml">
        <edmx:Include Namespace="CapacitySourceCollection"/>
    </edmx:Reference>
    <edmx:Reference Uri="/redfish/v1/Schemas/Certificate_v1.xml">
        <edmx:Include Namespace="Certificate"/>
        <edmx:Include Namespace="Certificate.v1_9_0"/>
    </edmx:Reference>
    <edmx:Reference Uri="/redfish/v1/Schemas/CertificateCollection_v1.xml">
        <edmx:Include Namespace="CertificateCollection"/>
    </edmx:Reference>
    <edmx:Reference Uri="/redfish/v1/Schemas/CertificateLocations_v1.xml">
        <edmx:Include Namespace="CertificateLocations"/>
        <edmx:Include Namespace="CertificateLocations.v1_0_4"/>
    </edmx:Reference>
    <edmx:Reference Uri="/redfish/v1/Schemas/CertificateService_v1.xml">
        <edmx:Include Namespace="CertificateService"/>
        <edmx:Include Namespace="CertificateService.v1_0_6"/>
    </edmx:Reference>
    <edmx:Reference Uri="/redfish/v1/Schemas/Chassis_v1.xml">
        <edmx:Include Namespace="Chassis"/>
        <edmx:Include Namespace="Chassis.v1_26_0"/>
    </edmx:Reference>
    <edmx:Reference Uri="/redfish/v1/Schemas/ChassisCollection_v1.xml">
        <edmx:Include Namespace="ChassisCollection"/>
    </edmx:Reference>
    <edmx:Reference Uri="/redfish/v1/Schemas/Circuit_v1.xml">
        <edmx:Include Namespace="Circuit"/>
        <edmx:Include Namespace="Circuit.v1_8_1"/>
    </edmx:Reference>
    <edmx:Reference Uri="/redfish/v1/Schemas/CircuitCollection_v1.xml">
        <edmx:Include Namespace="CircuitCollection"/>
    </edmx:Reference>
    <edmx:Reference Uri="/redfish/v1/Schemas/ClassOfService_v1.xml">
        <edmx:Include Namespace="ClassOfService"/>
        <edmx:Include Namespace="ClassOfService.v1_2_0"/>
    </edmx:Reference>
    <edmx:Reference Uri="/redfish/v1/Schemas/ClassOfServiceCollection_v1.xml">
        <edmx:Include Namespace="ClassOfServiceCollection"/>
    </edmx:Reference>
    <edmx:Reference Uri="/redfish/v1/Schemas/CollectionCapabilities_v1.xml">
        <edmx:Include Namespace="CollectionCapabilities"/>
        <edmx:Include Namespace="CollectionCapabilities.v1_4_1"/>
    </edmx:Reference>
    <edmx:Reference Uri="/redfish/v1/Schemas/ComponentIntegrity_v1.xml">
        <edmx:Include Namespace="ComponentIntegrity"/>
        <edmx:Include Namespace="ComponentIntegrity.v1_3_1"/>
    </edmx:Reference>
    <edmx:Reference Uri="/redfish/v1/Schemas/ComponentIntegrityCollection_v1.xml">
        <edmx:Include Namespace="ComponentIntegrityCollection"/>
    </edmx:Reference>
    <edmx:Reference Uri="/redfish/v1/Schemas/CompositionReservation_v1.xml">
        <edmx:Include Namespace="CompositionReservation"/>
        <edmx:Include Namespace="CompositionReservation.v1_0_2"/>
    </edmx:Reference>
    <edmx:Reference Uri="/redfish/v1/Schemas/CompositionReservationCollection_v1.xml">
        <edmx:Include Namespace="CompositionReservationCollection"/>
    </edmx:Reference>
    <edmx:Reference Uri="/redfish/v1/Schemas/CompositionService_v1.xml">
        <edmx:Include Namespace="CompositionService"/>
        <edmx:Include Namespace="CompositionService.v1_2_3"/>
    </edmx:Reference>
    <edmx:Reference Uri="/redfish/v1/Schemas/ComputerSystem_v1.xml">
        <edmx:Include Namespace="ComputerSystem"/>
        <edmx:Include Namespace="ComputerSystem.v1_24_0"/>
    </edmx:Reference>
    <edmx:Reference Uri="/redfish/v1/Schemas/ComputerSystemCollection_v1.xml">
        <edmx:Include Namespace="ComputerSystemCollection"/>
    </edmx:Reference>
    <edmx:Reference Uri="/redfish/v1/Schemas/Connection_v1.xml">
        <edmx:Include Namespace="Connection"/>
        <edmx:Include Namespace="Connection.v1_4_0"/>
    </edmx:Reference>
    <edmx:Reference Uri="/redfish/v1/Schemas/ConnectionCollection_v1.xml">
        <edmx:Include Namespace="ConnectionCollection"/>
    </edmx:Reference>
    <edmx:Reference Uri="/redfish/v1/Schemas/ConnectionMethod_v1.xml">
        <edmx:Include Namespace="ConnectionMethod"/>
        <edmx:Include Namespace="ConnectionMethod.v1_1_1"/>
    </edmx:Reference>
    <edmx:Reference Uri="/redfish/v1/Schemas/ConnectionMethodCollection_v1.xml">
        <edmx:Include Namespace="ConnectionMethodCollection"/>
    </edmx:Reference>
    <edmx:Reference Uri="/redfish/v1/Schemas/ConsistencyGroup_v1.xml">
        <edmx:Include Namespace="ConsistencyGroup"/>
        <edmx:Include Namespace="ConsistencyGroup.v1_1_1"/>
    </edmx:Reference>
    <edmx:Reference Uri="/redfish/v1/Schemas/ConsistencyGroupCollection_v1.xml">
        <edmx:Include Namespace="ConsistencyGroupCollection"/>
    </edmx:Reference>
    <edmx:Reference Uri="/redfish/v1/Schemas/Container_v1.xml">
        <edmx:Include Namespace="Container"/>
        <edmx:Include Namespace="Container.v1_0_1"/>
    </edmx:Reference>
    <edmx:Reference Uri="/redfish/v1/Schemas/ContainerCollection_v1.xml">
        <edmx:Include Namespace="ContainerCollection"/>
    </edmx:Reference>
    <edmx:Reference Uri="/redfish/v1/Schemas/ContainerImage_v1.xml">
        <edmx:Include Namespace="ContainerImage"/>
        <edmx:Include Namespace="ContainerImage.v1_0_1"/>
    </edmx:Reference>
    <edmx:Reference Uri="/redfish/v1/Schemas/ContainerImageCollection_v1.xml">
        <edmx:Include Namespace="ContainerImageCollection"/>
    </edmx:Reference>
    <edmx:Reference Uri="/redfish/v1/Schemas/Control_v1.xml">
        <edmx:Include Namespace="Control"/>
        <edmx:Include Namespace="Control.v1_6_0"/>
    </edmx:Reference>
    <edmx:Reference Uri="/redfish/v1/Schemas/ControlCollection_v1.xml">
        <edmx:Include Namespace="ControlCollection"/>
    </edmx:Reference>
    <edmx:Reference Uri="/redfish/v1/Schemas/CoolantConnector_v1.xml">
        <edmx:Include Namespace="CoolantConnector"/>
        <edmx:Include Namespace="CoolantConnector.v1_1_0"/>
    </edmx:Reference>
    <edmx:Reference Uri="/redfish/v1/Schemas/CoolantConnectorCollection_v1.xml">
        <edmx:Include Namespace="CoolantConnectorCollection"/>
    </edmx:Reference>
    <edmx:Reference Uri="/redfish/v1/Schemas/CoolingLoop_v1.xml">
        <edmx:Include Namespace="CoolingLoop"/>
        <edmx:Include Namespace="CoolingLoop.v1_0_3"/>
    </edmx:Reference>
    <edmx:Reference Uri="/redfish/v1/Schemas/CoolingLoopCollection_v1.xml">
        <edmx:Include Namespace="CoolingLoopCollection"/>
    </edmx:Reference>
    <edmx:Reference Uri="/redfish/v1/Schemas/CoolingUnit_v1.xml">
        <edmx:Include Namespace="CoolingUnit"/>
        <edmx:Include Namespace="CoolingUnit.v1_2_0"/>
    </edmx:Reference>
    <edmx:Reference Uri="/redfish/v1/Schemas/CoolingUnitCollection_v1.xml">
        <edmx:Include Namespace="CoolingUnitCollection"/>
    </edmx:Reference>
    <edmx:Reference Uri="/redfish/v1/Schemas/CXLLogicalDevice_v1.xml">
        <edmx:Include Namespace="CXLLogicalDevice"/>
        <edmx:Include Namespace="CXLLogicalDevice.v1_2_1"/>
    </edmx:Reference>
    <edmx:Reference Uri="/redfish/v1/Schemas/CXLLogicalDeviceCollection_v1.xml">
        <edmx:Include Namespace="CXLLogicalDeviceCollection"/>
    </edmx:Reference>
    <edmx:Reference Uri="/redfish/v1/Schemas/DataProtectionLineOfService_v1.xml">
        <edmx:Include Namespace="DataProtectionLineOfService"/>
        <edmx:Include Namespace="DataProtectionLineOfService.v1_3_0"/>
    </edmx:Reference>
    <edmx:Reference Uri="/redfish/v1/Schemas/DataProtectionLoSCapabilities_v1.xml">
        <edmx:Include Namespace="DataProtectionLoSCapabilities"/>
        <edmx:Include Namespace="DataProtectionLoSCapabilities.v1_2_0"/>
    </edmx:Reference>
    <edmx:Reference Uri="/redfish/v1/Schemas/DataSecurityLineOfService_v1.xml">
        <edmx:Include Namespace="DataSecurityLineOfService"/>
        <edmx:Include Namespace="DataSecurityLineOfService.v1_1_1"/>
    </edmx:Reference>
    <edmx:Reference Uri="/redfish/v1/Schemas/DataSecurityLoSCapabilities_v1.xml">
        <edmx:Include Namespace="DataSecurityLoSCapabilities"/>
        <edmx:Include Namespace="DataSecurityLoSCapabilities.v1_2_0"/>
    </edmx:Reference>
    <edmx:Reference Uri="/redfish/v1/Schemas/DataStorageLineOfService_v1.xml">
        <edmx:Include Namespace="DataStorageLineOfService"/>
        <edmx:Include Namespace="DataStorageLineOfService.v1_3_1"/>
    </edmx:Reference>
    <edmx:Reference Uri="/redfish/v1/Schemas/DataStorageLoSCapabilities_v1.xml">
        <edmx:Include Namespace="DataStorageLoSCapabilities"/>
        <edmx:Include Namespace="DataStorageLoSCapabilities.v1_2_2"/>
    </edmx:Reference>
    <edmx:Reference Uri="/redfish/v1/Schemas/DellAccelerator_v1.xml">
        <edmx:Include Namespace="DellAccelerator"/>
        <edmx:Include Namespace="DellAccelerator.v1_0_0"/>
    </edmx:Reference>
    <edmx:Reference Uri="/redfish/v1/Schemas/DellAcceleratorCollection_v1.xml">
        <edmx:Include Namespace="DellAcceleratorCollection"/>
    </edmx:Reference>
    <edmx:Reference Uri="/redfish/v1/Schemas/DellAggregationMetricDefinition_v1.xml">
        <edmx:Include Namespace="DellAggregationMetricDefinition"/>
        <edmx:Include Namespace="DellAggregationMetricDefinition.v1_0_0"/>
    </edmx:Reference>
    <edmx:Reference Uri="/redfish/v1/Schemas/DellAggregationMetricDefinitionCollection_v1.xml">
        <edmx:Include Namespace="DellAggregationMetricDefinitionCollection"/>
    </edmx:Reference>
    <edmx:Reference Uri="/redfish/v1/Schemas/DellAggregationMetricValue_v1.xml">
        <edmx:Include Namespace="DellAggregationMetricValue"/>
        <edmx:Include Namespace="DellAggregationMetricValue.v1_0_0"/>
    </edmx:Reference>
    <edmx:Reference Uri="/redfish/v1/Schemas/DellAggregationMetricValueCollection_v1.xml">
        <edmx:Include Namespace="DellAggregationMetricValueCollection"/>
    </edmx:Reference>
    <edmx:Reference Uri="/redfish/v1/Schemas/DellAssembly_v1.xml">
        <edmx:Include Namespace="DellAssembly"/>
        <edmx:Include Namespace="DellAssembly.v1_1_0"/>
    </edmx:Reference>
    <edmx:Reference Uri="/redfish/v1/Schemas/DellAssemblyCollection_v1.xml">
        <edmx:Include Namespace="DellAssemblyCollection"/>
    </edmx:Reference>
    <edmx:Reference Uri="/redfish/v1/Schemas/DellAttributeRegistry_v1.xml">
        <edmx:Include Namespace="DellAttributeRegistry"/>
        <edmx:Include Namespace="DellAttributeRegistry.v1_2_0"/>
    </edmx:Reference>
    <edmx:Reference Uri="/redfish/v1/Schemas/DellAttributes_v1.xml">
        <edmx:Include Namespace="DellAttributes"/>
        <edmx:Include Namespace="DellAttributes.v1_0_0"/>
    </edmx:Reference>
    <edmx:Reference Uri="/redfish/v1/Schemas/DellBaseMetricDefinition_v1.xml">
        <edmx:Include Namespace="DellBaseMetricDefinition"/>
        <edmx:Include Namespace="DellBaseMetricDefinition.v1_0_0"/>
    </edmx:Reference>
    <edmx:Reference Uri="/redfish/v1/Schemas/DellBaseMetricDefinitionCollection_v1.xml">
        <edmx:Include Namespace="DellBaseMetricDefinitionCollection"/>
    </edmx:Reference>
    <edmx:Reference Uri="/redfish/v1/Schemas/DellBaseMetricValue_v1.xml">
        <edmx:Include Namespace="DellBaseMetricValue"/>
        <edmx:Include Namespace="DellBaseMetricValue.v1_0_0"/>
    </edmx:Reference>
    <edmx:Reference Uri="/redfish/v1/Schemas/DellBaseMetricValueCollection_v1.xml">
        <edmx:Include Namespace="DellBaseMetricValueCollection"/>
    </edmx:Reference>
    <edmx:Reference Uri="/redfish/v1/Schemas/DellBios_v1.xml">
        <edmx:Include Namespace="DellBios"/>
        <edmx:Include Namespace="DellBios.v1_0_1"/>
    </edmx:Reference>
    <edmx:Reference Uri="/redfish/v1/Schemas/DellBIOSService_v1.xml">
        <edmx:Include Namespace="DellBIOSService"/>
        <edmx:Include Namespace="DellBIOSService.v1_0_0"/>
    </edmx:Reference>
    <edmx:Reference Uri="/redfish/v1/Schemas/DellBootSources_v1.xml">
        <edmx:Include Namespace="DellBootSources"/>
        <edmx:Include Namespace="DellBootSources.v1_2_0"/>
    </edmx:Reference>
    <edmx:Reference Uri="/redfish/v1/Schemas/DellBootSourcesRegistry_v1.xml">
        <edmx:Include Namespace="DellBootSourcesRegistry"/>
        <edmx:Include Namespace="DellBootSourcesRegistry.v1_1_0"/>
    </edmx:Reference>
    <edmx:Reference Uri="/redfish/v1/Schemas/DellCertificate_v1.xml">
        <edmx:Include Namespace="DellCertificate"/>
        <edmx:Include Namespace="DellCertificate.v1_0_1"/>
    </edmx:Reference>
    <edmx:Reference Uri="/redfish/v1/Schemas/DellCertificateCollection_v1.xml">
        <edmx:Include Namespace="DellCertificateCollection"/>
    </edmx:Reference>
    <edmx:Reference Uri="/redfish/v1/Schemas/DellCertificateLocations_v1.xml">
        <edmx:Include Namespace="DellCertificateLocations"/>
        <edmx:Include Namespace="DellCertificateLocations.v1_0_0"/>
    </edmx:Reference>
    <edmx:Reference Uri="/redfish/v1/Schemas/DellCertificateService_v1.xml">
        <edmx:Include Namespace="DellCertificateService"/>
        <edmx:Include Namespace="DellCertificateService.v1_1_0"/>
    </edmx:Reference>
    <edmx:Reference Uri="/redfish/v1/Schemas/DellCertificateStoreCollection_v1.xml">
        <edmx:Include Namespace="DellCertificateStoreCollection"/>
    </edmx:Reference>
    <edmx:Reference Uri="/redfish/v1/Schemas/DellChassis_v1.xml">
        <edmx:Include Namespace="DellChassis"/>
        <edmx:Include Namespace="DellChassis.v1_0_0"/>
    </edmx:Reference>
    <edmx:Reference Uri="/redfish/v1/Schemas/DellChassisCollection_v1.xml">
        <edmx:Include Namespace="DellChassisCollection"/>
    </edmx:Reference>
    <edmx:Reference Uri="/redfish/v1/Schemas/DellChassisPCIeFunction_v1.xml">
        <edmx:Include Namespace="DellChassisPCIeFunction"/>
        <edmx:Include Namespace="DellChassisPCIeFunction.v1_1_0"/>
    </edmx:Reference>
    <edmx:Reference Uri="/redfish/v1/Schemas/DellComponentIntegrity_v1.xml">
        <edmx:Include Namespace="DellComponentIntegrity"/>
        <edmx:Include Namespace="DellComponentIntegrity.v1_0_0"/>
    </edmx:Reference>
    <edmx:Reference Uri="/redfish/v1/Schemas/DellComputerSystem_v1.xml">
        <edmx:Include Namespace="DellComputerSystem"/>
        <edmx:Include Namespace="DellComputerSystem.v1_2_0"/>
    </edmx:Reference>
    <edmx:Reference Uri="/redfish/v1/Schemas/DellController_v1.xml">
        <edmx:Include Namespace="DellController"/>
        <edmx:Include Namespace="DellController.v1_5_0"/>
    </edmx:Reference>
    <edmx:Reference Uri="/redfish/v1/Schemas/DellControllerBattery_v1.xml">
        <edmx:Include Namespace="DellControllerBattery"/>
        <edmx:Include Namespace="DellControllerBattery.v1_0_0"/>
    </edmx:Reference>
    <edmx:Reference Uri="/redfish/v1/Schemas/DellControllerBatteryCollection_v1.xml">
        <edmx:Include Namespace="DellControllerBatteryCollection"/>
    </edmx:Reference>
    <edmx:Reference Uri="/redfish/v1/Schemas/DellControllerCollection_v1.xml">
        <edmx:Include Namespace="DellControllerCollection"/>
    </edmx:Reference>
    <edmx:Reference Uri="/redfish/v1/Schemas/DellD4D_v1.xml">
        <edmx:Include Namespace="DellD4D"/>
        <edmx:Include Namespace="DellD4D.v1_0_0"/>
    </edmx:Reference>
    <edmx:Reference Uri="/redfish/v1/Schemas/DellD4DReport_v1.xml">
        <edmx:Include Namespace="DellD4DReport"/>
        <edmx:Include Namespace="DellD4DReport.v1_0_0"/>
    </edmx:Reference>
    <edmx:Reference Uri="/redfish/v1/Schemas/DellD4DReportCollection_v1.xml">
        <edmx:Include Namespace="DellD4DReportCollection"/>
    </edmx:Reference>
    <edmx:Reference Uri="/redfish/v1/Schemas/DellDrive_v1.xml">
        <edmx:Include Namespace="DellDrive"/>
        <edmx:Include Namespace="DellDrive.v1_2_1"/>
    </edmx:Reference>
    <edmx:Reference Uri="/redfish/v1/Schemas/DellDriveSMARTAttributes_v1.xml">
        <edmx:Include Namespace="DellDriveSMARTAttributes"/>
        <edmx:Include Namespace="DellDriveSMARTAttributes.v1_0_0"/>
    </edmx:Reference>
    <edmx:Reference Uri="/redfish/v1/Schemas/DellEnclosure_v1.xml">
        <edmx:Include Namespace="DellEnclosure"/>
        <edmx:Include Namespace="DellEnclosure.v1_1_0"/>
    </edmx:Reference>
    <edmx:Reference Uri="/redfish/v1/Schemas/DellEnclosureCollection_v1.xml">
        <edmx:Include Namespace="DellEnclosureCollection"/>
    </edmx:Reference>
    <edmx:Reference Uri="/redfish/v1/Schemas/DellEnclosureEMM_v1.xml">
        <edmx:Include Namespace="DellEnclosureEMM"/>
        <edmx:Include Namespace="DellEnclosureEMM.v1_1_0"/>
    </edmx:Reference>
    <edmx:Reference Uri="/redfish/v1/Schemas/DellEnclosureEMMCollection_v1.xml">
        <edmx:Include Namespace="DellEnclosureEMMCollection"/>
    </edmx:Reference>
    <edmx:Reference Uri="/redfish/v1/Schemas/DellEnclosureFanSensor_v1.xml">
        <edmx:Include Namespace="DellEnclosureFanSensor"/>
        <edmx:Include Namespace="DellEnclosureFanSensor.v1_1_0"/>
    </edmx:Reference>
    <edmx:Reference Uri="/redfish/v1/Schemas/DellEnclosureFanSensorCollection_v1.xml">
        <edmx:Include Namespace="DellEnclosureFanSensorCollection"/>
    </edmx:Reference>
    <edmx:Reference Uri="/redfish/v1/Schemas/DellEnclosurePowerSupply_v1.xml">
        <edmx:Include Namespace="DellEnclosurePowerSupply"/>
        <edmx:Include Namespace="DellEnclosurePowerSupply.v1_0_0"/>
    </edmx:Reference>
    <edmx:Reference Uri="/redfish/v1/Schemas/DellEnclosurePowerSupplyCollection_v1.xml">
        <edmx:Include Namespace="DellEnclosurePowerSupplyCollection"/>
    </edmx:Reference>
    <edmx:Reference Uri="/redfish/v1/Schemas/DellEnclosureTemperatureSensor_v1.xml">
        <edmx:Include Namespace="DellEnclosureTemperatureSensor"/>
        <edmx:Include Namespace="DellEnclosureTemperatureSensor.v1_1_0"/>
    </edmx:Reference>
    <edmx:Reference Uri="/redfish/v1/Schemas/DellEnclosureTemperatureSensorCollection_v1.xml">
        <edmx:Include Namespace="DellEnclosureTemperatureSensorCollection"/>
    </edmx:Reference>
    <edmx:Reference Uri="/redfish/v1/Schemas/DellEnvironmentMetrics_v1.xml">
        <edmx:Include Namespace="DellEnvironmentMetrics"/>
        <edmx:Include Namespace="DellEnvironmentMetrics.v1_2_0"/>
    </edmx:Reference>
    <edmx:Reference Uri="/redfish/v1/Schemas/DellEthernetInterface_v1.xml">
        <edmx:Include Namespace="DellEthernetInterface"/>
        <edmx:Include Namespace="DellEthernetInterface.v1_0_0"/>
    </edmx:Reference>
    <edmx:Reference Uri="/redfish/v1/Schemas/DellEvent_v1.xml">
        <edmx:Include Namespace="DellEvent"/>
        <edmx:Include Namespace="DellEvent.v1_1_0"/>
    </edmx:Reference>
    <edmx:Reference Uri="/redfish/v1/Schemas/DellFan_v1.xml">
        <edmx:Include Namespace="DellFan"/>
        <edmx:Include Namespace="DellFan.v1_1_0"/>
    </edmx:Reference>
    <edmx:Reference Uri="/redfish/v1/Schemas/DellFanBoard_v1.xml">
        <edmx:Include Namespace="DellFanBoard"/>
        <edmx:Include Namespace="DellFanBoard.v1_0_0"/>
    </edmx:Reference>
    <edmx:Reference Uri="/redfish/v1/Schemas/DellFanBoardCollection_v1.xml">
        <edmx:Include Namespace="DellFanBoardCollection"/>
    </edmx:Reference>
    <edmx:Reference Uri="/redfish/v1/Schemas/DellFC_v1.xml">
        <edmx:Include Namespace="DellFC"/>
        <edmx:Include Namespace="DellFC.v1_4_0"/>
    </edmx:Reference>
    <edmx:Reference Uri="/redfish/v1/Schemas/DellFCCapabilities_v1.xml">
        <edmx:Include Namespace="DellFCCapabilities"/>
        <edmx:Include Namespace="DellFCCapabilities.v1_0_0"/>
    </edmx:Reference>
    <edmx:Reference Uri="/redfish/v1/Schemas/DellFCCapabilitiesCollection_v1.xml">
        <edmx:Include Namespace="DellFCCapabilitiesCollection"/>
    </edmx:Reference>
    <edmx:Reference Uri="/redfish/v1/Schemas/DellFCCollection_v1.xml">
        <edmx:Include Namespace="DellFCCollection"/>
    </edmx:Reference>
    <edmx:Reference Uri="/redfish/v1/Schemas/DellFCPortMetrics_v1.xml">
        <edmx:Include Namespace="DellFCPortMetrics"/>
        <edmx:Include Namespace="DellFCPortMetrics.v1_1_1"/>
    </edmx:Reference>
    <edmx:Reference Uri="/redfish/v1/Schemas/DellFCPortMetricsCollection_v1.xml">
        <edmx:Include Namespace="DellFCPortMetricsCollection"/>
    </edmx:Reference>
    <edmx:Reference Uri="/redfish/v1/Schemas/DellFCStatistics_v1.xml">
        <edmx:Include Namespace="DellFCStatistics"/>
        <edmx:Include Namespace="DellFCStatistics.v1_0_0"/>
    </edmx:Reference>
    <edmx:Reference Uri="/redfish/v1/Schemas/DellFCStatisticsCollection_v1.xml">
        <edmx:Include Namespace="DellFCStatisticsCollection"/>
    </edmx:Reference>
    <edmx:Reference Uri="/redfish/v1/Schemas/DellFirmwareImageHash_v1.xml">
        <edmx:Include Namespace="DellFirmwareImageHash"/>
        <edmx:Include Namespace="DellFirmwareImageHash.v1_0_0"/>
    </edmx:Reference>
    <edmx:Reference Uri="/redfish/v1/Schemas/DellFirmwareImageHashCollection_v1.xml">
        <edmx:Include Namespace="DellFirmwareImageHashCollection"/>
    </edmx:Reference>
    <edmx:Reference Uri="/redfish/v1/Schemas/DellFRUAssembly_v1.xml">
        <edmx:Include Namespace="DellFRUAssembly"/>
        <edmx:Include Namespace="DellFRUAssembly.v1_1_0"/>
    </edmx:Reference>
    <edmx:Reference Uri="/redfish/v1/Schemas/DellGPUSensor_v1.xml">
        <edmx:Include Namespace="DellGPUSensor"/>
        <edmx:Include Namespace="DellGPUSensor.v1_2_0"/>
    </edmx:Reference>
    <edmx:Reference Uri="/redfish/v1/Schemas/DellGPUSensorCollection_v1.xml">
        <edmx:Include Namespace="DellGPUSensorCollection"/>
    </edmx:Reference>
    <edmx:Reference Uri="/redfish/v1/Schemas/DellHistoricalSensorReadings_v1.xml">
        <edmx:Include Namespace="DellHistoricalSensorReadings"/>
        <edmx:Include Namespace="DellHistoricalSensorReadings.v1_0_0"/>
    </edmx:Reference>
    <edmx:Reference Uri="/redfish/v1/Schemas/DelliDRACCard_v1.xml">
        <edmx:Include Namespace="DelliDRACCard"/>
        <edmx:Include Namespace="DelliDRACCard.v1_1_0"/>
    </edmx:Reference>
    <edmx:Reference Uri="/redfish/v1/Schemas/DelliDRACCardCollection_v1.xml">
        <edmx:Include Namespace="DelliDRACCardCollection"/>
    </edmx:Reference>
    <edmx:Reference Uri="/redfish/v1/Schemas/DelliDRACCardService_v1.xml">
        <edmx:Include Namespace="DelliDRACCardService"/>
        <edmx:Include Namespace="DelliDRACCardService.v1_12_0"/>
    </edmx:Reference>
    <edmx:Reference Uri="/redfish/v1/Schemas/DelliDRACiSMService_v1.xml">
        <edmx:Include Namespace="DelliDRACiSMService"/>
        <edmx:Include Namespace="DelliDRACiSMService.v1_1_0"/>
    </edmx:Reference>
    <edmx:Reference Uri="/redfish/v1/Schemas/DellInfiniBand_v1.xml">
        <edmx:Include Namespace="DellInfiniBand"/>
        <edmx:Include Namespace="DellInfiniBand.v1_3_0"/>
    </edmx:Reference>
    <edmx:Reference Uri="/redfish/v1/Schemas/DellInfiniBandCapabilities_v1.xml">
        <edmx:Include Namespace="DellInfiniBandCapabilities"/>
        <edmx:Include Namespace="DellInfiniBandCapabilities.v1_0_0"/>
    </edmx:Reference>
    <edmx:Reference Uri="/redfish/v1/Schemas/DellInfiniBandCapabilitiesCollection_v1.xml">
        <edmx:Include Namespace="DellInfiniBandCapabilitiesCollection"/>
    </edmx:Reference>
    <edmx:Reference Uri="/redfish/v1/Schemas/DellInfiniBandCollection_v1.xml">
        <edmx:Include Namespace="DellInfiniBandCollection"/>
    </edmx:Reference>
    <edmx:Reference Uri="/redfish/v1/Schemas/DellInfiniBandPortMetrics_v1.xml">
        <edmx:Include Namespace="DellInfiniBandPortMetrics"/>
        <edmx:Include Namespace="DellInfiniBandPortMetrics.v1_1_0"/>
    </edmx:Reference>
    <edmx:Reference Uri="/redfish/v1/Schemas/DellInfiniBandPortMetricsCollection_v1.xml">
        <edmx:Include Namespace="DellInfiniBandPortMetricsCollection"/>
    </edmx:Reference>
    <edmx:Reference Uri="/redfish/v1/Schemas/DellJob_v1.xml">
        <edmx:Include Namespace="DellJob"/>
        <edmx:Include Namespace="DellJob.v1_6_0"/>
    </edmx:Reference>
    <edmx:Reference Uri="/redfish/v1/Schemas/DellJobCollection_v1.xml">
        <edmx:Include Namespace="DellJobCollection"/>
    </edmx:Reference>
    <edmx:Reference Uri="/redfish/v1/Schemas/DellJobService_v1.xml">
        <edmx:Include Namespace="DellJobService"/>
        <edmx:Include Namespace="DellJobService.v1_2_1"/>
    </edmx:Reference>
    <edmx:Reference Uri="/redfish/v1/Schemas/DellLCLogEntry_v1.xml">
        <edmx:Include Namespace="DellLCLogEntry"/>
        <edmx:Include Namespace="DellLCLogEntry.v1_2_0"/>
    </edmx:Reference>
    <edmx:Reference Uri="/redfish/v1/Schemas/DellLCService_v1.xml">
        <edmx:Include Namespace="DellLCService"/>
        <edmx:Include Namespace="DellLCService.v1_10_0"/>
    </edmx:Reference>
    <edmx:Reference Uri="/redfish/v1/Schemas/DellLicensableDevice_v1.xml">
        <edmx:Include Namespace="DellLicensableDevice"/>
        <edmx:Include Namespace="DellLicensableDevice.v1_0_0"/>
    </edmx:Reference>
    <edmx:Reference Uri="/redfish/v1/Schemas/DellLicensableDeviceCollection_v1.xml">
        <edmx:Include Namespace="DellLicensableDeviceCollection"/>
    </edmx:Reference>
    <edmx:Reference Uri="/redfish/v1/Schemas/DellLicense_v1.xml">
        <edmx:Include Namespace="DellLicense"/>
        <edmx:Include Namespace="DellLicense.v1_2_0"/>
    </edmx:Reference>
    <edmx:Reference Uri="/redfish/v1/Schemas/DellLicenseCollection_v1.xml">
        <edmx:Include Namespace="DellLicenseCollection"/>
    </edmx:Reference>
    <edmx:Reference Uri="/redfish/v1/Schemas/DellLicenseManagementService_v1.xml">
        <edmx:Include Namespace="DellLicenseManagementService"/>
        <edmx:Include Namespace="DellLicenseManagementService.v1_1_0"/>
    </edmx:Reference>
    <edmx:Reference Uri="/redfish/v1/Schemas/DellLocation_v1.xml">
        <edmx:Include Namespace="DellLocation"/>
        <edmx:Include Namespace="DellLocation.v1_2_0"/>
    </edmx:Reference>
    <edmx:Reference Uri="/redfish/v1/Schemas/DellLogEntry_v1.xml">
        <edmx:Include Namespace="DellLogEntry"/>
        <edmx:Include Namespace="DellLogEntry.v1_1_0"/>
    </edmx:Reference>
    <edmx:Reference Uri="/redfish/v1/Schemas/DellManager_v1.xml">
        <edmx:Include Namespace="DellManager"/>
        <edmx:Include Namespace="DellManager.v1_5_1"/>
    </edmx:Reference>
    <edmx:Reference Uri="/redfish/v1/Schemas/DellManagerAccount_v1.xml">
        <edmx:Include Namespace="DellManagerAccount"/>
        <edmx:Include Namespace="DellManagerAccount.v1_0_0"/>
    </edmx:Reference>
    <edmx:Reference Uri="/redfish/v1/Schemas/DellManagerNetworkProtocol_v1.xml">
        <edmx:Include Namespace="DellManagerNetworkProtocol"/>
        <edmx:Include Namespace="DellManagerNetworkProtocol.v1_0_1"/>
    </edmx:Reference>
    <edmx:Reference Uri="/redfish/v1/Schemas/DellMemory_v1.xml">
        <edmx:Include Namespace="DellMemory"/>
        <edmx:Include Namespace="DellMemory.v1_1_0"/>
    </edmx:Reference>
    <edmx:Reference Uri="/redfish/v1/Schemas/DellMemoryCollection_v1.xml">
        <edmx:Include Namespace="DellMemoryCollection"/>
    </edmx:Reference>
    <edmx:Reference Uri="/redfish/v1/Schemas/DellMetric_v1.xml">
        <edmx:Include Namespace="DellMetric"/>
        <edmx:Include Namespace="DellMetric.v1_1_0"/>
    </edmx:Reference>
    <edmx:Reference Uri="/redfish/v1/Schemas/DellMetricReport_v1.xml">
        <edmx:Include Namespace="DellMetricReport"/>
        <edmx:Include Namespace="DellMetricReport.v1_0_0"/>
    </edmx:Reference>
    <edmx:Reference Uri="/redfish/v1/Schemas/DellMetricReportDefinition_v1.xml">
        <edmx:Include Namespace="DellMetricReportDefinition"/>
        <edmx:Include Namespace="DellMetricReportDefinition.v1_1_0"/>
    </edmx:Reference>
    <edmx:Reference Uri="/redfish/v1/Schemas/DellMetricReportValue_v1.xml">
        <edmx:Include Namespace="DellMetricReportValue"/>
        <edmx:Include Namespace="DellMetricReportValue.v1_0_1"/>
    </edmx:Reference>
    <edmx:Reference Uri="/redfish/v1/Schemas/DellMetricService_v1.xml">
        <edmx:Include Namespace="DellMetricService"/>
        <edmx:Include Namespace="DellMetricService.v1_2_0"/>
    </edmx:Reference>
    <edmx:Reference Uri="/redfish/v1/Schemas/DellNetworkAdapter_v1.xml">
        <edmx:Include Namespace="DellNetworkAdapter"/>
        <edmx:Include Namespace="DellNetworkAdapter.v1_2_0"/>
    </edmx:Reference>
    <edmx:Reference Uri="/redfish/v1/Schemas/DellNetworkDeviceFunction_v1.xml">
        <edmx:Include Namespace="DellNetworkDeviceFunction"/>
        <edmx:Include Namespace="DellNetworkDeviceFunction.v1_0_0"/>
    </edmx:Reference>
    <edmx:Reference Uri="/redfish/v1/Schemas/DellNetworkPort_v1.xml">
        <edmx:Include Namespace="DellNetworkPort"/>
        <edmx:Include Namespace="DellNetworkPort.v1_0_0"/>
    </edmx:Reference>
    <edmx:Reference Uri="/redfish/v1/Schemas/DellNetworkTransceiver_v1.xml">
        <edmx:Include Namespace="DellNetworkTransceiver"/>
        <edmx:Include Namespace="DellNetworkTransceiver.v1_1_0"/>
    </edmx:Reference>
    <edmx:Reference Uri="/redfish/v1/Schemas/DellNetworkTransceiverCollection_v1.xml">
        <edmx:Include Namespace="DellNetworkTransceiverCollection"/>
    </edmx:Reference>
    <edmx:Reference Uri="/redfish/v1/Schemas/DellNetworkTransceiverPortMetrics_v1.xml">
        <edmx:Include Namespace="DellNetworkTransceiverPortMetrics"/>
        <edmx:Include Namespace="DellNetworkTransceiverPortMetrics.v1_0_0"/>
    </edmx:Reference>
    <edmx:Reference Uri="/redfish/v1/Schemas/DellNetworkTransceiverPortMetricsCollection_v1.xml">
        <edmx:Include Namespace="DellNetworkTransceiverPortMetricsCollection"/>
    </edmx:Reference>
    <edmx:Reference Uri="/redfish/v1/Schemas/DellNIC_v1.xml">
        <edmx:Include Namespace="DellNIC"/>
        <edmx:Include Namespace="DellNIC.v1_9_0"/>
    </edmx:Reference>
    <edmx:Reference Uri="/redfish/v1/Schemas/DellNICCapabilities_v1.xml">
        <edmx:Include Namespace="DellNICCapabilities"/>
        <edmx:Include Namespace="DellNICCapabilities.v1_2_0"/>
    </edmx:Reference>
    <edmx:Reference Uri="/redfish/v1/Schemas/DellNICCapabilitiesCollection_v1.xml">
        <edmx:Include Namespace="DellNICCapabilitiesCollection"/>
    </edmx:Reference>
    <edmx:Reference Uri="/redfish/v1/Schemas/DellNICCollection_v1.xml">
        <edmx:Include Namespace="DellNICCollection"/>
    </edmx:Reference>
    <edmx:Reference Uri="/redfish/v1/Schemas/DellNICPortMetrics_v1.xml">
        <edmx:Include Namespace="DellNICPortMetrics"/>
        <edmx:Include Namespace="DellNICPortMetrics.v1_2_0"/>
    </edmx:Reference>
    <edmx:Reference Uri="/redfish/v1/Schemas/DellNICPortMetricsCollection_v1.xml">
        <edmx:Include Namespace="DellNICPortMetricsCollection"/>
    </edmx:Reference>
    <edmx:Reference Uri="/redfish/v1/Schemas/DellNICStatistics_v1.xml">
        <edmx:Include Namespace="DellNICStatistics"/>
        <edmx:Include Namespace="DellNICStatistics.v1_1_0"/>
    </edmx:Reference>
    <edmx:Reference Uri="/redfish/v1/Schemas/DellNICStatisticsCollection_v1.xml">
        <edmx:Include Namespace="DellNICStatisticsCollection"/>
    </edmx:Reference>
    <edmx:Reference Uri="/redfish/v1/Schemas/DellNumericSensor_v1.xml">
        <edmx:Include Namespace="DellNumericSensor"/>
        <edmx:Include Namespace="DellNumericSensor.v1_1_1"/>
    </edmx:Reference>
    <edmx:Reference Uri="/redfish/v1/Schemas/DellNumericSensorCollection_v1.xml">
        <edmx:Include Namespace="DellNumericSensorCollection"/>
    </edmx:Reference>
    <edmx:Reference Uri="/redfish/v1/Schemas/DellNVMeSMARTAttributes_v1.xml">
        <edmx:Include Namespace="DellNVMeSMARTAttributes"/>
        <edmx:Include Namespace="DellNVMeSMARTAttributes.v1_1_0"/>
    </edmx:Reference>
    <edmx:Reference Uri="/redfish/v1/Schemas/DellOAuthConfig_v1.xml">
        <edmx:Include Namespace="DellOAuthConfig"/>
        <edmx:Include Namespace="DellOAuthConfig.v1_0_0"/>
    </edmx:Reference>
    <edmx:Reference Uri="/redfish/v1/Schemas/DellOem_v1.xml">
        <edmx:Include Namespace="DellOem"/>
        <edmx:Include Namespace="DellOem.v1_3_0"/>
    </edmx:Reference>
    <edmx:Reference Uri="/redfish/v1/Schemas/DellOemAssembly_v1.xml">
        <edmx:Include Namespace="DellOemAssembly"/>
        <edmx:Include Namespace="DellOemAssembly.v1_1_0"/>
    </edmx:Reference>
    <edmx:Reference Uri="/redfish/v1/Schemas/DellOemAttributeRegistry_v1.xml">
        <edmx:Include Namespace="DellOemAttributeRegistry"/>
        <edmx:Include Namespace="DellOemAttributeRegistry.v1_0_0"/>
    </edmx:Reference>
    <edmx:Reference Uri="/redfish/v1/Schemas/DellOemChassis_v1.xml">
        <edmx:Include Namespace="DellOemChassis"/>
        <edmx:Include Namespace="DellOemChassis.v1_5_0"/>
    </edmx:Reference>
    <edmx:Reference Uri="/redfish/v1/Schemas/DellOemEnclosureChassis_v1.xml">
        <edmx:Include Namespace="DellOemEnclosureChassis"/>
        <edmx:Include Namespace="DellOemEnclosureChassis.v1_2_0"/>
    </edmx:Reference>
    <edmx:Reference Uri="/redfish/v1/Schemas/DellOemJob_v1.xml">
        <edmx:Include Namespace="DellOemJob"/>
        <edmx:Include Namespace="DellOemJob.v1_0_0"/>
    </edmx:Reference>
    <edmx:Reference Uri="/redfish/v1/Schemas/DellOemMemory_v1.xml">
        <edmx:Include Namespace="DellOemMemory"/>
        <edmx:Include Namespace="DellOemMemory.v1_0_0"/>
    </edmx:Reference>
    <edmx:Reference Uri="/redfish/v1/Schemas/DellOemPower_v1.xml">
        <edmx:Include Namespace="DellOemPower"/>
        <edmx:Include Namespace="DellOemPower.v1_1_0"/>
    </edmx:Reference>
    <edmx:Reference Uri="/redfish/v1/Schemas/DellOemPower_PowerSupplies_v1.xml">
        <edmx:Include Namespace="DellOemPower_PowerSupplies"/>
        <edmx:Include Namespace="DellOemPower_PowerSupplies.v1_0_0"/>
    </edmx:Reference>
    <edmx:Reference Uri="/redfish/v1/Schemas/DellOemPowerSubsystem_v1.xml">
        <edmx:Include Namespace="DellOemPowerSubsystem"/>
        <edmx:Include Namespace="DellOemPowerSubsystem.v1_0_0"/>
    </edmx:Reference>
    <edmx:Reference Uri="/redfish/v1/Schemas/DellOemProcessor_v1.xml">
        <edmx:Include Namespace="DellOemProcessor"/>
        <edmx:Include Namespace="DellOemProcessor.v1_1_0"/>
    </edmx:Reference>
    <edmx:Reference Uri="/redfish/v1/Schemas/DellOemSensor_v1.xml">
        <edmx:Include Namespace="DellOemSensor"/>
        <edmx:Include Namespace="DellOemSensor.v1_2_0"/>
    </edmx:Reference>
    <edmx:Reference Uri="/redfish/v1/Schemas/DellOemStorage_v1.xml">
        <edmx:Include Namespace="DellOemStorage"/>
        <edmx:Include Namespace="DellOemStorage.v1_0_0"/>
    </edmx:Reference>
    <edmx:Reference Uri="/redfish/v1/Schemas/DellOemStorageController_v1.xml">
        <edmx:Include Namespace="DellOemStorageController"/>
        <edmx:Include Namespace="DellOemStorageController.v1_0_1"/>
    </edmx:Reference>
    <edmx:Reference Uri="/redfish/v1/Schemas/DellOemThermalSubsystem_v1.xml">
        <edmx:Include Namespace="DellOemThermalSubsystem"/>
        <edmx:Include Namespace="DellOemThermalSubsystem.v1_0_0"/>
    </edmx:Reference>
    <edmx:Reference Uri="/redfish/v1/Schemas/DellOpaqueManagementData_v1.xml">
        <edmx:Include Namespace="DellOpaqueManagementData"/>
        <edmx:Include Namespace="DellOpaqueManagementData.v1_0_0"/>
    </edmx:Reference>
    <edmx:Reference Uri="/redfish/v1/Schemas/DellOpaqueManagementDataCollection_v1.xml">
        <edmx:Include Namespace="DellOpaqueManagementDataCollection"/>
    </edmx:Reference>
    <edmx:Reference Uri="/redfish/v1/Schemas/DellOSDeploymentService_v1.xml">
        <edmx:Include Namespace="DellOSDeploymentService"/>
        <edmx:Include Namespace="DellOSDeploymentService.v1_2_0"/>
    </edmx:Reference>
    <edmx:Reference Uri="/redfish/v1/Schemas/DellPCIeDevice_v1.xml">
        <edmx:Include Namespace="DellPCIeDevice"/>
        <edmx:Include Namespace="DellPCIeDevice.v1_0_0"/>
    </edmx:Reference>
    <edmx:Reference Uri="/redfish/v1/Schemas/DellPCIeFunction_v1.xml">
        <edmx:Include Namespace="DellPCIeFunction"/>
        <edmx:Include Namespace="DellPCIeFunction.v1_7_0"/>
    </edmx:Reference>
    <edmx:Reference Uri="/redfish/v1/Schemas/DellPCIeFunctionCollection_v1.xml">
        <edmx:Include Namespace="DellPCIeFunctionCollection"/>
    </edmx:Reference>
    <edmx:Reference Uri="/redfish/v1/Schemas/DellPCIeSlots_v1.xml">
        <edmx:Include Namespace="DellPCIeSlots"/>
        <edmx:Include Namespace="DellPCIeSlots.v1_1_0"/>
    </edmx:Reference>
    <edmx:Reference Uri="/redfish/v1/Schemas/DellPCIeSSD_v1.xml">
        <edmx:Include Namespace="DellPCIeSSD"/>
        <edmx:Include Namespace="DellPCIeSSD.v1_9_0"/>
    </edmx:Reference>
    <edmx:Reference Uri="/redfish/v1/Schemas/DellPCIeSSDBackPlane_v1.xml">
        <edmx:Include Namespace="DellPCIeSSDBackPlane"/>
        <edmx:Include Namespace="DellPCIeSSDBackPlane.v1_3_0"/>
    </edmx:Reference>
    <edmx:Reference Uri="/redfish/v1/Schemas/DellPCIeSSDBackPlaneCollection_v1.xml">
        <edmx:Include Namespace="DellPCIeSSDBackPlaneCollection"/>
    </edmx:Reference>
    <edmx:Reference Uri="/redfish/v1/Schemas/DellPCIeSSDCollection_v1.xml">
        <edmx:Include Namespace="DellPCIeSSDCollection"/>
    </edmx:Reference>
    <edmx:Reference Uri="/redfish/v1/Schemas/DellPCIeSSDExtender_v1.xml">
        <edmx:Include Namespace="DellPCIeSSDExtender"/>
        <edmx:Include Namespace="DellPCIeSSDExtender.v1_0_0"/>
    </edmx:Reference>
    <edmx:Reference Uri="/redfish/v1/Schemas/DellPCIeSSDExtenderCollection_v1.xml">
        <edmx:Include Namespace="DellPCIeSSDExtenderCollection"/>
    </edmx:Reference>
    <edmx:Reference Uri="/redfish/v1/Schemas/DellPersistentStorageService_v1.xml">
        <edmx:Include Namespace="DellPersistentStorageService"/>
        <edmx:Include Namespace="DellPersistentStorageService.v1_1_0"/>
    </edmx:Reference>
    <edmx:Reference Uri="/redfish/v1/Schemas/DellPhysicalDisk_v1.xml">
        <edmx:Include Namespace="DellPhysicalDisk"/>
        <edmx:Include Namespace="DellPhysicalDisk.v1_7_0"/>
    </edmx:Reference>
    <edmx:Reference Uri="/redfish/v1/Schemas/DellPhysicalDiskCollection_v1.xml">
        <edmx:Include Namespace="DellPhysicalDiskCollection"/>
    </edmx:Reference>
    <edmx:Reference Uri="/redfish/v1/Schemas/DellPluginInventory_v1.xml">
        <edmx:Include Namespace="DellPluginInventory"/>
        <edmx:Include Namespace="DellPluginInventory.v1_0_0"/>
    </edmx:Reference>
    <edmx:Reference Uri="/redfish/v1/Schemas/DellPort_v1.xml">
        <edmx:Include Namespace="DellPort"/>
        <edmx:Include Namespace="DellPort.v1_0_0"/>
    </edmx:Reference>
    <edmx:Reference Uri="/redfish/v1/Schemas/DellPowerSupply_v1.xml">
        <edmx:Include Namespace="DellPowerSupply"/>
        <edmx:Include Namespace="DellPowerSupply.v1_1_1"/>
    </edmx:Reference>
    <edmx:Reference Uri="/redfish/v1/Schemas/DellPowerSupplyCollection_v1.xml">
        <edmx:Include Namespace="DellPowerSupplyCollection"/>
    </edmx:Reference>
    <edmx:Reference Uri="/redfish/v1/Schemas/DellPowerSupplyView_v1.xml">
        <edmx:Include Namespace="DellPowerSupplyView"/>
        <edmx:Include Namespace="DellPowerSupplyView.v1_4_0"/>
    </edmx:Reference>
    <edmx:Reference Uri="/redfish/v1/Schemas/DellPowerSupplyViewCollection_v1.xml">
        <edmx:Include Namespace="DellPowerSupplyViewCollection"/>
    </edmx:Reference>
    <edmx:Reference Uri="/redfish/v1/Schemas/DellPresenceAndStatusSensor_v1.xml">
        <edmx:Include Namespace="DellPresenceAndStatusSensor"/>
        <edmx:Include Namespace="DellPresenceAndStatusSensor.v1_1_0"/>
    </edmx:Reference>
    <edmx:Reference Uri="/redfish/v1/Schemas/DellPresenceAndStatusSensorCollection_v1.xml">
        <edmx:Include Namespace="DellPresenceAndStatusSensorCollection"/>
    </edmx:Reference>
    <edmx:Reference Uri="/redfish/v1/Schemas/DellProcessor_v1.xml">
        <edmx:Include Namespace="DellProcessor"/>
        <edmx:Include Namespace="DellProcessor.v1_2_0"/>
    </edmx:Reference>
    <edmx:Reference Uri="/redfish/v1/Schemas/DellProcessorCollection_v1.xml">
        <edmx:Include Namespace="DellProcessorCollection"/>
    </edmx:Reference>
    <edmx:Reference Uri="/redfish/v1/Schemas/DellProcessorMetrics_v1.xml">
        <edmx:Include Namespace="DellProcessorMetrics"/>
        <edmx:Include Namespace="DellProcessorMetrics.v1_1_0"/>
    </edmx:Reference>
    <edmx:Reference Uri="/redfish/v1/Schemas/DellPSNumericSensor_v1.xml">
        <edmx:Include Namespace="DellPSNumericSensor"/>
        <edmx:Include Namespace="DellPSNumericSensor.v1_1_0"/>
    </edmx:Reference>
    <edmx:Reference Uri="/redfish/v1/Schemas/DellPSNumericSensorCollection_v1.xml">
        <edmx:Include Namespace="DellPSNumericSensorCollection"/>
    </edmx:Reference>
    <edmx:Reference Uri="/redfish/v1/Schemas/DellRaidService_v1.xml">
        <edmx:Include Namespace="DellRaidService"/>
        <edmx:Include Namespace="DellRaidService.v1_7_0"/>
    </edmx:Reference>
    <edmx:Reference Uri="/redfish/v1/Schemas/DellRollupStatus_v1.xml">
        <edmx:Include Namespace="DellRollupStatus"/>
        <edmx:Include Namespace="DellRollupStatus.v1_0_0"/>
    </edmx:Reference>
    <edmx:Reference Uri="/redfish/v1/Schemas/DellRollupStatusCollection_v1.xml">
        <edmx:Include Namespace="DellRollupStatusCollection"/>
    </edmx:Reference>
    <edmx:Reference Uri="/redfish/v1/Schemas/DellSecureBoot_v1.xml">
        <edmx:Include Namespace="DellSecureBoot"/>
        <edmx:Include Namespace="DellSecureBoot.v1_1_0"/>
    </edmx:Reference>
    <edmx:Reference Uri="/redfish/v1/Schemas/DellSensor_v1.xml">
        <edmx:Include Namespace="DellSensor"/>
        <edmx:Include Namespace="DellSensor.v1_0_0"/>
    </edmx:Reference>
    <edmx:Reference Uri="/redfish/v1/Schemas/DellSensorCollection_v1.xml">
        <edmx:Include Namespace="DellSensorCollection"/>
    </edmx:Reference>
    <edmx:Reference Uri="/redfish/v1/Schemas/DellSerialInterface_v1.xml">
        <edmx:Include Namespace="DellSerialInterface"/>
        <edmx:Include Namespace="DellSerialInterface.v1_0_0"/>
    </edmx:Reference>
    <edmx:Reference Uri="/redfish/v1/Schemas/DellServiceRoot_v1.xml">
        <edmx:Include Namespace="DellServiceRoot"/>
        <edmx:Include Namespace="DellServiceRoot.v1_0_0"/>
    </edmx:Reference>
    <edmx:Reference Uri="/redfish/v1/Schemas/DellSlot_v1.xml">
        <edmx:Include Namespace="DellSlot"/>
        <edmx:Include Namespace="DellSlot.v1_0_0"/>
    </edmx:Reference>
    <edmx:Reference Uri="/redfish/v1/Schemas/DellSlotCollection_v1.xml">
        <edmx:Include Namespace="DellSlotCollection"/>
    </edmx:Reference>
    <edmx:Reference Uri="/redfish/v1/Schemas/DellSoftwareInstallationService_v1.xml">
        <edmx:Include Namespace="DellSoftwareInstallationService"/>
        <edmx:Include Namespace="DellSoftwareInstallationService.v1_4_1"/>
    </edmx:Reference>
    <edmx:Reference Uri="/redfish/v1/Schemas/DellSoftwareInventory_v1.xml">
        <edmx:Include Namespace="DellSoftwareInventory"/>
        <edmx:Include Namespace="DellSoftwareInventory.v1_4_0"/>
    </edmx:Reference>
    <edmx:Reference Uri="/redfish/v1/Schemas/DellSoftwareInventoryCollection_v1.xml">
        <edmx:Include Namespace="DellSoftwareInventoryCollection"/>
    </edmx:Reference>
    <edmx:Reference Uri="/redfish/v1/Schemas/DellStorage_v1.xml">
        <edmx:Include Namespace="DellStorage"/>
        <edmx:Include Namespace="DellStorage.v1_0_0"/>
    </edmx:Reference>
    <edmx:Reference Uri="/redfish/v1/Schemas/DellSwitch_v1.xml">
        <edmx:Include Namespace="DellSwitch"/>
        <edmx:Include Namespace="DellSwitch.v1_0_0"/>
    </edmx:Reference>
    <edmx:Reference Uri="/redfish/v1/Schemas/DellSwitchConnection_v1.xml">
        <edmx:Include Namespace="DellSwitchConnection"/>
        <edmx:Include Namespace="DellSwitchConnection.v1_1_0"/>
    </edmx:Reference>
    <edmx:Reference Uri="/redfish/v1/Schemas/DellSwitchConnectionCollection_v1.xml">
        <edmx:Include Namespace="DellSwitchConnectionCollection"/>
    </edmx:Reference>
    <edmx:Reference Uri="/redfish/v1/Schemas/DellSwitchConnectionService_v1.xml">
        <edmx:Include Namespace="DellSwitchConnectionService"/>
        <edmx:Include Namespace="DellSwitchConnectionService.v1_0_0"/>
    </edmx:Reference>
    <edmx:Reference Uri="/redfish/v1/Schemas/DellSystem_v1.xml">
        <edmx:Include Namespace="DellSystem"/>
        <edmx:Include Namespace="DellSystem.v1_4_0"/>
    </edmx:Reference>
    <edmx:Reference Uri="/redfish/v1/Schemas/DellSystemCollection_v1.xml">
        <edmx:Include Namespace="DellSystemCollection"/>
    </edmx:Reference>
    <edmx:Reference Uri="/redfish/v1/Schemas/DellSystemManagementService_v1.xml">
        <edmx:Include Namespace="DellSystemManagementService"/>
        <edmx:Include Namespace="DellSystemManagementService.v1_1_0"/>
    </edmx:Reference>
    <edmx:Reference Uri="/redfish/v1/Schemas/DellSystemQuickSync_v1.xml">
        <edmx:Include Namespace="DellSystemQuickSync"/>
        <edmx:Include Namespace="DellSystemQuickSync.v1_0_0"/>
    </edmx:Reference>
    <edmx:Reference Uri="/redfish/v1/Schemas/DellSystemQuickSyncCollection_v1.xml">
        <edmx:Include Namespace="DellSystemQuickSyncCollection"/>
    </edmx:Reference>
    <edmx:Reference Uri="/redfish/v1/Schemas/DellTask_v1.xml">
        <edmx:Include Namespace="DellTask"/>
        <edmx:Include Namespace="DellTask.v1_0_0"/>
    </edmx:Reference>
    <edmx:Reference Uri="/redfish/v1/Schemas/DellTelemetryService_v1.xml">
        <edmx:Include Namespace="DellTelemetryService"/>
        <edmx:Include Namespace="DellTelemetryService.v1_2_0"/>
    </edmx:Reference>
    <edmx:Reference Uri="/redfish/v1/Schemas/DellTimeService_v1.xml">
        <edmx:Include Namespace="DellTimeService"/>
        <edmx:Include Namespace="DellTimeService.v1_0_1"/>
    </edmx:Reference>
    <edmx:Reference Uri="/redfish/v1/Schemas/DellUpdateService_v1.xml">
        <edmx:Include Namespace="DellUpdateService"/>
        <edmx:Include Namespace="DellUpdateService.v1_3_0"/>
    </edmx:Reference>
    <edmx:Reference Uri="/redfish/v1/Schemas/DellUSBDevice_v1.xml">
        <edmx:Include Namespace="DellUSBDevice"/>
        <edmx:Include Namespace="DellUSBDevice.v1_0_0"/>
    </edmx:Reference>
    <edmx:Reference Uri="/redfish/v1/Schemas/DellUSBDeviceCollection_v1.xml">
        <edmx:Include Namespace="DellUSBDeviceCollection"/>
    </edmx:Reference>
    <edmx:Reference Uri="/redfish/v1/Schemas/DellvFlash_v1.xml">
        <edmx:Include Namespace="DellvFlash"/>
        <edmx:Include Namespace="DellvFlash.v1_1_0"/>
    </edmx:Reference>
    <edmx:Reference Uri="/redfish/v1/Schemas/DellvFlashCollection_v1.xml">
        <edmx:Include Namespace="DellvFlashCollection"/>
    </edmx:Reference>
    <edmx:Reference Uri="/redfish/v1/Schemas/DellVideo_v1.xml">
        <edmx:Include Namespace="DellVideo"/>
        <edmx:Include Namespace="DellVideo.v1_3_0"/>
    </edmx:Reference>
    <edmx:Reference Uri="/redfish/v1/Schemas/DellVideoCollection_v1.xml">
        <edmx:Include Namespace="DellVideoCollection"/>
    </edmx:Reference>
    <edmx:Reference Uri="/redfish/v1/Schemas/DellVideoNetwork_v1.xml">
        <edmx:Include Namespace="DellVideoNetwork"/>
        <edmx:Include Namespace="DellVideoNetwork.v1_0_0"/>
    </edmx:Reference>
    <edmx:Reference Uri="/redfish/v1/Schemas/DellVideoNetworkCollection_v1.xml">
        <edmx:Include Namespace="DellVideoNetworkCollection"/>
    </edmx:Reference>
    <edmx:Reference Uri="/redfish/v1/Schemas/DellVirtualDisk_v1.xml">
        <edmx:Include Namespace="DellVirtualDisk"/>
        <edmx:Include Namespace="DellVirtualDisk.v1_2_0"/>
    </edmx:Reference>
    <edmx:Reference Uri="/redfish/v1/Schemas/DellVirtualDiskCollection_v1.xml">
        <edmx:Include Namespace="DellVirtualDiskCollection"/>
    </edmx:Reference>
    <edmx:Reference Uri="/redfish/v1/Schemas/DellVolume_v1.xml">
        <edmx:Include Namespace="DellVolume"/>
        <edmx:Include Namespace="DellVolume.v1_0_0"/>
    </edmx:Reference>
    <edmx:Reference Uri="/redfish/v1/Schemas/DellWitnessServer_v1.xml">
        <edmx:Include Namespace="DellWitnessServer"/>
        <edmx:Include Namespace="DellWitnessServer.v1_1_0"/>
    </edmx:Reference>
    <edmx:Reference Uri="/redfish/v1/Schemas/Drive_v1.xml">
        <edmx:Include Namespace="Drive"/>
        <edmx:Include Namespace="Drive.v1_21_0"/>
    </edmx:Reference>
    <edmx:Reference Uri="/redfish/v1/Schemas/DriveCollection_v1.xml">
        <edmx:Include Namespace="DriveCollection"/>
    </edmx:Reference>
    <edmx:Reference Uri="/redfish/v1/Schemas/DriveMetrics_v1.xml">
        <edmx:Include Namespace="DriveMetrics"/>
        <edmx:Include Namespace="DriveMetrics.v1_2_1"/>
    </edmx:Reference>
    <edmx:Reference Uri="/redfish/v1/Schemas/Endpoint_v1.xml">
        <edmx:Include Namespace="Endpoint"/>
        <edmx:Include Namespace="Endpoint.v1_8_2"/>
    </edmx:Reference>
    <edmx:Reference Uri="/redfish/v1/Schemas/EndpointCollection_v1.xml">
        <edmx:Include Namespace="EndpointCollection"/>
    </edmx:Reference>
    <edmx:Reference Uri="/redfish/v1/Schemas/EndpointGroup_v1.xml">
        <edmx:Include Namespace="EndpointGroup"/>
        <edmx:Include Namespace="EndpointGroup.v1_3_4"/>
    </edmx:Reference>
    <edmx:Reference Uri="/redfish/v1/Schemas/EndpointGroupCollection_v1.xml">
        <edmx:Include Namespace="EndpointGroupCollection"/>
    </edmx:Reference>
    <edmx:Reference Uri="/redfish/v1/Schemas/EnvironmentMetrics_v1.xml">
        <edmx:Include Namespace="EnvironmentMetrics"/>
        <edmx:Include Namespace="EnvironmentMetrics.v1_4_0"/>
    </edmx:Reference>
    <edmx:Reference Uri="/redfish/v1/Schemas/EthernetInterface_v1.xml">
        <edmx:Include Namespace="EthernetInterface"/>
        <edmx:Include Namespace="EthernetInterface.v1_12_4"/>
    </edmx:Reference>
    <edmx:Reference Uri="/redfish/v1/Schemas/EthernetInterfaceCollection_v1.xml">
        <edmx:Include Namespace="EthernetInterfaceCollection"/>
    </edmx:Reference>
    <edmx:Reference Uri="/redfish/v1/Schemas/Event_v1.xml">
        <edmx:Include Namespace="Event"/>
        <edmx:Include Namespace="Event.v1_11_1"/>
    </edmx:Reference>
    <edmx:Reference Uri="/redfish/v1/Schemas/EventDestination_v1.xml">
        <edmx:Include Namespace="EventDestination"/>
        <edmx:Include Namespace="EventDestination.v1_15_1"/>
    </edmx:Reference>
    <edmx:Reference Uri="/redfish/v1/Schemas/EventDestinationCollection_v1.xml">
        <edmx:Include Namespace="EventDestinationCollection"/>
    </edmx:Reference>
    <edmx:Reference Uri="/redfish/v1/Schemas/EventService_v1.xml">
        <edmx:Include Namespace="EventService"/>
        <edmx:Include Namespace="EventService.v1_11_0"/>
    </edmx:Reference>
    <edmx:Reference Uri="/redfish/v1/Schemas/ExternalAccountProvider_v1.xml">
        <edmx:Include Namespace="ExternalAccountProvider"/>
        <edmx:Include Namespace="ExternalAccountProvider.v1_8_1"/>
    </edmx:Reference>
    <edmx:Reference Uri="/redfish/v1/Schemas/ExternalAccountProviderCollection_v1.xml">
        <edmx:Include Namespace="ExternalAccountProviderCollection"/>
    </edmx:Reference>
    <edmx:Reference Uri="/redfish/v1/Schemas/Fabric_v1.xml">
        <edmx:Include Namespace="Fabric"/>
        <edmx:Include Namespace="Fabric.v1_3_2"/>
    </edmx:Reference>
    <edmx:Reference Uri="/redfish/v1/Schemas/FabricAdapter_v1.xml">
        <edmx:Include Namespace="FabricAdapter"/>
        <edmx:Include Namespace="FabricAdapter.v1_5_3"/>
    </edmx:Reference>
    <edmx:Reference Uri="/redfish/v1/Schemas/FabricAdapterCollection_v1.xml">
        <edmx:Include Namespace="FabricAdapterCollection"/>
    </edmx:Reference>
    <edmx:Reference Uri="/redfish/v1/Schemas/FabricCollection_v1.xml">
        <edmx:Include Namespace="FabricCollection"/>
    </edmx:Reference>
    <edmx:Reference Uri="/redfish/v1/Schemas/Facility_v1.xml">
        <edmx:Include Namespace="Facility"/>
        <edmx:Include Namespace="Facility.v1_4_2"/>
    </edmx:Reference>
    <edmx:Reference Uri="/redfish/v1/Schemas/FacilityCollection_v1.xml">
        <edmx:Include Namespace="FacilityCollection"/>
    </edmx:Reference>
    <edmx:Reference Uri="/redfish/v1/Schemas/Fan_v1.xml">
        <edmx:Include Namespace="Fan"/>
        <edmx:Include Namespace="Fan.v1_5_2"/>
    </edmx:Reference>
    <edmx:Reference Uri="/redfish/v1/Schemas/FanCollection_v1.xml">
        <edmx:Include Namespace="FanCollection"/>
    </edmx:Reference>
    <edmx:Reference Uri="/redfish/v1/Schemas/FeaturesRegistry_v1.xml">
        <edmx:Include Namespace="FeaturesRegistry"/>
        <edmx:Include Namespace="FeaturesRegistry.v1_1_1"/>
    </edmx:Reference>
    <edmx:Reference Uri="/redfish/v1/Schemas/FileShare_v1.xml">
        <edmx:Include Namespace="FileShare"/>
        <edmx:Include Namespace="FileShare.v1_3_0"/>
    </edmx:Reference>
    <edmx:Reference Uri="/redfish/v1/Schemas/FileShareCollection_v1.xml">
        <edmx:Include Namespace="FileShareCollection"/>
    </edmx:Reference>
    <edmx:Reference Uri="/redfish/v1/Schemas/FileSystem_v1.xml">
        <edmx:Include Namespace="FileSystem"/>
        <edmx:Include Namespace="FileSystem.v1_3_0"/>
    </edmx:Reference>
    <edmx:Reference Uri="/redfish/v1/Schemas/FileSystemCollection_v1.xml">
        <edmx:Include Namespace="FileSystemCollection"/>
    </edmx:Reference>
    <edmx:Reference Uri="/redfish/v1/Schemas/Filter_v1.xml">
        <edmx:Include Namespace="Filter"/>
        <edmx:Include Namespace="Filter.v1_0_2"/>
    </edmx:Reference>
    <edmx:Reference Uri="/redfish/v1/Schemas/FilterCollection_v1.xml">
        <edmx:Include Namespace="FilterCollection"/>
    </edmx:Reference>
    <edmx:Reference Uri="/redfish/v1/Schemas/GraphicsController_v1.xml">
        <edmx:Include Namespace="GraphicsController"/>
        <edmx:Include Namespace="GraphicsController.v1_0_2"/>
    </edmx:Reference>
    <edmx:Reference Uri="/redfish/v1/Schemas/GraphicsControllerCollection_v1.xml">
        <edmx:Include Namespace="GraphicsControllerCollection"/>
    </edmx:Reference>
    <edmx:Reference Uri="/redfish/v1/Schemas/Heater_v1.xml">
        <edmx:Include Namespace="Heater"/>
        <edmx:Include Namespace="Heater.v1_0_2"/>
    </edmx:Reference>
    <edmx:Reference Uri="/redfish/v1/Schemas/HeaterCollection_v1.xml">
        <edmx:Include Namespace="HeaterCollection"/>
    </edmx:Reference>
    <edmx:Reference Uri="/redfish/v1/Schemas/HeaterMetrics_v1.xml">
        <edmx:Include Namespace="HeaterMetrics"/>
        <edmx:Include Namespace="HeaterMetrics.v1_0_2"/>
    </edmx:Reference>
    <edmx:Reference Uri="/redfish/v1/Schemas/HostedStorageServices_v1.xml">
        <edmx:Include Namespace="HostedStorageServices"/>
    </edmx:Reference>
    <edmx:Reference Uri="/redfish/v1/Schemas/HostInterface_v1.xml">
        <edmx:Include Namespace="HostInterface"/>
        <edmx:Include Namespace="HostInterface.v1_3_3"/>
    </edmx:Reference>
    <edmx:Reference Uri="/redfish/v1/Schemas/HostInterfaceCollection_v1.xml">
        <edmx:Include Namespace="HostInterfaceCollection"/>
    </edmx:Reference>
    <edmx:Reference Uri="/redfish/v1/Schemas/IntelEnvironmentMetrics_v1.xml">
        <edmx:Include Namespace="IntelEnvironmentMetrics"/>
        <edmx:Include Namespace="IntelEnvironmentMetrics.v1_0_0"/>
    </edmx:Reference>
    <edmx:Reference Uri="/redfish/v1/Schemas/IntelMemoryMetrics_v1.xml">
        <edmx:Include Namespace="IntelMemoryMetrics"/>
    </edmx:Reference>
    <edmx:Reference Uri="/redfish/v1/Schemas/IntelPCIeDevice_v1.xml">
        <edmx:Include Namespace="IntelPCIeDevice"/>
        <edmx:Include Namespace="IntelPCIeDevice.v1_0_0"/>
    </edmx:Reference>
    <edmx:Reference Uri="/redfish/v1/Schemas/IntelProcessor_v1.xml">
        <edmx:Include Namespace="IntelProcessor"/>
    </edmx:Reference>
    <edmx:Reference Uri="/redfish/v1/Schemas/IntelProcessorMetrics_v1.xml">
        <edmx:Include Namespace="IntelProcessorMetrics"/>
    </edmx:Reference>
    <edmx:Reference Uri="/redfish/v1/Schemas/IOConnectivityLineOfService_v1.xml">
        <edmx:Include Namespace="IOConnectivityLineOfService"/>
        <edmx:Include Namespace="IOConnectivityLineOfService.v1_2_1"/>
    </edmx:Reference>
    <edmx:Reference Uri="/redfish/v1/Schemas/IOConnectivityLoSCapabilities_v1.xml">
        <edmx:Include Namespace="IOConnectivityLoSCapabilities"/>
        <edmx:Include Namespace="IOConnectivityLoSCapabilities.v1_2_0"/>
    </edmx:Reference>
    <edmx:Reference Uri="/redfish/v1/Schemas/IOPerformanceLineOfService_v1.xml">
        <edmx:Include Namespace="IOPerformanceLineOfService"/>
        <edmx:Include Namespace="IOPerformanceLineOfService.v1_1_1"/>
    </edmx:Reference>
    <edmx:Reference Uri="/redfish/v1/Schemas/IOPerformanceLoSCapabilities_v1.xml">
        <edmx:Include Namespace="IOPerformanceLoSCapabilities"/>
        <edmx:Include Namespace="IOPerformanceLoSCapabilities.v1_0_0"/>
        <edmx:Include Namespace="IOPerformanceLoSCapabilities.v1_3_0"/>
    </edmx:Reference>
    <edmx:Reference Uri="/redfish/v1/Schemas/IOStatistics_v1.xml">
        <edmx:Include Namespace="IOStatistics"/>
        <edmx:Include Namespace="IOStatistics.v1_0_1"/>
        <edmx:Include Namespace="IOStatistics.v1_0_4"/>
    </edmx:Reference>
    <edmx:Reference Uri="/redfish/v1/Schemas/IPAddresses_v1.xml">
        <edmx:Include Namespace="IPAddresses"/>
        <edmx:Include Namespace="IPAddresses.v1_1_5"/>
    </edmx:Reference>
    <edmx:Reference Uri="/redfish/v1/Schemas/Job_v1.xml">
        <edmx:Include Namespace="Job"/>
        <edmx:Include Namespace="Job.v1_2_4"/>
    </edmx:Reference>
    <edmx:Reference Uri="/redfish/v1/Schemas/JobCollection_v1.xml">
        <edmx:Include Namespace="JobCollection"/>
    </edmx:Reference>
    <edmx:Reference Uri="/redfish/v1/Schemas/JobService_v1.xml">
        <edmx:Include Namespace="JobService"/>
        <edmx:Include Namespace="JobService.v1_0_6"/>
    </edmx:Reference>
    <edmx:Reference Uri="/redfish/v1/Schemas/JsonSchemaFile_v1.xml">
        <edmx:Include Namespace="JsonSchemaFile"/>
        <edmx:Include Namespace="JsonSchemaFile.v1_1_5"/>
    </edmx:Reference>
    <edmx:Reference Uri="/redfish/v1/Schemas/JsonSchemaFileCollection_v1.xml">
        <edmx:Include Namespace="JsonSchemaFileCollection"/>
    </edmx:Reference>
    <edmx:Reference Uri="/redfish/v1/Schemas/Key_v1.xml">
        <edmx:Include Namespace="Key"/>
        <edmx:Include Namespace="Key.v1_4_1"/>
    </edmx:Reference>
    <edmx:Reference Uri="/redfish/v1/Schemas/KeyCollection_v1.xml">
        <edmx:Include Namespace="KeyCollection"/>
    </edmx:Reference>
    <edmx:Reference Uri="/redfish/v1/Schemas/KeyPolicy_v1.xml">
        <edmx:Include Namespace="KeyPolicy"/>
        <edmx:Include Namespace="KeyPolicy.v1_0_1"/>
    </edmx:Reference>
    <edmx:Reference Uri="/redfish/v1/Schemas/KeyPolicyCollection_v1.xml">
        <edmx:Include Namespace="KeyPolicyCollection"/>
    </edmx:Reference>
    <edmx:Reference Uri="/redfish/v1/Schemas/KeyService_v1.xml">
        <edmx:Include Namespace="KeyService"/>
        <edmx:Include Namespace="KeyService.v1_0_1"/>
    </edmx:Reference>
    <edmx:Reference Uri="/redfish/v1/Schemas/LeakDetection_v1.xml">
        <edmx:Include Namespace="LeakDetection"/>
        <edmx:Include Namespace="LeakDetection.v1_1_0"/>
    </edmx:Reference>
    <edmx:Reference Uri="/redfish/v1/Schemas/LeakDetector_v1.xml">
        <edmx:Include Namespace="LeakDetector"/>
        <edmx:Include Namespace="LeakDetector.v1_3_0"/>
    </edmx:Reference>
    <edmx:Reference Uri="/redfish/v1/Schemas/LeakDetectorCollection_v1.xml">
        <edmx:Include Namespace="LeakDetectorCollection"/>
    </edmx:Reference>
    <edmx:Reference Uri="/redfish/v1/Schemas/License_v1.xml">
        <edmx:Include Namespace="License"/>
        <edmx:Include Namespace="License.v1_1_4"/>
    </edmx:Reference>
    <edmx:Reference Uri="/redfish/v1/Schemas/LicenseCollection_v1.xml">
        <edmx:Include Namespace="LicenseCollection"/>
    </edmx:Reference>
    <edmx:Reference Uri="/redfish/v1/Schemas/LicenseService_v1.xml">
        <edmx:Include Namespace="LicenseService"/>
        <edmx:Include Namespace="LicenseService.v1_1_2"/>
    </edmx:Reference>
    <edmx:Reference Uri="/redfish/v1/Schemas/LineOfService_v1.xml">
        <edmx:Include Namespace="LineOfService"/>
        <edmx:Include Namespace="LineOfService.v1_1_0"/>
    </edmx:Reference>
    <edmx:Reference Uri="/redfish/v1/Schemas/LineOfServiceCollection_v1.xml">
        <edmx:Include Namespace="LineOfServiceCollection"/>
    </edmx:Reference>
    <edmx:Reference Uri="/redfish/v1/Schemas/Location_v1.xml">
        <edmx:Include Namespace="Location.v1_0_0"/>
    </edmx:Reference>
    <edmx:Reference Uri="/redfish/v1/Schemas/LogEntry_v1.xml">
        <edmx:Include Namespace="LogEntry"/>
        <edmx:Include Namespace="LogEntry.v1_18_0"/>
    </edmx:Reference>
    <edmx:Reference Uri="/redfish/v1/Schemas/LogEntryCollection_v1.xml">
        <edmx:Include Namespace="LogEntryCollection"/>
    </edmx:Reference>
    <edmx:Reference Uri="/redfish/v1/Schemas/LogService_v1.xml">
        <edmx:Include Namespace="LogService"/>
        <edmx:Include Namespace="LogService.v1_8_0"/>
    </edmx:Reference>
    <edmx:Reference Uri="/redfish/v1/Schemas/LogServiceCollection_v1.xml">
        <edmx:Include Namespace="LogServiceCollection"/>
    </edmx:Reference>
    <edmx:Reference Uri="/redfish/v1/Schemas/Manager_v1.xml">
        <edmx:Include Namespace="Manager"/>
        <edmx:Include Namespace="Manager.v1_21_0"/>
    </edmx:Reference>
    <edmx:Reference Uri="/redfish/v1/Schemas/ManagerAccount_v1.xml">
        <edmx:Include Namespace="ManagerAccount"/>
        <edmx:Include Namespace="ManagerAccount.v1_13_0"/>
    </edmx:Reference>
    <edmx:Reference Uri="/redfish/v1/Schemas/ManagerAccountCollection_v1.xml">
        <edmx:Include Namespace="ManagerAccountCollection"/>
    </edmx:Reference>
    <edmx:Reference Uri="/redfish/v1/Schemas/ManagerCollection_v1.xml">
        <edmx:Include Namespace="ManagerCollection"/>
    </edmx:Reference>
    <edmx:Reference Uri="/redfish/v1/Schemas/ManagerDiagnosticData_v1.xml">
        <edmx:Include Namespace="ManagerDiagnosticData"/>
        <edmx:Include Namespace="ManagerDiagnosticData.v1_2_3"/>
    </edmx:Reference>
    <edmx:Reference Uri="/redfish/v1/Schemas/ManagerNetworkProtocol_v1.xml">
        <edmx:Include Namespace="ManagerNetworkProtocol"/>
        <edmx:Include Namespace="ManagerNetworkProtocol.v1_11_0"/>
    </edmx:Reference>
    <edmx:Reference Uri="/redfish/v1/Schemas/Manifest_v1.xml">
        <edmx:Include Namespace="Manifest"/>
        <edmx:Include Namespace="Manifest.v1_1_2"/>
    </edmx:Reference>
    <edmx:Reference Uri="/redfish/v1/Schemas/MediaController_v1.xml">
        <edmx:Include Namespace="MediaController"/>
        <edmx:Include Namespace="MediaController.v1_3_2"/>
    </edmx:Reference>
    <edmx:Reference Uri="/redfish/v1/Schemas/MediaControllerCollection_v1.xml">
        <edmx:Include Namespace="MediaControllerCollection"/>
    </edmx:Reference>
    <edmx:Reference Uri="/redfish/v1/Schemas/Memory_v1.xml">
        <edmx:Include Namespace="Memory"/>
        <edmx:Include Namespace="Memory.v1_20_0"/>
    </edmx:Reference>
    <edmx:Reference Uri="/redfish/v1/Schemas/MemoryChunks_v1.xml">
        <edmx:Include Namespace="MemoryChunks"/>
        <edmx:Include Namespace="MemoryChunks.v1_6_2"/>
    </edmx:Reference>
    <edmx:Reference Uri="/redfish/v1/Schemas/MemoryChunksCollection_v1.xml">
        <edmx:Include Namespace="MemoryChunksCollection"/>
    </edmx:Reference>
    <edmx:Reference Uri="/redfish/v1/Schemas/MemoryCollection_v1.xml">
        <edmx:Include Namespace="MemoryCollection"/>
    </edmx:Reference>
    <edmx:Reference Uri="/redfish/v1/Schemas/MemoryDomain_v1.xml">
        <edmx:Include Namespace="MemoryDomain"/>
        <edmx:Include Namespace="MemoryDomain.v1_5_1"/>
    </edmx:Reference>
    <edmx:Reference Uri="/redfish/v1/Schemas/MemoryDomainCollection_v1.xml">
        <edmx:Include Namespace="MemoryDomainCollection"/>
    </edmx:Reference>
    <edmx:Reference Uri="/redfish/v1/Schemas/MemoryMetrics_v1.xml">
        <edmx:Include Namespace="MemoryMetrics"/>
        <edmx:Include Namespace="MemoryMetrics.v1_7_3"/>
    </edmx:Reference>
    <edmx:Reference Uri="/redfish/v1/Schemas/MemoryRegion_v1.xml">
        <edmx:Include Namespace="MemoryRegion"/>
        <edmx:Include Namespace="MemoryRegion.v1_0_3"/>
    </edmx:Reference>
    <edmx:Reference Uri="/redfish/v1/Schemas/MemoryRegionCollection_v1.xml">
        <edmx:Include Namespace="MemoryRegionCollection"/>
    </edmx:Reference>
    <edmx:Reference Uri="/redfish/v1/Schemas/Message_v1.xml">
        <edmx:Include Namespace="Message"/>
        <edmx:Include Namespace="Message.v1_3_0"/>
    </edmx:Reference>
    <edmx:Reference Uri="/redfish/v1/Schemas/MessageRegistry_v1.xml">
        <edmx:Include Namespace="MessageRegistry"/>
        <edmx:Include Namespace="MessageRegistry.v1_2_0"/>
        <edmx:Include Namespace="MessageRegistry.v1_5_0"/>
        <edmx:Include Namespace="MessageRegistry.v1_6_2"/>
        <edmx:Include Namespace="MessageRegistry.v1_6_3"/>
    </edmx:Reference>
    <edmx:Reference Uri="/redfish/v1/Schemas/MessageRegistryCollection_v1.xml">
        <edmx:Include Namespace="MessageRegistryCollection"/>
    </edmx:Reference>
    <edmx:Reference Uri="/redfish/v1/Schemas/MessageRegistryFile_v1.xml">
        <edmx:Include Namespace="MessageRegistryFile"/>
        <edmx:Include Namespace="MessageRegistryFile.v1_1_3"/>
        <edmx:Include Namespace="MessageRegistryFile.v1_1_5"/>
    </edmx:Reference>
    <edmx:Reference Uri="/redfish/v1/Schemas/MessageRegistryFileCollection_v1.xml">
        <edmx:Include Namespace="MessageRegistryFileCollection"/>
    </edmx:Reference>
    <edmx:Reference Uri="/redfish/v1/Schemas/MetricDefinition_v1.xml">
        <edmx:Include Namespace="MetricDefinition"/>
        <edmx:Include Namespace="MetricDefinition.v1_3_1"/>
    </edmx:Reference>
    <edmx:Reference Uri="/redfish/v1/Schemas/MetricDefinitionCollection_v1.xml">
        <edmx:Include Namespace="MetricDefinitionCollection"/>
    </edmx:Reference>
    <edmx:Reference Uri="/redfish/v1/Schemas/MetricReport_v1.xml">
        <edmx:Include Namespace="MetricReport"/>
        <edmx:Include Namespace="MetricReport.v1_5_0"/>
    </edmx:Reference>
    <edmx:Reference Uri="/redfish/v1/Schemas/MetricReportCollection_v1.xml">
        <edmx:Include Namespace="MetricReportCollection"/>
    </edmx:Reference>
    <edmx:Reference Uri="/redfish/v1/Schemas/MetricReportDefinition_v1.xml">
        <edmx:Include Namespace="MetricReportDefinition"/>
        <edmx:Include Namespace="MetricReportDefinition.v1_4_2"/>
    </edmx:Reference>
    <edmx:Reference Uri="/redfish/v1/Schemas/MetricReportDefinitionCollection_v1.xml">
        <edmx:Include Namespace="MetricReportDefinitionCollection"/>
    </edmx:Reference>
    <edmx:Reference Uri="/redfish/v1/Schemas/NetworkAdapter_v1.xml">
        <edmx:Include Namespace="NetworkAdapter"/>
        <edmx:Include Namespace="NetworkAdapter.v1_11_0"/>
    </edmx:Reference>
    <edmx:Reference Uri="/redfish/v1/Schemas/NetworkAdapterCollection_v1.xml">
        <edmx:Include Namespace="NetworkAdapterCollection"/>
    </edmx:Reference>
    <edmx:Reference Uri="/redfish/v1/Schemas/NetworkAdapterMetrics_v1.xml">
        <edmx:Include Namespace="NetworkAdapterMetrics"/>
        <edmx:Include Namespace="NetworkAdapterMetrics.v1_1_0"/>
    </edmx:Reference>
    <edmx:Reference Uri="/redfish/v1/Schemas/NetworkDeviceFunction_v1.xml">
        <edmx:Include Namespace="NetworkDeviceFunction"/>
        <edmx:Include Namespace="NetworkDeviceFunction.v1_10_0"/>
    </edmx:Reference>
    <edmx:Reference Uri="/redfish/v1/Schemas/NetworkDeviceFunctionCollection_v1.xml">
        <edmx:Include Namespace="NetworkDeviceFunctionCollection"/>
    </edmx:Reference>
    <edmx:Reference Uri="/redfish/v1/Schemas/NetworkDeviceFunctionMetrics_v1.xml">
        <edmx:Include Namespace="NetworkDeviceFunctionMetrics"/>
        <edmx:Include Namespace="NetworkDeviceFunctionMetrics.v1_2_0"/>
    </edmx:Reference>
    <edmx:Reference Uri="/redfish/v1/Schemas/NetworkInterface_v1.xml">
        <edmx:Include Namespace="NetworkInterface"/>
        <edmx:Include Namespace="NetworkInterface.v1_2_3"/>
    </edmx:Reference>
    <edmx:Reference Uri="/redfish/v1/Schemas/NetworkInterfaceCollection_v1.xml">
        <edmx:Include Namespace="NetworkInterfaceCollection"/>
    </edmx:Reference>
    <edmx:Reference Uri="/redfish/v1/Schemas/NetworkPort_v1.xml">
        <edmx:Include Namespace="NetworkPort"/>
        <edmx:Include Namespace="NetworkPort.v1_4_3"/>
    </edmx:Reference>
    <edmx:Reference Uri="/redfish/v1/Schemas/NetworkPortCollection_v1.xml">
        <edmx:Include Namespace="NetworkPortCollection"/>
    </edmx:Reference>
    <edmx:Reference Uri="/redfish/v1/Schemas/NvidiaMemory_v1.xml">
        <edmx:Include Namespace="NvidiaMemory"/>
        <edmx:Include Namespace="NvidiaMemory.v1_0_0"/>
    </edmx:Reference>
    <edmx:Reference Uri="/redfish/v1/Schemas/NvidiaMemoryMetrics_v1.xml">
        <edmx:Include Namespace="NvidiaMemoryMetrics"/>
        <edmx:Include Namespace="NvidiaMemoryMetrics.v1_2_0"/>
    </edmx:Reference>
    <edmx:Reference Uri="/redfish/v1/Schemas/NvidiaProcessor_v1.xml">
        <edmx:Include Namespace="NvidiaProcessor"/>
        <edmx:Include Namespace="NvidiaProcessor.v1_0_0"/>
    </edmx:Reference>
    <edmx:Reference Uri="/redfish/v1/Schemas/NvidiaProcessorMetrics_v1.xml">
        <edmx:Include Namespace="NvidiaProcessorMetrics"/>
        <edmx:Include Namespace="NvidiaProcessorMetrics.v1_3_0"/>
    </edmx:Reference>
    <edmx:Reference Uri="/redfish/v1/Schemas/NVMeDomain_v1.xml">
        <edmx:Include Namespace="NVMeDomain"/>
        <edmx:Include Namespace="NVMeDomain.v1_1_0"/>
    </edmx:Reference>
    <edmx:Reference Uri="/redfish/v1/Schemas/NVMeDomainCollection_v1.xml">
        <edmx:Include Namespace="NVMeDomainCollection"/>
    </edmx:Reference>
    <edmx:Reference Uri="/redfish/v1/Schemas/NVMeFirmwareImage_v1.xml">
        <edmx:Include Namespace="NVMeFirmwareImage"/>
        <edmx:Include Namespace="NVMeFirmwareImage.v1_1_0"/>
    </edmx:Reference>
    <edmx:Reference Uri="/redfish/v1/Schemas/OemComputerSystem_v1.xml">
        <edmx:Include Namespace="OemComputerSystem"/>
        <edmx:Include Namespace="OemComputerSystem.v1_1_0"/>
    </edmx:Reference>
    <edmx:Reference Uri="/redfish/v1/Schemas/OemManager_v1.xml">
        <edmx:Include Namespace="OemManager"/>
        <edmx:Include Namespace="OemManager.v1_5_1"/>
    </edmx:Reference>
    <edmx:Reference Uri="/redfish/v1/Schemas/OperatingConfig_v1.xml">
        <edmx:Include Namespace="OperatingConfig"/>
        <edmx:Include Namespace="OperatingConfig.v1_0_4"/>
    </edmx:Reference>
    <edmx:Reference Uri="/redfish/v1/Schemas/OperatingConfigCollection_v1.xml">
        <edmx:Include Namespace="OperatingConfigCollection"/>
    </edmx:Reference>
    <edmx:Reference Uri="/redfish/v1/Schemas/OperatingSystem_v1.xml">
        <edmx:Include Namespace="OperatingSystem"/>
        <edmx:Include Namespace="OperatingSystem.v1_0_2"/>
    </edmx:Reference>
    <edmx:Reference Uri="/redfish/v1/Schemas/OutboundConnection_v1.xml">
        <edmx:Include Namespace="OutboundConnection"/>
        <edmx:Include Namespace="OutboundConnection.v1_0_2"/>
    </edmx:Reference>
    <edmx:Reference Uri="/redfish/v1/Schemas/OutboundConnectionCollection_v1.xml">
        <edmx:Include Namespace="OutboundConnectionCollection"/>
    </edmx:Reference>
    <edmx:Reference Uri="/redfish/v1/Schemas/Outlet_v1.xml">
        <edmx:Include Namespace="Outlet"/>
        <edmx:Include Namespace="Outlet.v1_4_4"/>
    </edmx:Reference>
    <edmx:Reference Uri="/redfish/v1/Schemas/OutletCollection_v1.xml">
        <edmx:Include Namespace="OutletCollection"/>
    </edmx:Reference>
    <edmx:Reference Uri="/redfish/v1/Schemas/OutletGroup_v1.xml">
        <edmx:Include Namespace="OutletGroup"/>
        <edmx:Include Namespace="OutletGroup.v1_2_0"/>
    </edmx:Reference>
    <edmx:Reference Uri="/redfish/v1/Schemas/OutletGroupCollection_v1.xml">
        <edmx:Include Namespace="OutletGroupCollection"/>
    </edmx:Reference>
    <edmx:Reference Uri="/redfish/v1/Schemas/PCIeDevice_v1.xml">
        <edmx:Include Namespace="PCIeDevice"/>
        <edmx:Include Namespace="PCIeDevice.v1_18_0"/>
    </edmx:Reference>
    <edmx:Reference Uri="/redfish/v1/Schemas/PCIeDeviceCollection_v1.xml">
        <edmx:Include Namespace="PCIeDeviceCollection"/>
    </edmx:Reference>
    <edmx:Reference Uri="/redfish/v1/Schemas/PCIeFunction_v1.xml">
        <edmx:Include Namespace="PCIeFunction"/>
        <edmx:Include Namespace="PCIeFunction.v1_6_0"/>
    </edmx:Reference>
    <edmx:Reference Uri="/redfish/v1/Schemas/PCIeFunctionCollection_v1.xml">
        <edmx:Include Namespace="PCIeFunctionCollection"/>
    </edmx:Reference>
    <edmx:Reference Uri="/redfish/v1/Schemas/PCIeSlots_v1.xml">
        <edmx:Include Namespace="PCIeSlots"/>
        <edmx:Include Namespace="PCIeSlots.v1_6_1"/>
    </edmx:Reference>
    <edmx:Reference Uri="/redfish/v1/Schemas/PhysicalContext_v1.xml">
        <edmx:Include Namespace="PhysicalContext"/>
    </edmx:Reference>
    <edmx:Reference Uri="/redfish/v1/Schemas/Port_v1.xml">
        <edmx:Include Namespace="Port"/>
        <edmx:Include Namespace="Port.v1_16_0"/>
    </edmx:Reference>
    <edmx:Reference Uri="/redfish/v1/Schemas/PortCollection_v1.xml">
        <edmx:Include Namespace="PortCollection"/>
    </edmx:Reference>
    <edmx:Reference Uri="/redfish/v1/Schemas/PortMetrics_v1.xml">
        <edmx:Include Namespace="PortMetrics"/>
        <edmx:Include Namespace="PortMetrics.v1_7_0"/>
    </edmx:Reference>
    <edmx:Reference Uri="/redfish/v1/Schemas/Power_v1.xml">
        <edmx:Include Namespace="Power"/>
        <edmx:Include Namespace="Power.v1_7_3"/>
    </edmx:Reference>
    <edmx:Reference Uri="/redfish/v1/Schemas/PowerDistribution_v1.xml">
        <edmx:Include Namespace="PowerDistribution"/>
        <edmx:Include Namespace="PowerDistribution.v1_4_0"/>
    </edmx:Reference>
    <edmx:Reference Uri="/redfish/v1/Schemas/PowerDistributionCollection_v1.xml">
        <edmx:Include Namespace="PowerDistributionCollection"/>
    </edmx:Reference>
    <edmx:Reference Uri="/redfish/v1/Schemas/PowerDistributionMetrics_v1.xml">
        <edmx:Include Namespace="PowerDistributionMetrics"/>
        <edmx:Include Namespace="PowerDistributionMetrics.v1_4_0"/>
    </edmx:Reference>
    <edmx:Reference Uri="/redfish/v1/Schemas/PowerDomain_v1.xml">
        <edmx:Include Namespace="PowerDomain"/>
        <edmx:Include Namespace="PowerDomain.v1_2_2"/>
    </edmx:Reference>
    <edmx:Reference Uri="/redfish/v1/Schemas/PowerDomainCollection_v1.xml">
        <edmx:Include Namespace="PowerDomainCollection"/>
    </edmx:Reference>
    <edmx:Reference Uri="/redfish/v1/Schemas/PowerEquipment_v1.xml">
        <edmx:Include Namespace="PowerEquipment"/>
        <edmx:Include Namespace="PowerEquipment.v1_2_3"/>
    </edmx:Reference>
    <edmx:Reference Uri="/redfish/v1/Schemas/PowerSubsystem_v1.xml">
        <edmx:Include Namespace="PowerSubsystem"/>
        <edmx:Include Namespace="PowerSubsystem.v1_1_3"/>
    </edmx:Reference>
    <edmx:Reference Uri="/redfish/v1/Schemas/PowerSupply_v1.xml">
        <edmx:Include Namespace="PowerSupply"/>
        <edmx:Include Namespace="PowerSupply.v1_6_0"/>
    </edmx:Reference>
    <edmx:Reference Uri="/redfish/v1/Schemas/PowerSupplyCollection_v1.xml">
        <edmx:Include Namespace="PowerSupplyCollection"/>
    </edmx:Reference>
    <edmx:Reference Uri="/redfish/v1/Schemas/PowerSupplyMetrics_v1.xml">
        <edmx:Include Namespace="PowerSupplyMetrics"/>
        <edmx:Include Namespace="PowerSupplyMetrics.v1_1_2"/>
    </edmx:Reference>
    <edmx:Reference Uri="/redfish/v1/Schemas/PrivilegeRegistry_v1.xml">
        <edmx:Include Namespace="PrivilegeRegistry"/>
        <edmx:Include Namespace="PrivilegeRegistry.v1_1_5"/>
    </edmx:Reference>
    <edmx:Reference Uri="/redfish/v1/Schemas/Privileges_v1.xml">
        <edmx:Include Namespace="Privileges"/>
        <edmx:Include Namespace="Privileges.v1_0_5"/>
        <edmx:Include Namespace="Privileges.v1_0_6"/>
    </edmx:Reference>
    <edmx:Reference Uri="/redfish/v1/Schemas/Processor_v1.xml">
        <edmx:Include Namespace="Processor"/>
        <edmx:Include Namespace="Processor.v1_20_1"/>
    </edmx:Reference>
    <edmx:Reference Uri="/redfish/v1/Schemas/ProcessorCollection_v1.xml">
        <edmx:Include Namespace="ProcessorCollection"/>
    </edmx:Reference>
    <edmx:Reference Uri="/redfish/v1/Schemas/ProcessorMetrics_v1.xml">
        <edmx:Include Namespace="ProcessorMetrics"/>
        <edmx:Include Namespace="ProcessorMetrics.v1_6_4"/>
    </edmx:Reference>
    <edmx:Reference Uri="/redfish/v1/Schemas/Protocol_v1.xml">
        <edmx:Include Namespace="Protocol"/>
    </edmx:Reference>
    <edmx:Reference Uri="/redfish/v1/Schemas/Pump_v1.xml">
        <edmx:Include Namespace="Pump"/>
        <edmx:Include Namespace="Pump.v1_2_0"/>
    </edmx:Reference>
    <edmx:Reference Uri="/redfish/v1/Schemas/PumpCollection_v1.xml">
        <edmx:Include Namespace="PumpCollection"/>
    </edmx:Reference>
    <edmx:Reference Uri="/redfish/v1/Schemas/RedfishError_v1.xml">
        <edmx:Include Namespace="RedfishError.v1_0_1"/>
    </edmx:Reference>
    <edmx:Reference Uri="/redfish/v1/Schemas/RedfishExtensions_v1.xml">
        <edmx:Include Namespace="RedfishExtensions.v1_0_0" Alias="Redfish"/>
    </edmx:Reference>
    <edmx:Reference Uri="/redfish/v1/Schemas/Redundancy_v1.xml">
        <edmx:Include Namespace="Redundancy"/>
        <edmx:Include Namespace="Redundancy.v1_5_0"/>
    </edmx:Reference>
    <edmx:Reference Uri="/redfish/v1/Schemas/RegisteredClient_v1.xml">
        <edmx:Include Namespace="RegisteredClient"/>
        <edmx:Include Namespace="RegisteredClient.v1_1_2"/>
    </edmx:Reference>
    <edmx:Reference Uri="/redfish/v1/Schemas/RegisteredClientCollection_v1.xml">
        <edmx:Include Namespace="RegisteredClientCollection"/>
    </edmx:Reference>
    <edmx:Reference Uri="/redfish/v1/Schemas/Reservoir_v1.xml">
        <edmx:Include Namespace="Reservoir"/>
        <edmx:Include Namespace="Reservoir.v1_0_2"/>
    </edmx:Reference>
    <edmx:Reference Uri="/redfish/v1/Schemas/ReservoirCollection_v1.xml">
        <edmx:Include Namespace="ReservoirCollection"/>
    </edmx:Reference>
    <edmx:Reference Uri="/redfish/v1/Schemas/ResolutionStep_v1.xml">
        <edmx:Include Namespace="ResolutionStep"/>
        <edmx:Include Namespace="ResolutionStep.v1_0_1"/>
    </edmx:Reference>
    <edmx:Reference Uri="/redfish/v1/Schemas/Resource_v1.xml">
        <edmx:Include Namespace="Resource"/>
        <edmx:Include Namespace="Resource.v1_3_0"/>
        <edmx:Include Namespace="Resource.v1_5_0"/>
        <edmx:Include Namespace="Resource.v1_21_0"/>
    </edmx:Reference>
    <edmx:Reference Uri="/redfish/v1/Schemas/ResourceBlock_v1.xml">
        <edmx:Include Namespace="ResourceBlock"/>
        <edmx:Include Namespace="ResourceBlock.v1_4_3"/>
    </edmx:Reference>
    <edmx:Reference Uri="/redfish/v1/Schemas/ResourceBlockCollection_v1.xml">
        <edmx:Include Namespace="ResourceBlockCollection"/>
    </edmx:Reference>
    <edmx:Reference Uri="/redfish/v1/Schemas/Role_v1.xml">
        <edmx:Include Namespace="Role"/>
        <edmx:Include Namespace="Role.v1_3_3"/>
    </edmx:Reference>
    <edmx:Reference Uri="/redfish/v1/Schemas/RoleCollection_v1.xml">
        <edmx:Include Namespace="RoleCollection"/>
    </edmx:Reference>
    <edmx:Reference Uri="/redfish/v1/Schemas/RouteEntry_v1.xml">
        <edmx:Include Namespace="RouteEntry"/>
        <edmx:Include Namespace="RouteEntry.v1_0_2"/>
    </edmx:Reference>
    <edmx:Reference Uri="/redfish/v1/Schemas/RouteEntryCollection_v1.xml">
        <edmx:Include Namespace="RouteEntryCollection"/>
    </edmx:Reference>
    <edmx:Reference Uri="/redfish/v1/Schemas/RouteSetEntry_v1.xml">
        <edmx:Include Namespace="RouteSetEntry"/>
        <edmx:Include Namespace="RouteSetEntry.v1_0_2"/>
    </edmx:Reference>
    <edmx:Reference Uri="/redfish/v1/Schemas/RouteSetEntryCollection_v1.xml">
        <edmx:Include Namespace="RouteSetEntryCollection"/>
    </edmx:Reference>
    <edmx:Reference Uri="/redfish/v1/Schemas/Schedule_v1.xml">
        <edmx:Include Namespace="Schedule"/>
        <edmx:Include Namespace="Schedule.v1_2_5"/>
    </edmx:Reference>
    <edmx:Reference Uri="/redfish/v1/Schemas/SecureBoot_v1.xml">
        <edmx:Include Namespace="SecureBoot"/>
        <edmx:Include Namespace="SecureBoot.v1_1_2"/>
    </edmx:Reference>
    <edmx:Reference Uri="/redfish/v1/Schemas/SecureBootDatabase_v1.xml">
        <edmx:Include Namespace="SecureBootDatabase"/>
        <edmx:Include Namespace="SecureBootDatabase.v1_0_3"/>
    </edmx:Reference>
    <edmx:Reference Uri="/redfish/v1/Schemas/SecureBootDatabaseCollection_v1.xml">
        <edmx:Include Namespace="SecureBootDatabaseCollection"/>
    </edmx:Reference>
    <edmx:Reference Uri="/redfish/v1/Schemas/SecurityPolicy_v1.xml">
        <edmx:Include Namespace="SecurityPolicy"/>
        <edmx:Include Namespace="SecurityPolicy.v1_0_3"/>
    </edmx:Reference>
    <edmx:Reference Uri="/redfish/v1/Schemas/Sensor_v1.xml">
        <edmx:Include Namespace="Sensor"/>
        <edmx:Include Namespace="Sensor.v1_10_1"/>
    </edmx:Reference>
    <edmx:Reference Uri="/redfish/v1/Schemas/SensorCollection_v1.xml">
        <edmx:Include Namespace="SensorCollection"/>
    </edmx:Reference>
    <edmx:Reference Uri="/redfish/v1/Schemas/SerialInterface_v1.xml">
        <edmx:Include Namespace="SerialInterface"/>
        <edmx:Include Namespace="SerialInterface.v1_2_1"/>
    </edmx:Reference>
    <edmx:Reference Uri="/redfish/v1/Schemas/SerialInterfaceCollection_v1.xml">
        <edmx:Include Namespace="SerialInterfaceCollection"/>
    </edmx:Reference>
    <edmx:Reference Uri="/redfish/v1/Schemas/ServiceConditions_v1.xml">
        <edmx:Include Namespace="ServiceConditions"/>
        <edmx:Include Namespace="ServiceConditions.v1_0_1"/>
    </edmx:Reference>
    <edmx:Reference Uri="/redfish/v1/Schemas/ServiceRoot_v1.xml">
        <edmx:Include Namespace="ServiceRoot"/>
        <edmx:Include Namespace="ServiceRoot.v1_18_0"/>
    </edmx:Reference>
    <edmx:Reference Uri="/redfish/v1/Schemas/Session_v1.xml">
        <edmx:Include Namespace="Session"/>
        <edmx:Include Namespace="Session.v1_8_0"/>
    </edmx:Reference>
    <edmx:Reference Uri="/redfish/v1/Schemas/SessionCollection_v1.xml">
        <edmx:Include Namespace="SessionCollection"/>
    </edmx:Reference>
    <edmx:Reference Uri="/redfish/v1/Schemas/SessionService_v1.xml">
        <edmx:Include Namespace="SessionService"/>
        <edmx:Include Namespace="SessionService.v1_2_0"/>
    </edmx:Reference>
    <edmx:Reference Uri="/redfish/v1/Schemas/Settings_v1.xml">
        <edmx:Include Namespace="Settings"/>
        <edmx:Include Namespace="Settings.v1_4_0"/>
    </edmx:Reference>
    <edmx:Reference Uri="/redfish/v1/Schemas/Signature_v1.xml">
        <edmx:Include Namespace="Signature"/>
        <edmx:Include Namespace="Signature.v1_0_3"/>
    </edmx:Reference>
    <edmx:Reference Uri="/redfish/v1/Schemas/SignatureCollection_v1.xml">
        <edmx:Include Namespace="SignatureCollection"/>
    </edmx:Reference>
    <edmx:Reference Uri="/redfish/v1/Schemas/SimpleStorage_v1.xml">
        <edmx:Include Namespace="SimpleStorage"/>
        <edmx:Include Namespace="SimpleStorage.v1_3_2"/>
    </edmx:Reference>
    <edmx:Reference Uri="/redfish/v1/Schemas/SimpleStorageCollection_v1.xml">
        <edmx:Include Namespace="SimpleStorageCollection"/>
    </edmx:Reference>
    <edmx:Reference Uri="/redfish/v1/Schemas/SoftwareInventory_v1.xml">
        <edmx:Include Namespace="SoftwareInventory"/>
        <edmx:Include Namespace="SoftwareInventory.v1_11_0"/>
    </edmx:Reference>
    <edmx:Reference Uri="/redfish/v1/Schemas/SoftwareInventoryCollection_v1.xml">
        <edmx:Include Namespace="SoftwareInventoryCollection"/>
    </edmx:Reference>
    <edmx:Reference Uri="/redfish/v1/Schemas/SpareResourceSet_v1.xml">
        <edmx:Include Namespace="SpareResourceSet"/>
        <edmx:Include Namespace="SpareResourceSet.v1_0_1"/>
    </edmx:Reference>
    <edmx:Reference Uri="/redfish/v1/Schemas/Storage_v1.xml">
        <edmx:Include Namespace="Storage"/>
        <edmx:Include Namespace="Storage.v1_18_0"/>
    </edmx:Reference>
    <edmx:Reference Uri="/redfish/v1/Schemas/StorageAccessCapability_v1.xml">
        <edmx:Include Namespace="StorageAccessCapability.v1_0_0"/>
    </edmx:Reference>
    <edmx:Reference Uri="/redfish/v1/Schemas/StorageCollection_v1.xml">
        <edmx:Include Namespace="StorageCollection"/>
    </edmx:Reference>
    <edmx:Reference Uri="/redfish/v1/Schemas/StorageController_v1.xml">
        <edmx:Include Namespace="StorageController"/>
        <edmx:Include Namespace="StorageController.v1_9_1"/>
    </edmx:Reference>
    <edmx:Reference Uri="/redfish/v1/Schemas/StorageControllerCollection_v1.xml">
        <edmx:Include Namespace="StorageControllerCollection"/>
    </edmx:Reference>
    <edmx:Reference Uri="/redfish/v1/Schemas/StorageControllerMetrics_v1.xml">
        <edmx:Include Namespace="StorageControllerMetrics"/>
        <edmx:Include Namespace="StorageControllerMetrics.v1_0_3"/>
    </edmx:Reference>
    <edmx:Reference Uri="/redfish/v1/Schemas/StorageGroup_v1.xml">
        <edmx:Include Namespace="StorageGroup"/>
        <edmx:Include Namespace="StorageGroup.v1_5_0"/>
    </edmx:Reference>
    <edmx:Reference Uri="/redfish/v1/Schemas/StorageGroupCollection_v1.xml">
        <edmx:Include Namespace="StorageGroupCollection"/>
    </edmx:Reference>
    <edmx:Reference Uri="/redfish/v1/Schemas/StorageMetrics_v1.xml">
        <edmx:Include Namespace="StorageMetrics"/>
        <edmx:Include Namespace="StorageMetrics.v1_0_0"/>
    </edmx:Reference>
    <edmx:Reference Uri="/redfish/v1/Schemas/StoragePool_v1.xml">
        <edmx:Include Namespace="StoragePool"/>
        <edmx:Include Namespace="StoragePool.v1_8_0"/>
    </edmx:Reference>
    <edmx:Reference Uri="/redfish/v1/Schemas/StoragePoolCollection_v1.xml">
        <edmx:Include Namespace="StoragePoolCollection"/>
    </edmx:Reference>
    <edmx:Reference Uri="/redfish/v1/Schemas/StorageReplicaInfo_v1.xml">
        <edmx:Include Namespace="StorageReplicaInfo"/>
        <edmx:Include Namespace="StorageReplicaInfo.v1_4_0"/>
    </edmx:Reference>
    <edmx:Reference Uri="/redfish/v1/Schemas/StorageService_v1.xml">
        <edmx:Include Namespace="StorageService"/>
        <edmx:Include Namespace="StorageService.v1_6_0"/>
    </edmx:Reference>
    <edmx:Reference Uri="/redfish/v1/Schemas/StorageServiceCollection_v1.xml">
        <edmx:Include Namespace="StorageServiceCollection"/>
    </edmx:Reference>
    <edmx:Reference Uri="/redfish/v1/Schemas/StorageSystemCollection_v1.xml">
        <edmx:Include Namespace="StorageSystemCollection"/>
    </edmx:Reference>
    <edmx:Reference Uri="/redfish/v1/Schemas/Switch_v1.xml">
        <edmx:Include Namespace="Switch"/>
        <edmx:Include Namespace="Switch.v1_9_3"/>
    </edmx:Reference>
    <edmx:Reference Uri="/redfish/v1/Schemas/SwitchCollection_v1.xml">
        <edmx:Include Namespace="SwitchCollection"/>
    </edmx:Reference>
    <edmx:Reference Uri="/redfish/v1/Schemas/SwitchMetrics_v1.xml">
        <edmx:Include Namespace="SwitchMetrics"/>
        <edmx:Include Namespace="SwitchMetrics.v1_0_2"/>
    </edmx:Reference>
    <edmx:Reference Uri="/redfish/v1/Schemas/Task_v1.xml">
        <edmx:Include Namespace="Task"/>
        <edmx:Include Namespace="Task.v1_7_4"/>
    </edmx:Reference>
    <edmx:Reference Uri="/redfish/v1/Schemas/TaskCollection_v1.xml">
        <edmx:Include Namespace="TaskCollection"/>
    </edmx:Reference>
    <edmx:Reference Uri="/redfish/v1/Schemas/TaskService_v1.xml">
        <edmx:Include Namespace="TaskService"/>
        <edmx:Include Namespace="TaskService.v1_2_1"/>
    </edmx:Reference>
    <edmx:Reference Uri="/redfish/v1/Schemas/TelemetryService_v1.xml">
        <edmx:Include Namespace="TelemetryService"/>
        <edmx:Include Namespace="TelemetryService.v1_3_1"/>
    </edmx:Reference>
    <edmx:Reference Uri="/redfish/v1/Schemas/Thermal_v1.xml">
        <edmx:Include Namespace="Thermal"/>
        <edmx:Include Namespace="Thermal.v1_7_3"/>
    </edmx:Reference>
    <edmx:Reference Uri="/redfish/v1/Schemas/ThermalEquipment_v1.xml">
        <edmx:Include Namespace="ThermalEquipment"/>
        <edmx:Include Namespace="ThermalEquipment.v1_1_2"/>
    </edmx:Reference>
    <edmx:Reference Uri="/redfish/v1/Schemas/ThermalMetrics_v1.xml">
        <edmx:Include Namespace="ThermalMetrics"/>
        <edmx:Include Namespace="ThermalMetrics.v1_3_2"/>
    </edmx:Reference>
    <edmx:Reference Uri="/redfish/v1/Schemas/ThermalSubsystem_v1.xml">
        <edmx:Include Namespace="ThermalSubsystem"/>
        <edmx:Include Namespace="ThermalSubsystem.v1_3_3"/>
    </edmx:Reference>
    <edmx:Reference Uri="/redfish/v1/Schemas/Triggers_v1.xml">
        <edmx:Include Namespace="Triggers"/>
        <edmx:Include Namespace="Triggers.v1_2_0"/>
    </edmx:Reference>
    <edmx:Reference Uri="/redfish/v1/Schemas/TriggersCollection_v1.xml">
        <edmx:Include Namespace="TriggersCollection"/>
    </edmx:Reference>
    <edmx:Reference Uri="/redfish/v1/Schemas/TrustedComponent_v1.xml">
        <edmx:Include Namespace="TrustedComponent"/>
        <edmx:Include Namespace="TrustedComponent.v1_3_2"/>
    </edmx:Reference>
    <edmx:Reference Uri="/redfish/v1/Schemas/TrustedComponentCollection_v1.xml">
        <edmx:Include Namespace="TrustedComponentCollection"/>
    </edmx:Reference>
    <edmx:Reference Uri="/redfish/v1/Schemas/UpdateService_v1.xml">
        <edmx:Include Namespace="UpdateService"/>
        <edmx:Include Namespace="UpdateService.v1_15_0"/>
    </edmx:Reference>
    <edmx:Reference Uri="/redfish/v1/Schemas/USBController_v1.xml">
        <edmx:Include Namespace="USBController"/>
        <edmx:Include Namespace="USBController.v1_0_1"/>
    </edmx:Reference>
    <edmx:Reference Uri="/redfish/v1/Schemas/USBControllerCollection_v1.xml">
        <edmx:Include Namespace="USBControllerCollection"/>
    </edmx:Reference>
    <edmx:Reference Uri="/redfish/v1/Schemas/RedfishExtensions_v1.xml">
        <edmx:Include Namespace="Validation.v1_0_0"/>
    </edmx:Reference>
    <edmx:Reference Uri="/redfish/v1/Schemas/VCATEntry_v1.xml">
        <edmx:Include Namespace="VCATEntry"/>
        <edmx:Include Namespace="VCATEntry.v1_0_3"/>
    </edmx:Reference>
    <edmx:Reference Uri="/redfish/v1/Schemas/VCATEntryCollection_v1.xml">
        <edmx:Include Namespace="VCATEntryCollection"/>
    </edmx:Reference>
    <edmx:Reference Uri="/redfish/v1/Schemas/VirtualMedia_v1.xml">
        <edmx:Include Namespace="VirtualMedia"/>
        <edmx:Include Namespace="VirtualMedia.v1_6_5"/>
    </edmx:Reference>
    <edmx:Reference Uri="/redfish/v1/Schemas/VirtualMediaCollection_v1.xml">
        <edmx:Include Namespace="VirtualMediaCollection"/>
    </edmx:Reference>
    <edmx:Reference Uri="/redfish/v1/Schemas/VLanNetworkInterface_v1.xml">
        <edmx:Include Namespace="VLanNetworkInterface"/>
        <edmx:Include Namespace="VLanNetworkInterface.v1_3_1"/>
    </edmx:Reference>
    <edmx:Reference Uri="/redfish/v1/Schemas/VLanNetworkInterfaceCollection_v1.xml">
        <edmx:Include Namespace="VLanNetworkInterfaceCollection"/>
    </edmx:Reference>
    <edmx:Reference Uri="/redfish/v1/Schemas/Volume_v1.xml">
        <edmx:Include Namespace="Volume"/>
        <edmx:Include Namespace="Volume.v1_10_1"/>
    </edmx:Reference>
    <edmx:Reference Uri="/redfish/v1/Schemas/VolumeCollection_v1.xml">
        <edmx:Include Namespace="VolumeCollection"/>
    </edmx:Reference>
    <edmx:Reference Uri="/redfish/v1/Schemas/VolumeMetrics_v1.xml">
        <edmx:Include Namespace="VolumeMetrics"/>
        <edmx:Include Namespace="VolumeMetrics.v1_0_0"/>
    </edmx:Reference>
    <edmx:Reference Uri="/redfish/v1/Schemas/Zone_v1.xml">
        <edmx:Include Namespace="Zone"/>
        <edmx:Include Namespace="Zone.v1_6_3"/>
    </edmx:Reference>
    <edmx:Reference Uri="/redfish/v1/Schemas/ZoneCollection_v1.xml">
        <edmx:Include Namespace="ZoneCollection"/>
    </edmx:Reference>
</edmx:Edmx>
<!--Copyright © 2014-2025 Dell Inc. or its subsidiaries. All Rights Reserved.-->
