{
    "Id": "RSR.Integrated.19_0x23_FRU",
    "@odata.id": "/redfish/v1/Chassis/System.Embedded.1/Oem/Dell/DellAssembly/RSR.Integrated.19_0x23_FRU",
    "@odata.type": "#DellAssembly.v1_1_0.DellAssembly",
    "DeviceFQDD": "RSR.Integrated.19",
    "PackageType": "Module/Card",
    "@odata.etag": "W/\"gen-1\"",
    "Name": "DellAssembly",
    "Description": "This resource shall be used to represent an assembly information.",
    "SerialNumber": "04R2b",
    "@odata.context": "/redfish/v1/$metadata#DellAssembly.DellAssembly"
}