{
    "@odata.context": "/redfish/v1/$metadata#JsonSchemaFile.JsonSchemaFile",
    "@odata.id": "/redfish/v1/JsonSchemas/ControlCollection",
    "@odata.type": "#JsonSchemaFile.v1_1_4.JsonSchemaFile",
    "Description": "ControlCollection Schema File Location",
    "Id": "ControlCollection",
    "Languages": [
        "en"
    ],
    "Languages@odata.count": 1,
    "Location": [
        {
            "Language": "en",
            "PublicationUri": "http://redfish.dmtf.org/schemas/v1/ControlCollection.json",
            "Uri": "/redfish/v1/Schemas/ControlCollection.json"
        }
    ],
    "Location@odata.count": 1,
    "Name": "ControlCollection Schema File",
    "Schema": "#ControlCollection.ControlCollection"
}