{
    "PowerWatts": {
        "Reading": 182,
        "DataSourceUri": "/redfish/v1/Chassis/System.Embedded.1/Sensors/SystemBoardPwrConsumption"
    },
    "@odata.etag": "W/\"gen-1199\"",
    "@odata.context": "/redfish/v1/$metadata#EnvironmentMetrics.EnvironmentMetrics",
    "@odata.type": "#EnvironmentMetrics.v1_4_0.EnvironmentMetrics",
    "Oem": {
        "Dell": {
            "AverageFanPWM": 28,
            "@odata.context": "/redfish/v1/$metadata#DellEnvironmentMetrics.DellEnvironmentMetrics",
            "@odata.type": "#DellEnvironmentMetrics.v1_2_0.DellEnvironmentMetrics"
        }
    },
    "Description": "Represents EnvironmentMetrics of the Chassis",
    "Name": "EnvironmentMetrics",
    "@odata.id": "/redfish/v1/Chassis/System.Embedded.1/EnvironmentMetrics",
    "Id": "EnvironmentMetrics"
}