{
    "@odata.context": "/redfish/v1/$metadata#Job.Job",
    "@odata.id": "/redfish/v1/JobService/Jobs/JID_077501870647",
    "@odata.type": "#Job.v1_2_1.Job",
    "Description": "Represent a job in Redfish",
    "Id": "JID_077501870647",
    "Name": "Export Device Log: Pel_Slot1_Bay1.bin",
    "JobState": "Completed",
    "JobStatus": "OK",
    "PercentComplete": 100,
    "StartTime": "2024-02-12T07:03:07-08:00",
    "EndTime": "2024-02-12T07:03:23-08:00",
    "Messages": [
        {
            "Message": "The Persistent Event Log operation on the device PCIe SSD in Slot 1 in Bay 1 is successfully completed.",
            "MessageId": "IDRAC.2.9.PDR124",
            "MessageArgs": [],
            "MessageArgs@odata.count": 0
        }
    ],
    "Messages@odata.count": 1
}