{
    "@Redfish.Settings": {
        "@odata.context": "/redfish/v1/$metadata#Settings.Settings",
        "@odata.type": "#Settings.v1_3_5.Settings",
        "SettingsObject": {
            "@odata.id": "/redfish/v1/Systems/System.Embedded.1/NetworkAdapters/NIC.Embedded.1/NetworkDeviceFunctions/NIC.Embedded.2-1-1/Settings"
        },
        "SupportedApplyTimes": [
            "OnReset",
            "AtMaintenanceWindowStart",
            "InMaintenanceWindowOnReset"
        ]
    },
    "@odata.context": "/redfish/v1/$metadata#NetworkDeviceFunction.NetworkDeviceFunction",
    "@odata.id": "/redfish/v1/Chassis/System.Embedded.1/NetworkAdapters/NIC.Embedded.1/NetworkDeviceFunctions/NIC.Embedded.2-1-1",
    "@odata.type": "#NetworkDeviceFunction.v1_9_0.NetworkDeviceFunction",
    "AssignablePhysicalPorts": [
        {
            "@odata.id": "/redfish/v1/Chassis/System.Embedded.1/NetworkAdapters/NIC.Embedded.1/NetworkPorts/NIC.Embedded.2-1"
        }
    ],
    "AssignablePhysicalPorts@odata.count": 1,
    "AssignablePhysicalNetworkPorts": [
        {
            "@odata.id": "/redfish/v1/Chassis/System.Embedded.1/NetworkAdapters/NIC.Embedded.1/Ports/NIC.Embedded.2-1"
        }
    ],
    "Description": "NetworkDeviceFunction",
    "Ethernet": {
        "MACAddress": "70:B5:E8:F0:49:DB",
        "MTUSize": null,
        "PermanentMACAddress": "70:B5:E8:F0:49:DB",
        "VLAN": {
            "VLANEnable": true,
            "VLANId": 1
        }
    },
    "FibreChannel": {
        "BootTargets": [
            {
                "LUNID": null,
                "WWPN": null
            }
        ],
        "BootTargets@odata.count": 1,
        "FCoEActiveVLANId": null,
        "FCoELocalVLANId": null,
        "PermanentWWNN": null,
        "PermanentWWPN": null,
        "WWNN": null,
        "WWNSource": null,
        "WWPN": null
    },
    "Id": "NIC.Embedded.2-1-1",
    "Links": {
        "PhysicalPortAssignment": {
            "@odata.id": "/redfish/v1/Chassis/System.Embedded.1/NetworkAdapters/NIC.Embedded.1/NetworkPorts/NIC.Embedded.2-1"
        },
        "PhysicalNetworkPortAssignment": {
            "@odata.id": "/redfish/v1/Chassis/System.Embedded.1/NetworkAdapters/NIC.Embedded.1/Ports/NIC.Embedded.2-1"
        },
        "Oem": {
            "Dell": {
                "@odata.type": "#DellOem.v1_3_0.DellOemLinks",
                "DellNetworkAttributes": {
                    "@odata.id": "/redfish/v1/Chassis/System.Embedded.1/NetworkAdapters/NIC.Embedded.1/NetworkDeviceFunctions/NIC.Embedded.2-1-1/Oem/Dell/DellNetworkAttributes/NIC.Embedded.2-1-1"
                },
                "CPUAffinity": [],
                "CPUAffinity@odata.count": 0
            }
        }
    },
    "MaxVirtualFunctions": null,
    "Name": "NetworkDeviceFunction",
    "NetDevFuncCapabilities": [
        "Disabled",
        "Ethernet"
    ],
    "NetDevFuncCapabilities@odata.count": 2,
    "NetDevFuncType": "Ethernet",
    "Oem": {
        "Dell": {
            "@odata.type": "#DellOem.v1_3_0.DellOemResources",
            "DellNIC": {
                "BusNumber": 4,
                "CableLengthMetres": null,
                "ControllerBIOSVersion": "1.39",
                "DataBusWidth": "Unknown",
                "DeviceDescription": "Embedded NIC 1 Port 2 Partition 1",
                "EFIVersion": "21.6.57",
                "FCOSDriverVersion": null,
                "FCoEOSDriverVersion": null,
                "FCoEOffloadMode": "Unknown",
                "FQDD": "NIC.Embedded.2-1-1",
                "FamilyVersion": "22.61.8",
                "Id": "NIC.Embedded.2-1-1",
                "ISCSIOSDriverVersion": null,
                "IdentifierType": null,
                "InstanceID": "NIC.Embedded.2-1-1",
                "LANDriverVersion": "4.1.\u0007",
                "LastSystemInventoryTime": "2024-01-30T16:38:56+00:00",
                "LastUpdateTime": "2024-01-30T16:38:54+00:00",
                "LinkDuplex": "Unknown",
                "MaxBandwidthPercent": 0,
                "MediaType": "Base T",
                "MinBandwidthPercent": 0,
                "Name": "DellNIC",
                "NicMode": "Unknown",
                "PCIDeviceID": "165f",
                "PCISubDeviceID": "08ff",
                "PCISubVendorID": "1028",
                "PCIVendorID": "14e4",
                "PartNumber": null,
                "PermanentFCOEMACAddress": null,
                "PermanentFIPAddress": null,
                "PermanentiSCSIMACAddress": null,
                "ProductName": "Broadcom NetXtreme Gigabit Ethernet - 70:B5:E8:F0:49:DB",
                "Protocol": "NIC",
                "RDMAOSDriverVersion": null,
                "Revision": null,
                "SNAPIState": "Disabled",
                "SNAPISupport": "NotAvailable",
                "SerialNumber": null,
                "SlotLength": "Unknown",
                "SlotType": "Unknown",
                "TransceiverPartNumber": null,
                "TransceiverSerialNumber": null,
                "TransceiverVendorName": null,
                "VPISupport": "NotAvailable",
                "VendorName": "Broadcom Corp",
                "VirtualFIPAddress": null,
                "VirtualISCSIAddress": null,
                "iScsiOffloadMode": "Unknown",
                "@odata.context": "/redfish/v1/$metadata#DellNIC.DellNIC",
                "@odata.type": "#DellNIC.v1_7_0.DellNIC",
                "@odata.id": "/redfish/v1/Chassis/System.Embedded.1/NetworkAdapters/NIC.Embedded.1/NetworkDeviceFunctions/NIC.Embedded.2-1-1/Oem/Dell/DellNIC/NIC.Embedded.2-1-1"
            },
            "DellNICPortMetrics": {
                "DiscardedPkts": 0,
                "FCCRCErrorCount": null,
                "FCOELinkFailures": null,
                "FCOEPktRxCount": null,
                "FCOEPktTxCount": null,
                "FCOERxPktDroppedCount": null,
                "FQDD": "NIC.Embedded.2-1-1",
                "Id": "NIC.Embedded.2-1-1",
                "LanFCSRxErrors": null,
                "LanUnicastPktRXCount": null,
                "LanUnicastPktTXCount": null,
                "Name": "DellNICPortMetrics",
                "OSDriverState": "Operational",
                "PartitionLinkStatus": null,
                "PartitionOSDriverState": null,
                "RDMARxTotalBytes": null,
                "RDMARxTotalPackets": null,
                "RDMATotalProtectionErrors": null,
                "RDMATotalProtocolErrors": null,
                "RDMATxTotalBytes": null,
                "RDMATxTotalPackets": null,
                "RDMATxTotalReadReqPkts": null,
                "RDMATxTotalSendPkts": null,
                "RDMATxTotalWritePkts": null,
                "RXInputPowermW": null,
                "RXInputPowerStatus": null,
                "RxBroadcast": 0,
                "RxBytes": 0,
                "RxErrorPktAlignmentErrors": 0,
                "RxErrorPktFCSErrors": 0,
                "RxFalseCarrierDetection": null,
                "RxJabberPkt": 0,
                "RxMutlicastPackets": 0,
                "RxPauseXOFFFrames": 0,
                "RxPauseXONFrames": 0,
                "RxRuntPkt": 0,
                "RxUnicastPackets": 0,
                "StartStatisticTime": "2024-01-30T10:40:30-06:00",
                "StatisticTime": "2024-01-30T10:43:05-06:00",
                "TXBiasCurrentmA": null,
                "TXBiasCurrentStatus": null,
                "TXOutputPowermW": null,
                "TXOutputPowerStatus": null,
                "TemperatureCelsius": null,
                "TemperatureStatus": null,
                "TxBroadcast": 0,
                "TxBytes": 0,
                "TxErrorPktExcessiveCollision": 0,
                "TxErrorPktLateCollision": 0,
                "TxErrorPktMultipleCollision": 0,
                "TxErrorPktSingleCollision": 0,
                "TxMutlicastPackets": 0,
                "TxPauseXOFFFrames": 0,
                "TxPauseXONFrames": 0,
                "TxUnicastPackets": 0,
                "VoltageStatus": null,
                "VoltageValueVolts": null,
                "@odata.context": "/redfish/v1/$metadata#DellNICPortMetrics.DellNICPortMetrics",
                "@odata.type": "#DellNICPortMetrics.v1_1_1.DellNICPortMetrics",
                "@odata.id": "/redfish/v1/Chassis/System.Embedded.1/NetworkAdapters/NIC.Embedded.1/NetworkDeviceFunctions/NIC.Embedded.2-1-1/Oem/Dell/DellNICPortMetrics/NIC.Embedded.2-1-1"
            },
            "DellNICCapabilities": {
                "BPESupport": "NotSupported",
                "CongestionNotification": "NotSupported",
                "DCBExchangeProtocol": "NotSupported",
                "ETS": "NotSupported",
                "EVBModesSupport": "NotSupported",
                "FCoEBootSupport": "NotSupported",
                "FCoEMaxIOsPerSession": 0,
                "FCoEMaxNPIVPerPort": 0,
                "FCoEMaxNumberExchanges": 0,
                "FCoEMaxNumberLogins": 0,
                "FCoEMaxNumberOfFCTargets": 0,
                "FCoEMaxNumberOutStandingCommands": 0,
                "FCoEOffloadSupport": "NotSupported",
                "FeatureLicensingSupport": "NotSupported",
                "FlexAddressingSupport": "Supported",
                "Id": "NIC.Embedded.2-1-1",
                "IPSecOffloadSupport": "NotSupported",
                "MACSecSupport": "NotSupported",
                "Name": "DellNICCapabilities",
                "NicPartitioningSupport": "NotSupported",
                "NWManagementPassThrough": "Supported",
                "OSBMCManagementPassThrough": "Supported",
                "OnChipThermalSensor": "Supported",
                "OpenFlowSupport": "NotSupported",
                "PXEBootSupport": "Supported",
                "PartitionWOLSupport": "NotSupported",
                "PersistencePolicySupport": "Supported",
                "PriorityFlowControl": "NotSupported",
                "RDMASupport": "NotSupported",
                "RemotePHY": "NotSupported",
                "TCPChimneySupport": "NotSupported",
                "TCPOffloadEngineSupport": "NotSupported",
                "VEB": "NotSupported",
                "VEBVEPAMultiChannel": "NotSupported",
                "VEBVEPASingleChannel": "NotSupported",
                "VirtualLinkControl": "NotSupported",
                "iSCSIBootSupport": "NotSupported",
                "iSCSIOffloadSupport": "NotSupported",
                "uEFISupport": "Supported",
                "@odata.context": "/redfish/v1/$metadata#DellNICCapabilities.DellNICCapabilities",
                "@odata.type": "#DellNICCapabilities.v1_2_0.DellNICCapabilities",
                "@odata.id": "/redfish/v1/Chassis/System.Embedded.1/NetworkAdapters/NIC.Embedded.1/NetworkDeviceFunctions/NIC.Embedded.2-1-1/Oem/Dell/DellNICCapabilities/NIC.Embedded.2-1-1"
            }
        }
    },
    "PhysicalPortAssignment": {
        "@odata.id": "/redfish/v1/Chassis/System.Embedded.1/NetworkAdapters/NIC.Embedded.1/NetworkPorts/NIC.Embedded.2-1"
    },
    "PhysicalPortAssignment@Redfish.Deprecated": "This property has been deprecated and moved to the Links property to avoid loops on expand.",
    "Status": {
        "State": "Enabled",
        "Health": "OK",
        "HealthRollup": "OK"
    },
    "iSCSIBoot": {}
}