{
    "@odata.context": "/redfish/v1/$metadata#DellNetworkTransceiverPortMetricsCollection.DellNetworkTransceiverPortMetricsCollection",
    "@odata.id": "/redfish/v1/Chassis/System.Embedded.1/Oem/Dell/DellNetworkTransceiverPortMetrics",
    "@odata.type": "#DellNetworkTransceiverPortMetricsCollection.DellNetworkTransceiverPortMetricsCollection",
    "Description": "A collection of DellNetworkTransceiverPortMetrics resource",
    "Members": [],
    "Members@odata.count": 0,
    "Name": "DellNetworkTransceiverPortMetricsCollection"
}