{
    "@odata.context": "/redfish/v1/$metadata#JsonSchemaFile.JsonSchemaFile",
    "@odata.id": "/redfish/v1/JsonSchemas/Cable.v1_2_1",
    "@odata.type": "#JsonSchemaFile.v1_1_4.JsonSchemaFile",
    "Description": "Cable Schema File Location",
    "Id": "Cable.v1_2_1",
    "Languages": [
        "en"
    ],
    "Languages@odata.count": 1,
    "Location": [
        {
            "Language": "en",
            "PublicationUri": "http://redfish.dmtf.org/schemas/v1/Cable.v1_2_1.json",
            "Uri": "/redfish/v1/Schemas/Cable.v1_2_1.json"
        }
    ],
    "Location@odata.count": 1,
    "Name": "Cable Schema File",
    "Schema": "#Cable.v1_2_1.Cable"
}