{
    "Name": "PCIeFunction Collection",
    "@odata.context": "/redfish/v1/$metadata#PCIeFunctionCollection.PCIeFunctionCollection",
    "@odata.type": "#PCIeFunctionCollection.PCIeFunctionCollection",
    "Description": "Collection of PCIeFunctions",
    "Members": [
        {
            "@odata.id": "/redfish/v1/Chassis/System.Embedded.1/PCIeDevices/0-58-0/PCIeFunctions/0-58-0-0"
        }
    ],
    "Members@odata.count": 1,
    "@odata.id": "/redfish/v1/Chassis/System.Embedded.1/PCIeDevices/0-58-0/PCIeFunctions",
    "@odata.etag": "\"W/'gen-1'\""
}