{
    "@odata.id": "/redfish/v1/Chassis/System.Embedded.1/Oem/Dell/DellAssembly",
    "@odata.etag": "\"W/'gen-1'\"",
    "Description": "A collection of DellAssembly resource",
    "Members": [
        {
            "@odata.type": "#DellAssembly.v1_1_0.DellAssembly",
            "Id": "RAID.SL.3-1_0x23_FRU",
            "Name": "DellAssembly",
            "PackageType": "Module/Card",
            "@odata.id": "/redfish/v1/Chassis/System.Embedded.1/Oem/Dell/DellAssembly/RAID.SL.3-1_0x23_FRU",
            "Description": "This resource shall be used to represent an assembly information.",
            "SerialNumber": "CNFCP0042M0010",
            "@odata.etag": "\"W/'gen-1'\"",
            "DeviceFQDD": "RAID.SL.3-1",
            "@odata.context": "/redfish/v1/$metadata#DellAssembly.DellAssembly"
        },
        {
            "SerialNumber": "05FANBRD",
            "@odata.id": "/redfish/v1/Chassis/System.Embedded.1/Oem/Dell/DellAssembly/RFC.Integrated.1_0x23_FRU",
            "DeviceFQDD": "RFC.Integrated.1",
            "@odata.etag": "\"W/'gen-1'\"",
            "Name": "DellAssembly",
            "@odata.context": "/redfish/v1/$metadata#DellAssembly.DellAssembly",
            "PackageType": "Module/Card",
            "@odata.type": "#DellAssembly.v1_1_0.DellAssembly",
            "Description": "This resource shall be used to represent an assembly information.",
            "Id": "RFC.Integrated.1_0x23_FRU"
        },
        {
            "Id": "DIMM.Socket.A1_0x23_FRU",
            "PackageType": "Memory",
            "@odata.type": "#DellAssembly.v1_1_0.DellAssembly",
            "Name": "DellAssembly",
            "@odata.id": "/redfish/v1/Chassis/System.Embedded.1/Oem/Dell/DellAssembly/DIMM.Socket.A1_0x23_FRU",
            "Description": "This resource shall be used to represent an assembly information.",
            "DeviceFQDD": "DIMM.Socket.A1",
            "@odata.context": "/redfish/v1/$metadata#DellAssembly.DellAssembly",
            "SerialNumber": "4516CBDD",
            "@odata.etag": "\"W/'gen-1'\""
        },
        {
            "Id": "DIMM.Socket.B1_0x23_FRU",
            "SerialNumber": "4516DA7F",
            "Description": "This resource shall be used to represent an assembly information.",
            "DeviceFQDD": "DIMM.Socket.B1",
            "Name": "DellAssembly",
            "@odata.id": "/redfish/v1/Chassis/System.Embedded.1/Oem/Dell/DellAssembly/DIMM.Socket.B1_0x23_FRU",
            "PackageType": "Memory",
            "@odata.context": "/redfish/v1/$metadata#DellAssembly.DellAssembly",
            "@odata.etag": "\"W/'gen-1'\"",
            "@odata.type": "#DellAssembly.v1_1_0.DellAssembly"
        },
        {
            "@odata.context": "/redfish/v1/$metadata#DellAssembly.DellAssembly",
            "@odata.etag": "\"W/'gen-1'\"",
            "@odata.type": "#DellAssembly.v1_1_0.DellAssembly",
            "DeviceFQDD": "RSR.Integrated.13",
            "Id": "RSR.Integrated.13_0x23_FRU",
            "PackageType": "Module/Card",
            "SerialNumber": "",
            "Description": "This resource shall be used to represent an assembly information.",
            "Name": "DellAssembly",
            "@odata.id": "/redfish/v1/Chassis/System.Embedded.1/Oem/Dell/DellAssembly/RSR.Integrated.13_0x23_FRU"
        },
        {
            "@odata.etag": "\"W/'gen-1'\"",
            "Description": "This resource shall be used to represent an assembly information.",
            "SerialNumber": "CNWS3004820016",
            "@odata.context": "/redfish/v1/$metadata#DellAssembly.DellAssembly",
            "@odata.type": "#DellAssembly.v1_1_0.DellAssembly",
            "Id": "SystemHPM.Embedded.1_0x23_FRU",
            "PackageType": "Module/Card",
            "DeviceFQDD": "SystemHPM.Embedded.1",
            "Name": "DellAssembly",
            "@odata.id": "/redfish/v1/Chassis/System.Embedded.1/Oem/Dell/DellAssembly/SystemHPM.Embedded.1_0x23_FRU"
        },
        {
            "@odata.etag": "\"W/'gen-1'\"",
            "@odata.type": "#DellAssembly.v1_1_0.DellAssembly",
            "Id": "PSU.Slot.1_0x23_FRU",
            "Name": "DellAssembly",
            "DeviceFQDD": "PSU.Slot.1",
            "@odata.context": "/redfish/v1/$metadata#DellAssembly.DellAssembly",
            "PackageType": "PowerSupply",
            "SerialNumber": "CNDED0048101KF",
            "@odata.id": "/redfish/v1/Chassis/System.Embedded.1/Oem/Dell/DellAssembly/PSU.Slot.1_0x23_FRU",
            "Description": "This resource shall be used to represent an assembly information."
        },
        {
            "Name": "DellAssembly",
            "@odata.etag": "\"W/'gen-1'\"",
            "@odata.id": "/redfish/v1/Chassis/System.Embedded.1/Oem/Dell/DellAssembly/NIC.Slot.4_0x23_FRU",
            "Description": "This resource shall be used to represent an assembly information.",
            "DeviceFQDD": "NIC.Slot.4",
            "PackageType": "Module/Card",
            "@odata.context": "/redfish/v1/$metadata#DellAssembly.DellAssembly",
            "Id": "NIC.Slot.4_0x23_FRU",
            "SerialNumber": "IL74031284000Q",
            "@odata.type": "#DellAssembly.v1_1_0.DellAssembly"
        },
        {
            "@odata.context": "/redfish/v1/$metadata#DellAssembly.DellAssembly",
            "DeviceFQDD": "PSU.Slot.2",
            "Name": "DellAssembly",
            "SerialNumber": "CNDED0048101JQ",
            "@odata.id": "/redfish/v1/Chassis/System.Embedded.1/Oem/Dell/DellAssembly/PSU.Slot.2_0x23_FRU",
            "Description": "This resource shall be used to represent an assembly information.",
            "PackageType": "PowerSupply",
            "@odata.etag": "\"W/'gen-1'\"",
            "@odata.type": "#DellAssembly.v1_1_0.DellAssembly",
            "Id": "PSU.Slot.2_0x23_FRU"
        },
        {
            "@odata.context": "/redfish/v1/$metadata#DellAssembly.DellAssembly",
            "@odata.id": "/redfish/v1/Chassis/System.Embedded.1/Oem/Dell/DellAssembly/NIC.Slot.10_0x23_FRU",
            "Description": "This resource shall be used to represent an assembly information.",
            "PackageType": "Module/Card",
            "Name": "DellAssembly",
            "@odata.etag": "\"W/'gen-1'\"",
            "DeviceFQDD": "NIC.Slot.10",
            "SerialNumber": "VNFCBBA44S014F",
            "@odata.type": "#DellAssembly.v1_1_0.DellAssembly",
            "Id": "NIC.Slot.10_0x23_FRU"
        },
        {
            "Name": "DellAssembly",
            "@odata.context": "/redfish/v1/$metadata#DellAssembly.DellAssembly",
            "DeviceFQDD": "Enclosure.Internal.0-1",
            "PackageType": "CrossConnect/Backplane",
            "Description": "This resource shall be used to represent an assembly information.",
            "Id": "Enclosure.Internal.0-1_0x23_FRU",
            "SerialNumber": "CNWS30048502S9",
            "@odata.etag": "\"W/'gen-1'\"",
            "@odata.id": "/redfish/v1/Chassis/System.Embedded.1/Oem/Dell/DellAssembly/Enclosure.Internal.0-1_0x23_FRU",
            "@odata.type": "#DellAssembly.v1_1_0.DellAssembly"
        },
        {
            "Name": "DellAssembly",
            "SerialNumber": "05R3e",
            "@odata.type": "#DellAssembly.v1_1_0.DellAssembly",
            "DeviceFQDD": "NIC.IOBay.1",
            "Id": "NIC.IOBay.1_0x23_FRU",
            "PackageType": "Module/Card",
            "@odata.context": "/redfish/v1/$metadata#DellAssembly.DellAssembly",
            "@odata.id": "/redfish/v1/Chassis/System.Embedded.1/Oem/Dell/DellAssembly/NIC.IOBay.1_0x23_FRU",
            "Description": "This resource shall be used to represent an assembly information.",
            "@odata.etag": "\"W/'gen-1'\""
        },
        {
            "@odata.type": "#DellAssembly.v1_1_0.DellAssembly",
            "Name": "DellAssembly",
            "@odata.context": "/redfish/v1/$metadata#DellAssembly.DellAssembly",
            "@odata.etag": "\"W/'gen-1'\"",
            "SerialNumber": "04R2b",
            "@odata.id": "/redfish/v1/Chassis/System.Embedded.1/Oem/Dell/DellAssembly/RSR.Integrated.19_0x23_FRU",
            "Id": "RSR.Integrated.19_0x23_FRU",
            "Description": "This resource shall be used to represent an assembly information.",
            "PackageType": "Module/Card",
            "DeviceFQDD": "RSR.Integrated.19"
        },
        {
            "Description": "This resource shall be used to represent an assembly information.",
            "@odata.context": "/redfish/v1/$metadata#DellAssembly.DellAssembly",
            "PackageType": "CrossConnect/Backplane",
            "SerialNumber": "CNWS30048502S5",
            "Id": "Enclosure.Internal.0-2_0x23_FRU",
            "@odata.etag": "\"W/'gen-1'\"",
            "DeviceFQDD": "Enclosure.Internal.0-2",
            "Name": "DellAssembly",
            "@odata.id": "/redfish/v1/Chassis/System.Embedded.1/Oem/Dell/DellAssembly/Enclosure.Internal.0-2_0x23_FRU",
            "@odata.type": "#DellAssembly.v1_1_0.DellAssembly"
        },
        {
            "Id": "RSR.Integrated.17_0x23_FRU",
            "Description": "This resource shall be used to represent an assembly information.",
            "@odata.etag": "\"W/'gen-1'\"",
            "@odata.type": "#DellAssembly.v1_1_0.DellAssembly",
            "PackageType": "Module/Card",
            "@odata.context": "/redfish/v1/$metadata#DellAssembly.DellAssembly",
            "Name": "DellAssembly",
            "SerialNumber": "05R1b",
            "@odata.id": "/redfish/v1/Chassis/System.Embedded.1/Oem/Dell/DellAssembly/RSR.Integrated.17_0x23_FRU",
            "DeviceFQDD": "RSR.Integrated.17"
        },
        {
            "Id": "System.Embedded.1_0x23_FRU",
            "PackageType": "Module/Card",
            "@odata.context": "/redfish/v1/$metadata#DellAssembly.DellAssembly",
            "@odata.etag": "\"W/'gen-1'\"",
            "@odata.type": "#DellAssembly.v1_1_0.DellAssembly",
            "Name": "DellAssembly",
            "SerialNumber": "CNWS30048300Q1",
            "@odata.id": "/redfish/v1/Chassis/System.Embedded.1/Oem/Dell/DellAssembly/System.Embedded.1_0x23_FRU",
            "DeviceFQDD": "System.Embedded.1",
            "Description": "This resource shall be used to represent an assembly information."
        },
        {
            "Description": "This resource shall be used to represent an assembly information.",
            "PackageType": "Module/Card",
            "@odata.type": "#DellAssembly.v1_1_0.DellAssembly",
            "@odata.etag": "\"W/'gen-1'\"",
            "Name": "DellAssembly",
            "Id": "RSR.Integrated.11_0x23_FRU",
            "SerialNumber": "05R5b",
            "@odata.context": "/redfish/v1/$metadata#DellAssembly.DellAssembly",
            "@odata.id": "/redfish/v1/Chassis/System.Embedded.1/Oem/Dell/DellAssembly/RSR.Integrated.11_0x23_FRU",
            "DeviceFQDD": "RSR.Integrated.11"
        },
        {
            "@odata.id": "/redfish/v1/Chassis/System.Embedded.1/Oem/Dell/DellAssembly/OEM.1_System.Embedded.1_0x23_FRU",
            "Description": "This resource shall be used to represent an assembly information.",
            "Id": "OEM.1:System.Embedded.1_0x23_FRU",
            "SerialNumber": "",
            "@odata.context": "/redfish/v1/$metadata#DellAssembly.DellAssembly",
            "@odata.etag": "\"W/'gen-1'\"",
            "DeviceFQDD": "OEM.1:System.Embedded.1",
            "PackageType": "Module/Card",
            "Name": "DellAssembly",
            "@odata.type": "#DellAssembly.v1_1_0.DellAssembly"
        }
    ],
    "Members@odata.count": 18,
    "Name": "DellAssemblyCollection",
    "@odata.context": "/redfish/v1/$metadata#DellAssemblyCollection.DellAssemblyCollection",
    "@odata.type": "#DellAssemblyCollection.DellAssemblyCollection"
}