{
    "@odata.context": "/redfish/v1/$metadata#AccountService.AccountService",
    "@odata.type": "#AccountService.v1_15_1.AccountService",
    "@odata.id": "/redfish/v1/AccountService",
    "@odata.etag": "\"128771697034\"",
    "AccountLockoutCounterResetAfter": 0,
    "AccountLockoutDuration": 0,
    "AccountLockoutThreshold": 0,
    "Accounts": {
        "@odata.id": "/redfish/v1/AccountService/Accounts"
    },
    "ActiveDirectory": {
        "Certificates": {
            "@odata.id": "/redfish/v1/AccountService/ActiveDirectory/Certificates"
        },
        "AccountProviderType": "ActiveDirectoryService",
        "Authentication": {
            "AuthenticationType": "UsernameAndPassword",
            "KerberosKeytab": null
        },
        "RemoteRoleMapping": [
            {
                "RemoteGroup": "",
                "LocalRole": "None"
            },
            {
                "RemoteGroup": "",
                "LocalRole": "None"
            },
            {
                "RemoteGroup": "",
                "LocalRole": "None"
            },
            {
                "RemoteGroup": "",
                "LocalRole": "None"
            },
            {
                "RemoteGroup": "",
                "LocalRole": "None"
            },
            {
                "RemoteGroup": "",
                "LocalRole": "None"
            },
            {
                "RemoteGroup": "",
                "LocalRole": "None"
            },
            {
                "RemoteGroup": "",
                "LocalRole": "None"
            },
            {
                "RemoteGroup": "",
                "LocalRole": "None"
            },
            {
                "RemoteGroup": "",
                "LocalRole": "None"
            },
            {
                "RemoteGroup": "",
                "LocalRole": "None"
            },
            {
                "RemoteGroup": "",
                "LocalRole": "None"
            },
            {
                "RemoteGroup": "",
                "LocalRole": "None"
            },
            {
                "RemoteGroup": "",
                "LocalRole": "None"
            },
            {
                "RemoteGroup": "",
                "LocalRole": "None"
            }
        ],
        "RemoteRoleMapping@odata.count": 15,
        "ServiceAddresses": [
            "",
            "",
            ""
        ],
        "ServiceAddresses@odata.count": 3,
        "ServiceEnabled": false
    },
    "AdditionalExternalAccountProviders": {
        "@odata.id": "/redfish/v1/AccountService/ExternalAccountProviders"
    },
    "AuthFailureLoggingThreshold": 2,
    "Description": "BMC User Accounts",
    "Id": "RemoteAccountService",
    "LDAP": {
        "Certificates": {
            "@odata.id": "/redfish/v1/AccountService/LDAP/Certificates"
        },
        "AccountProviderType": "LDAPService",
        "Authentication": {
            "AuthenticationType": "UsernameAndPassword"
        },
        "LDAPService": {
            "SearchSettings": {
                "BaseDistinguishedNames": [
                    ""
                ],
                "BaseDistinguishedNames@odata.count": 1,
                "GroupNameAttribute": "",
                "UsernameAttribute": ""
            }
        },
        "RemoteRoleMapping": [
            {
                "RemoteGroup": "",
                "LocalRole": "None"
            },
            {
                "RemoteGroup": "",
                "LocalRole": "None"
            },
            {
                "RemoteGroup": "",
                "LocalRole": "None"
            },
            {
                "RemoteGroup": "",
                "LocalRole": "None"
            },
            {
                "RemoteGroup": "",
                "LocalRole": "None"
            },
            {
                "RemoteGroup": "",
                "LocalRole": "None"
            },
            {
                "RemoteGroup": "",
                "LocalRole": "None"
            },
            {
                "RemoteGroup": "",
                "LocalRole": "None"
            },
            {
                "RemoteGroup": "",
                "LocalRole": "None"
            },
            {
                "RemoteGroup": "",
                "LocalRole": "None"
            },
            {
                "RemoteGroup": "",
                "LocalRole": "None"
            },
            {
                "RemoteGroup": "",
                "LocalRole": "None"
            },
            {
                "RemoteGroup": "",
                "LocalRole": "None"
            },
            {
                "RemoteGroup": "",
                "LocalRole": "None"
            },
            {
                "RemoteGroup": "",
                "LocalRole": "None"
            }
        ],
        "RemoteRoleMapping@odata.count": 15,
        "ServiceAddresses": [
            ""
        ],
        "ServiceAddresses@odata.count": 1,
        "ServiceEnabled": false
    },
    "LocalAccountAuth": "Fallback",
    "MaxPasswordLength": 127,
    "MinPasswordLength": 0,
    "OAuth2": {
        "Certificates": {
            "@odata.id": "/redfish/v1/AccountService/ExternalAccountProviders/1/Certificates"
        },
        "ServiceEnabled": true,
        "ServiceAddresses": [
            ""
        ],
        "ServiceAddresses@odata.count": 1,
        "OAuth2Service": {
            "Issuer": "",
            "OAuthServiceSigningKeys": "",
            "Audience": [
                "c8:4b:d6:9f:d6:c6"
            ],
            "Mode": "Discovery"
        }
    },
    "Name": "Account Service",
    "PasswordExpirationDays": null,
    "PrivilegeMap": {
        "@odata.id": "/redfish/v1/Managers/iDRAC.Embedded.1/PrivilegeRegistry"
    },
    "Roles": {
        "@odata.id": "/redfish/v1/AccountService/Roles"
    },
    "ServiceEnabled": true,
    "Status": {
        "Health": "OK",
        "State": "Enabled"
    },
    "SupportedAccountTypes": [
        "Redfish",
        "SNMP",
        "OEM",
        "HostConsole",
        "ManagerConsole",
        "IPMI",
        "KVMIP",
        "VirtualMedia",
        "WebUI"
    ],
    "SupportedOEMAccountTypes": [
        "IPMI",
        "SOL",
        "WSMAN",
        "UI",
        "Racadm"
    ]
}