{
    "@odata.context": "/redfish/v1/$metadata#JsonSchemaFile.JsonSchemaFile",
    "@odata.id": "/redfish/v1/JsonSchemas/CollectionCapabilities",
    "@odata.type": "#JsonSchemaFile.v1_1_5.JsonSchemaFile",
    "Description": "CollectionCapabilities Schema File Location",
    "Id": "CollectionCapabilities",
    "Languages": [
        "en"
    ],
    "Languages@odata.count": 1,
    "Location": [
        {
            "Language": "en",
            "PublicationUri": "http://redfish.dmtf.org/schemas/v1/CollectionCapabilities.json",
            "Uri": "/redfish/v1/Schemas/CollectionCapabilities.json"
        }
    ],
    "Location@odata.count": 1,
    "Name": "CollectionCapabilities Schema File",
    "Schema": "#CollectionCapabilities.CollectionCapabilities"
}