{
    "@odata.context": "/redfish/v1/$metadata#JsonSchemaFile.JsonSchemaFile",
    "@odata.id": "/redfish/v1/JsonSchemas/CapacitySourceCollection",
    "@odata.type": "#JsonSchemaFile.v1_1_4.JsonSchemaFile",
    "Description": "CapacitySourceCollection Schema File Location",
    "Id": "CapacitySourceCollection",
    "Languages": [
        "en"
    ],
    "Languages@odata.count": 1,
    "Location": [
        {
            "Language": "en",
            "PublicationUri": "http://redfish.dmtf.org/schemas/swordfish/v1/CapacitySourceCollection.json",
            "Uri": "/redfish/v1/Schemas/CapacitySourceCollection.json"
        }
    ],
    "Location@odata.count": 1,
    "Name": "CapacitySourceCollection Schema File",
    "Schema": "#CapacitySourceCollection.CapacitySourceCollection"
}