{
    "Description": "This resource shall be used to represent an assembly information.",
    "@odata.context": "/redfish/v1/$metadata#DellAssembly.DellAssembly",
    "PackageType": "CrossConnect/Backplane",
    "SerialNumber": "CNWS30048502S5",
    "@odata.etag": "\"W/'gen-1'\"",
    "DeviceFQDD": "Enclosure.Internal.0-2",
    "Name": "DellAssembly",
    "@odata.id": "/redfish/v1/Chassis/System.Embedded.1/Oem/Dell/DellAssembly/Enclosure.Internal.0-2_0x23_FRU",
    "@odata.type": "#DellAssembly.v1_1_0.DellAssembly",
    "Id": "Enclosure.Internal.0-2_0x23_FRU"
}