{
    "@odata.context": "/redfish/v1/$metadata#NetworkPortCollection.NetworkPortCollection",
    "@odata.id": "/redfish/v1/Chassis/System.Embedded.1/NetworkAdapters/NIC.Slot.4/NetworkPorts",
    "@odata.type": "#NetworkPortCollection.NetworkPortCollection",
    "Description": "Collection Of Network Port entities",
    "Members": [
        {
            "@odata.id": "/redfish/v1/Chassis/System.Embedded.1/NetworkAdapters/NIC.Slot.4/NetworkPorts/NIC.Slot.4-1"
        },
        {
            "@odata.id": "/redfish/v1/Chassis/System.Embedded.1/NetworkAdapters/NIC.Slot.4/NetworkPorts/NIC.Slot.4-2"
        }
    ],
    "Members@odata.count": 2,
    "Name": "Network Port Collection"
}