{
    "@odata.context": "/redfish/v1/$metadata#Job.Job",
    "@odata.id": "/redfish/v1/JobService/Jobs/JID_056720928401",
    "@odata.type": "#Job.v1_2_1.Job",
    "Description": "Represent a job in Redfish",
    "Id": "JID_056720928401",
    "Name": "Firmware Update: Serial ATA",
    "JobState": "Completed",
    "JobStatus": "OK",
    "PercentComplete": 100,
    "StartTime": "2024-01-19T07:48:12-06:00",
    "EndTime": "2024-01-19T08:04:57-06:00",
    "Messages": [
        {
            "Message": "Job completed successfully.",
            "MessageId": "IDRAC.2.9.PR19",
            "MessageArgs": [],
            "MessageArgs@odata.count": 0
        }
    ],
    "Messages@odata.count": 1
}