{
    "@odata.type": "#Job.v1_2_4.Job",
    "Description": "Represent a job in Redfish",
    "@odata.id": "/redfish/v1/JobService/Jobs/JID_400946196342",
    "PercentComplete": 100,
    "StartTime": "2025-02-20T17:36:59-06:00",
    "@odata.context": "/redfish/v1/$metadata#Job.Job",
    "MaxExecutionTime": "PT2H",
    "Oem": {
        "Dell": {
            "@odata.type": "#DellOemJob.v1_0_0.DellOemJob",
            "ActualRunningStartTime": "2025-02-20T17:36:59",
            "ActualRunningStopTime": "2025-02-20T17:43:15",
            "JobType": "SACollectExportHealthData",
            "OemJobState": "Completed",
            "UntilTime": null,
            "@odata.context": "/redfish/v1/$metadata#DellOemJob.DellOemJob"
        }
    },
    "Messages": [
        {
            "MessageId": "IDRAC.2.9.SRV088",
            "Message": "The SupportAssist Collection and Transmission Operation is completed successfully.",
            "MessageArgs": [],
            "MessageArgs@odata.count": 0
        }
    ],
    "Messages@odata.count": 1,
    "Name": "SupportAssist Collection",
    "EndTime": "2025-02-20T17:43:15-06:00",
    "JobStatus": "OK",
    "@odata.etag": "\"W/'gen-15'\"",
    "Id": "JID_400946196342",
    "JobState": "Completed"
}