{
    "@odata.context": "/redfish/v1/$metadata#JsonSchemaFile.JsonSchemaFile",
    "@odata.id": "/redfish/v1/JsonSchemas/DellEnclosureEMM.v1_1_0",
    "@odata.type": "#JsonSchemaFile.v1_1_4.JsonSchemaFile",
    "Description": "DellEnclosureEMM Schema File Location",
    "Id": "DellEnclosureEMM.v1_1_0",
    "Languages": [
        "en"
    ],
    "Languages@odata.count": 1,
    "Location": [
        {
            "Language": "en",
            "PublicationUri": "http://downloads.dell.com/redfish/bmc/schemas/DellEnclosureEMM.v1_1_0.json",
            "Uri": "/redfish/v1/Schemas/DellEnclosureEMM.v1_1_0.json"
        }
    ],
    "Location@odata.count": 1,
    "Name": "DellEnclosureEMM Schema File",
    "Schema": "#DellEnclosureEMM.v1_1_0.DellEnclosureEMM"
}