{
    "@odata.context": "/redfish/v1/$metadata#PCIeFunction.PCIeFunction",
    "@odata.etag": "\"1706632773\"",
    "@odata.type": "#PCIeFunction.v1_5_0.PCIeFunction",
    "@odata.id": "/redfish/v1/Chassis/System.Embedded.1/PCIeDevices/177-0/PCIeFunctions/177-0-1",
    "ClassCode": "0x020000",
    "Description": "Ethernet Network Adapter X710-TL",
    "DeviceClass": "NetworkController",
    "DeviceId": "0x15ff",
    "Enabled": true,
    "FunctionId": 1,
    "FunctionType": "Physical",
    "Id": "177-0-1",
    "Links": {
        "StorageControllers": [],
        "StorageControllers@odata.count": 0,
        "Drives": [],
        "Drives@odata.count": 0,
        "EthernetInterfaces": [
            {
                "@odata.id": "/redfish/v1/Systems/System.Embedded.1/EthernetInterfaces/NIC.Slot.3-2-1"
            }
        ],
        "EthernetInterfaces@odata.count": 1,
        "PCIeDevice": {
            "@odata.id": "/redfish/v1/Chassis/System.Embedded.1/PCIeDevices/177-0"
        }
    },
    "Name": "Ethernet Network Adapter X710-TL",
    "Oem": {
        "Dell": {
            "@odata.type": "#DellChassisPCIeFunction.v1_1_0.DellPCIeFunction",
            "DellPCIeFunction": {
                "DataBusWidth": "16XOrX16",
                "LastSystemInventoryTime": "2024-01-30T16:38:56+00:00",
                "LastUpdateTime": "2024-01-30T16:38:54+00:00",
                "SlotLength": "LongLength",
                "SlotType": "PCIExpressGen4",
                "Id": "NIC.Slot.3-2-1"
            }
        }
    },
    "RevisionId": "0x02",
    "Status": {
        "State": "Enabled",
        "Health": "OK",
        "HealthRollup": "OK"
    },
    "SubsystemId": "0x0000",
    "SubsystemVendorId": "0x8086",
    "VendorId": "0x8086"
}