{
    "@odata.context": "/redfish/v1/$metadata#PCIeDevice.PCIeDevice",
    "@odata.etag": "\"1707801111\"",
    "@odata.id": "/redfish/v1/Chassis/System.Embedded.1/PCIeDevices/0-25",
    "@odata.type": "#PCIeDevice.v1_11_1.PCIeDevice",
    "AssetTag": null,
    "Description": "Sapphire Rapids SATA AHCI Controller",
    "DeviceType": "SingleFunction",
    "FirmwareVersion": "",
    "Id": "0-25",
    "Links": {
        "Chassis": [
            {
                "@odata.id": "/redfish/v1/Chassis/System.Embedded.1"
            }
        ],
        "Chassis@odata.count": 1,
        "Oem": {
            "Dell": {
                "@odata.type": "#DellOem.v1_3_0.DellOemLinks",
                "CPUAffinity": [],
                "CPUAffinity@odata.count": 0
            }
        },
        "PCIeFunctions": [
            {
                "@odata.id": "/redfish/v1/Chassis/System.Embedded.1/PCIeDevices/0-25/PCIeFunctions/0-25-0"
            }
        ],
        "PCIeFunctions@odata.count": 1,
        "PCIeFunctions@Redfish.Deprecated": "Please migrate to PCIeFunctions property in the root resource."
    },
    "Manufacturer": "Intel Corporation",
    "Model": null,
    "Name": "Sapphire Rapids SATA AHCI Controller",
    "PartNumber": null,
    "SKU": null,
    "SerialNumber": null,
    "Slot": {},
    "Status": {
        "State": "Enabled",
        "Health": "OK",
        "HealthRollup": "OK"
    },
    "PCIeFunctions": {
        "@odata.id": "/redfish/v1/Chassis/System.Embedded.1/PCIeDevices/0-25/PCIeFunctions"
    }
}