{
    "@odata.context": "/redfish/v1/$metadata#PCIeFunction.PCIeFunction",
    "@odata.etag": "\"1706632771\"",
    "@odata.type": "#PCIeFunction.v1_5_0.PCIeFunction",
    "@odata.id": "/redfish/v1/Chassis/System.Embedded.1/PCIeDevices/49-0/PCIeFunctions/49-0-0",
    "ClassCode": "0x020000",
    "Description": "MT27800 Family [ConnectX-5]",
    "DeviceClass": "NetworkController",
    "DeviceId": "0x1017",
    "Enabled": true,
    "FunctionId": 0,
    "FunctionType": "Physical",
    "Id": "49-0-0",
    "Links": {
        "StorageControllers": [],
        "StorageControllers@odata.count": 0,
        "Drives": [],
        "Drives@odata.count": 0,
        "EthernetInterfaces": [
            {
                "@odata.id": "/redfish/v1/Systems/System.Embedded.1/EthernetInterfaces/NIC.Integrated.1-1-1"
            }
        ],
        "EthernetInterfaces@odata.count": 1,
        "PCIeDevice": {
            "@odata.id": "/redfish/v1/Chassis/System.Embedded.1/PCIeDevices/49-0"
        }
    },
    "Name": "MT27800 Family [ConnectX-5]",
    "Oem": {
        "Dell": {
            "@odata.type": "#DellChassisPCIeFunction.v1_1_0.DellPCIeFunction",
            "DellPCIeFunction": {
                "DataBusWidth": "Unknown",
                "LastSystemInventoryTime": "2024-01-30T16:38:56+00:00",
                "LastUpdateTime": "2024-01-30T16:38:54+00:00",
                "SlotLength": "Unknown",
                "SlotType": "Unknown",
                "Id": "NIC.Integrated.1-1-1"
            }
        }
    },
    "RevisionId": "0x00",
    "Status": {
        "State": "Enabled",
        "Health": "OK",
        "HealthRollup": "OK"
    },
    "SubsystemId": "0x0097",
    "SubsystemVendorId": "0x15b3",
    "VendorId": "0x15b3"
}