{
    "ReadingRangeMax": 37,
    "@odata.context": "/redfish/v1/$metadata#Sensor.Sensor",
    "@odata.type": "#Sensor.v1_10_1.Sensor",
    "ReadingType": "Temperature",
    "Name": "Inlet Temp",
    "@odata.id": "/redfish/v1/Chassis/System.Embedded.1/Sensors/InletTemp",
    "ReadingRangeMin": -7,
    "Id": "InletTemp",
    "ReadingBasis": "Zero",
    "Description": "Instance of Sensor Id",
    "PhysicalContext": "SystemBoard",
    "Status": {
        "Health": "OK",
        "State": "Enabled"
    },
    "@odata.etag": "W/\"gen-440\"",
    "Oem": {
        "Dell": {
            "DurationInCriticalThresholdPercent": 0,
            "RequestedState": "NotApplicable",
            "@odata.context": "/redfish/v1/$metadata#DellOemSensor.DellOemSensor",
            "DurationInWarningThresholdPercent": 0,
            "PossibleStates": [
                "Unknown",
                "Fatal",
                "Normal",
                "Upper Fatal",
                "Upper Critical",
                "Upper Non-Critical",
                "Lower Non-Critical",
                "Lower Critical",
                "Lower Fatal"
            ],
            "PossibleStates@odata.count": 9,
            "PeakReadings": {
                "LastWeek": {
                    "ReadingTime": "2025-11-05T21:33:42-06:00",
                    "Reading": 24
                },
                "LastYear": {
                    "Reading": 28,
                    "ReadingTime": "2025-09-01T07:11:10-05:00"
                },
                "LastDay": {
                    "ReadingTime": "2025-11-05T21:33:42-06:00",
                    "Reading": 25
                },
                "LastHour": {
                    "Reading": 23,
                    "ReadingTime": "2025-11-06T15:33:40-06:00"
                },
                "LastMonth": {
                    "ReadingTime": "2025-10-09T14:56:27-05:00",
                    "Reading": 25
                }
            },
            "CurrentState": "Normal",
            "@odata.type": "#DellOemSensor.v1_2_0.DellOemSensor",
            "AverageReadings": {
                "LastMonth": {
                    "Reading": 22,
                    "AveragingIntervalAchieved": true
                },
                "LastWeek": {
                    "Reading": 23,
                    "AveragingIntervalAchieved": true
                },
                "LastYear": {
                    "AveragingIntervalAchieved": true,
                    "Reading": 23
                },
                "LastDay": {
                    "AveragingIntervalAchieved": true,
                    "Reading": 24
                },
                "LastHour": {
                    "Reading": 23,
                    "AveragingIntervalAchieved": true
                }
            },
            "DeviceID": "iDRAC.Embedded.1#InletTemp",
            "TotalOperationalDuration": "P106DT"
        }
    },
    "ReadingUnits": "Cel",
    "Thresholds": {
        "LowerCaution": {
            "Reading": 3
        },
        "LowerCautionUser": {
            "Reading": 3
        },
        "LowerCritical": {
            "Reading": -7
        },
        "UpperCaution": {
            "Reading": 33
        },
        "UpperCautionUser": {
            "Reading": 33
        },
        "UpperCritical": {
            "Reading": 37
        }
    },
    "Reading": 23
}