{
    "@odata.context": "/redfish/v1/$metadata#JsonSchemaFile.JsonSchemaFile",
    "@odata.id": "/redfish/v1/JsonSchemas/DellAggregationMetricDefinition",
    "@odata.type": "#JsonSchemaFile.v1_1_4.JsonSchemaFile",
    "Description": "DellAggregationMetricDefinition Schema File Location",
    "Id": "DellAggregationMetricDefinition",
    "Languages": [
        "en"
    ],
    "Languages@odata.count": 1,
    "Location": [
        {
            "Language": "en",
            "PublicationUri": "http://downloads.dell.com/redfish/bmc/schemas/DellAggregationMetricDefinition.json",
            "Uri": "/redfish/v1/Schemas/DellAggregationMetricDefinition.json"
        }
    ],
    "Location@odata.count": 1,
    "Name": "DellAggregationMetricDefinition Schema File",
    "Schema": "#DellAggregationMetricDefinition.DellAggregationMetricDefinition"
}