{
    "ReadingUnits": "RPM",
    "@odata.etag": "\"W/'gen-52'\"",
    "ReadingType": "Rotational",
    "Reading": 5070,
    "Description": "Instance of Sensor Id",
    "Id": "Fan3_1",
    "Status": {
        "State": "Enabled",
        "Health": "OK"
    },
    "ReadingRangeMin": 600,
    "@odata.type": "#Sensor.v1_9_0.Sensor",
    "@odata.context": "/redfish/v1/$metadata#Sensor.Sensor",
    "Name": "Fan3_1",
    "PhysicalContext": "SystemBoard",
    "Thresholds": {
        "UpperCaution": {
            "Reading": null
        },
        "UpperCritical": {
            "Reading": null
        },
        "LowerCaution": {
            "Reading": 840
        },
        "LowerCritical": {
            "Reading": 600
        }
    },
    "ReadingRangeMax": null,
    "@odata.id": "/redfish/v1/Chassis/System.Embedded.1/Sensors/Fan3_1",
    "ReadingBasis": "Zero",
    "Oem": {
        "Dell": {
            "CurrentState": "Normal",
            "DeviceID": "iDRAC.Embedded.1#Fan3_1",
            "PossibleStates": [
                "Unknown",
                "Fatal",
                "Normal",
                "Upper Fatal",
                "Upper Critical",
                "Upper Non-Critical",
                "Lower Non-Critical",
                "Lower Critical",
                "Lower Fatal"
            ],
            "PossibleStates@odata.count": 9,
            "RequestedState": "NotApplicable",
            "@odata.context": "/redfish/v1/$metadata#DellOemSensor.DellOemSensor",
            "@odata.type": "#DellOemSensor.v1_1_0.DellOemSensor"
        }
    }
}