{
    "@odata.context": "/redfish/v1/$metadata#EnvironmentMetrics.EnvironmentMetrics",
    "@odata.id": "/redfish/v1/Chassis/System.Embedded.1/EnvironmentMetrics",
    "@odata.type": "#EnvironmentMetrics.v1_3_0.EnvironmentMetrics",
    "Name": "EnvironmentMetrics",
    "Id": "EnvironmentMetrics",
    "Description": "Represents EnvironmentMetrics of the Chassis",
    "PowerWatts": {
        "DataSourceUri": "/redfish/v1/Chassis/System.Embedded.1/Sensors/SystemBoardPwrConsumption",
        "Reading": 258.0
    },
    "Oem": {
        "Dell": {
            "AverageFanPWM": 42.0,
            "@odata.type": "#DellEnvironmentMetrics.v1_1_0.DellEnvironmentMetrics"
        }
    }
}