{
    "JobStatus": "Critical",
    "MaxExecutionTime": "PT2H",
    "Oem": {
        "Dell": {
            "@odata.type": "#DellOemJob.v1_0_0.DellOemJob",
            "ActualRunningStartTime": null,
            "ActualRunningStopTime": null,
            "JobType": "FirmwareUpdate",
            "OemJobState": "Failed",
            "UntilTime": null,
            "@odata.context": "/redfish/v1/$metadata#DellOemJob.DellOemJob"
        }
    },
    "@odata.type": "#Job.v1_2_4.Job",
    "Description": "Represent a job in Redfish",
    "@odata.etag": "W/\"gen-2\"",
    "EndTime": "2025-07-26T02:03:00-05:00",
    "Name": "update:DCIM:INSTALLED#iDRAC.Embedded.1-1#IDRACinfo",
    "Id": "JID_535130879116",
    "PercentComplete": 100,
    "JobState": "Exception",
    "Messages": [
        {
            "Message": "Unable to download Update Package.",
            "MessageArgs": [],
            "MessageArgs@odata.count": 1,
            "MessageId": "IDRAC.2.14.RED006"
        }
    ],
    "Messages@odata.count": 1,
    "@odata.context": "/redfish/v1/$metadata#Job.Job",
    "@odata.id": "/redfish/v1/JobService/Jobs/JID_535130879116",
    "StartTime": "2025-07-26T01:58:07-05:00"
}