{
    "@odata.context": "/redfish/v1/$metadata#PowerSubsystem.PowerSubsystem",
    "@odata.id": "/redfish/v1/Chassis/System.Embedded.1/PowerSubsystem",
    "@odata.type": "#PowerSubsystem.v1_1_2.PowerSubsystem",
    "Description": "Represents the properties of a Power Subsystem of the Chassis",
    "Name": "Power Subsystem for Chassis",
    "PowerSupplies": {
        "@odata.id": "/redfish/v1/Chassis/System.Embedded.1/PowerSubsystem/PowerSupplies"
    },
    "PowerSupplyRedundancy": [],
    "Status": {
        "State": "Enabled",
        "Health": "OK"
    },
    "CapacityWatts": 3920.0,
    "Allocation": {
        "RequestedWatts": 814.282104492188,
        "AllocatedWatts": 2964.0
    },
    "Batteries": {
        "@odata.id": "/redfish/v1/Chassis/System.Embedded.1/PowerSubsystem/Batteries"
    },
    "Id": "PowerSubsystem"
}