{
    "RedTypeOfSet": [],
    "RedTypeOfSet@odata.count": 0,
    "@odata.etag": "\"W/'gen-2'\"",
    "Id": "PSU.Slot.2",
    "DetailedState": "Presence Detected",
    "LastSystemInventoryTime": "2025-02-21T23:53:00+00:00",
    "Description": "An instance of DellPowerSupplyView will have data specific to the Power Supply devices in the managed system.",
    "PMBusMonitoring": "Capable",
    "Range1MaxInputPowerWatts": 918,
    "Name": "DellPowerSupplyView",
    "DeviceDescription": "Power Supply 2",
    "RedMinNumberNeeded": 1,
    "RedundancyStatus": "Unknown",
    "@odata.id": "/redfish/v1/Chassis/System.Embedded.1/PowerSubsystem/Oem/Dell/DellPowerSupplyInventory/PSU.Slot.2",
    "LastUpdateTime": "1970-01-01T00:00:00+00:00",
    "@odata.type": "#DellPowerSupplyView.v1_3_0.DellPowerSupplyView",
    "@odata.context": "/redfish/v1/$metadata#DellPowerSupplyView.DellPowerSupplyView"
}