{
    "@odata.context": "/redfish/v1/$metadata#DellNIC.DellNIC",
    "@odata.id": "/redfish/v1/Chassis/System.Embedded.1/NetworkAdapters/NIC.Slot.2/NetworkDeviceFunctions/NIC.Slot.2-1-1/Oem/Dell/DellNIC/NIC.Slot.2-1-1",
    "@odata.type": "#DellNIC.v1_7_0.DellNIC",
    "BusNumber": 13,
    "CableLengthMetres": null,
    "ControllerBIOSVersion": null,
    "DataBusWidth": "16XOrX16",
    "Description": "An instance of DellNIC will have NIC device specific data.",
    "DeviceDescription": "NIC in Slot 2 Port 1 Partition 1",
    "EFIVersion": "14.26.17",
    "FCOSDriverVersion": null,
    "FCoEOSDriverVersion": null,
    "FCoEOffloadMode": "Unknown",
    "FQDD": "NIC.Slot.2-1-1",
    "FamilyVersion": "24.33.12.46",
    "ISCSIOSDriverVersion": null,
    "Id": "NIC.Slot.2-1-1",
    "IdentifierType": null,
    "InstanceID": "NIC.Slot.2-1-1",
    "LANDriverVersion": null,
    "LastSystemInventoryTime": "2024-02-12T10:24:00+00:00",
    "LastUpdateTime": "2022-02-04T19:23:43+00:00",
    "LinkDuplex": "Unknown",
    "MaxBandwidthPercent": 0,
    "MediaType": "SFF_CAGE",
    "MinBandwidthPercent": 0,
    "Name": "DellNIC",
    "NicMode": "Enabled",
    "PCIDeviceID": "a2d6",
    "PCISubDeviceID": "0087",
    "PCISubVendorID": "15b3",
    "PCIVendorID": "15b3",
    "PartNumber": "0PXDVR",
    "PermanentFCOEMACAddress": null,
    "PermanentFIPAddress": null,
    "PermanentiSCSIMACAddress": null,
    "ProductName": "Nvidia Bluefield-2 Dual Port 100 GbE QSFP Crypto DPU - 94:6D:AE:54:60:7A",
    "Protocol": "NIC,RDMA",
    "RDMAOSDriverVersion": null,
    "Revision": null,
    "SNAPIState": "Disabled",
    "SNAPISupport": "Available",
    "SerialNumber": "IL7403132E006X",
    "SlotLength": "ShortLength",
    "SlotType": "PCIExpressGen5",
    "TransceiverPartNumber": null,
    "TransceiverSerialNumber": null,
    "TransceiverVendorName": null,
    "VPISupport": "NotAvailable",
    "VendorName": "Mellanox Technologies, Inc.",
    "VirtualFIPAddress": null,
    "VirtualISCSIAddress": null,
    "iScsiOffloadMode": "Unknown"
}