{
    "@odata.context": "/redfish/v1/$metadata#JsonSchemaFile.JsonSchemaFile",
    "@odata.id": "/redfish/v1/JsonSchemas/ChassisCollection",
    "@odata.type": "#JsonSchemaFile.v1_1_4.JsonSchemaFile",
    "Description": "ChassisCollection Schema File Location",
    "Id": "ChassisCollection",
    "Languages": [
        "en"
    ],
    "Languages@odata.count": 1,
    "Location": [
        {
            "Language": "en",
            "PublicationUri": "http://redfish.dmtf.org/schemas/v1/ChassisCollection.json",
            "Uri": "/redfish/v1/Schemas/ChassisCollection.json"
        }
    ],
    "Location@odata.count": 1,
    "Name": "ChassisCollection Schema File",
    "Schema": "#ChassisCollection.ChassisCollection"
}