{
    "@odata.context": "/redfish/v1/$metadata#JsonSchemaFile.JsonSchemaFile",
    "@odata.id": "/redfish/v1/JsonSchemas/BatteryMetrics",
    "@odata.type": "#JsonSchemaFile.v1_1_4.JsonSchemaFile",
    "Description": "BatteryMetrics Schema File Location",
    "Id": "BatteryMetrics",
    "Languages": [
        "en"
    ],
    "Languages@odata.count": 1,
    "Location": [
        {
            "Language": "en",
            "PublicationUri": "http://redfish.dmtf.org/schemas/v1/BatteryMetrics.json",
            "Uri": "/redfish/v1/Schemas/BatteryMetrics.json"
        }
    ],
    "Location@odata.count": 1,
    "Name": "BatteryMetrics Schema File",
    "Schema": "#BatteryMetrics.BatteryMetrics"
}