{
    "@odata.context": "/redfish/v1/$metadata#NetworkPort.NetworkPort",
    "@odata.id": "/redfish/v1/Chassis/System.Embedded.1/NetworkAdapters/NIC.Slot.10/NetworkPorts/NIC.Slot.10-3",
    "@odata.type": "#NetworkPort.v1_4_3.NetworkPort",
    "ActiveLinkTechnology": "Ethernet",
    "AssociatedNetworkAddresses": [
        "6C:92:CF:1D:8A:B2"
    ],
    "CurrentLinkSpeedMbps": 0,
    "Description": "Network Port View",
    "EEEEnabled": null,
    "FlowControlConfiguration": "None",
    "FlowControlStatus": "None",
    "Id": "NIC.Slot.10-3",
    "LinkStatus": "Down",
    "Name": "Network Port View",
    "NetDevFuncMaxBWAlloc": [
        {
            "MaxBWAllocPercent": 100,
            "NetworkDeviceFunction": {
                "@odata.id": "/redfish/v1/Chassis/System.Embedded.1/NetworkAdapters/NIC.Slot.10/NetworkDeviceFunctions/NIC.Slot.10-3-1"
            }
        }
    ],
    "NetDevFuncMaxBWAlloc@odata.count": 1,
    "NetDevFuncMinBWAlloc": [
        {
            "MinBWAllocPercent": 0,
            "NetworkDeviceFunction": {
                "@odata.id": "/redfish/v1/Chassis/System.Embedded.1/NetworkAdapters/NIC.Slot.10/NetworkDeviceFunctions/NIC.Slot.10-3-1"
            }
        }
    ],
    "NetDevFuncMinBWAlloc@odata.count": 1,
    "Oem": {},
    "PhysicalPortNumber": "3",
    "Status": {
        "State": "Enabled",
        "Health": "OK",
        "HealthRollup": "OK"
    },
    "SupportedEthernetCapabilities": [
        "WakeOnLAN"
    ],
    "SupportedEthernetCapabilities@odata.count": 1,
    "SupportedLinkCapabilities": [
        {
            "AutoSpeedNegotiation": true,
            "LinkNetworkTechnology": "Ethernet",
            "LinkSpeedMbps": 0
        }
    ],
    "SupportedLinkCapabilities@odata.count": 1,
    "VendorId": "14e4",
    "WakeOnLANEnabled": false
}