{
    "@odata.context": "/redfish/v1/$metadata#JsonSchemaFile.JsonSchemaFile",
    "@odata.id": "/redfish/v1/JsonSchemas/DellInfiniBandCollection",
    "@odata.type": "#JsonSchemaFile.v1_1_4.JsonSchemaFile",
    "Description": "DellInfiniBandCollection Schema File Location",
    "Id": "DellInfiniBandCollection",
    "Languages": [
        "en"
    ],
    "Languages@odata.count": 1,
    "Location": [
        {
            "Language": "en",
            "PublicationUri": "http://downloads.dell.com/redfish/bmc/schemas/DellInfiniBandCollection.json",
            "Uri": "/redfish/v1/Schemas/DellInfiniBandCollection.json"
        }
    ],
    "Location@odata.count": 1,
    "Name": "DellInfiniBandCollection Schema File",
    "Schema": "#DellInfiniBandCollection.DellInfiniBandCollection"
}