{
    "@odata.etag": "W/\"gen-3\"",
    "@odata.type": "#PCIeFunction.v1_6_0.PCIeFunction",
    "Description": "Turin Internal PCIe GPP Bridge to Bus [D:C]",
    "VendorId": "0x1022",
    "FunctionProtocol": "PCIe",
    "RevisionId": "0x00",
    "Id": "0-208-7-1",
    "SubsystemId": "0x1555",
    "FunctionType": "Physical",
    "SubsystemVendorId": "0x1022",
    "DeviceId": "0x1555",
    "DeviceClass": "Bridge",
    "Status": {
        "Health": "OK",
        "HealthRollup": "OK",
        "State": "Enabled"
    },
    "SegmentNumber": "0x0000",
    "Oem": {
        "Dell": {
            "@odata.type": "#DellChassisPCIeFunction.v1_1_0.DellPCIeFunction",
            "DellPCIeFunction": {
                "Id": "P2PBridge.Embedded.8-1",
                "LastSystemInventoryTime": "2025-11-06T19:28:47+00:00",
                "LastUpdateTime": "2025-11-06T17:28:45+00:00",
                "SlotLength": "Unknown",
                "SlotType": "Unknown",
                "DataBusWidth": "Unknown"
            },
            "@odata.context": "/redfish/v1/$metadata#DellChassisPCIeFunction.DellChassisPCIeFunction"
        }
    },
    "Name": "Turin Internal PCIe GPP Bridge to Bus [D:C]",
    "Links": {
        "MemoryDomains": [],
        "MemoryDomains@odata.count": 0,
        "PCIeDevice": {
            "@odata.id": "/redfish/v1/Chassis/System.Embedded.1/PCIeDevices/0-208-7"
        },
        "Drives": [],
        "Drives@odata.count": 0
    },
    "FunctionNumber": "0x1",
    "@odata.context": "/redfish/v1/$metadata#PCIeFunction.PCIeFunction",
    "FunctionId": 1,
    "@odata.id": "/redfish/v1/Chassis/System.Embedded.1/PCIeDevices/0-208-7/PCIeFunctions/0-208-7-1",
    "BusNumber": "0xd0",
    "ClassCode": "0x000006",
    "DeviceNumber": "0x07",
    "Enabled": true
}