{
    "@odata.context": "/redfish/v1/$metadata#DellNIC.DellNIC",
    "@odata.id": "/redfish/v1/Chassis/System.Embedded.1/Oem/Dell/DellNIC/NIC.Slot.4-2-1",
    "@odata.type": "#DellNIC.v1_7_0.DellNIC",
    "BusNumber": 135,
    "CableLengthMetres": null,
    "ControllerBIOSVersion": null,
    "DataBusWidth": "16XOrX16",
    "Description": "An instance of DellNIC will have NIC device specific data.",
    "DeviceDescription": "NIC in Slot 4 Port 2 Partition 1",
    "EFIVersion": "14.25.18",
    "FCOSDriverVersion": null,
    "FCoEOSDriverVersion": null,
    "FCoEOffloadMode": "Unknown",
    "FQDD": "NIC.Slot.4-2-1",
    "FamilyVersion": "26.32.20.04",
    "ISCSIOSDriverVersion": null,
    "Id": "NIC.Slot.4-2-1",
    "IdentifierType": null,
    "InstanceID": "NIC.Slot.4-2-1",
    "LANDriverVersion": "2.042.022627",
    "LastSystemInventoryTime": "2025-02-21T23:43:07+00:00",
    "LastUpdateTime": "2025-02-21T15:24:07+00:00",
    "LinkDuplex": "FullDuplex",
    "MaxBandwidthPercent": 0,
    "MediaType": "SFF_CAGE",
    "MinBandwidthPercent": 0,
    "Name": "DellNIC",
    "NicMode": "Enabled",
    "PCIDeviceID": "101f",
    "PCISubDeviceID": "0019",
    "PCISubVendorID": "15b3",
    "PCIVendorID": "15b3",
    "PartNumber": "0DN78C",
    "PermanentFCOEMACAddress": null,
    "PermanentFIPAddress": null,
    "PermanentiSCSIMACAddress": null,
    "ProductName": "NVIDIA ConnectX-6 Lx 2x 25G SFP28 OCP3.0 SFF - E8:EB:D3:F7:CB:99",
    "Protocol": "NIC,RDMA",
    "RDMAOSDriverVersion": null,
    "Revision": null,
    "SNAPIState": "Disabled",
    "SNAPISupport": "NotAvailable",
    "SerialNumber": "IL74031284000Q",
    "SlotLength": "Other",
    "SlotType": "OCPNIC3.0SmallFormFactor",
    "TransceiverPartNumber": null,
    "TransceiverSerialNumber": null,
    "TransceiverVendorName": null,
    "VPISupport": "NotAvailable",
    "VendorName": "Mellanox Technologies, Inc.",
    "VirtualFIPAddress": null,
    "VirtualISCSIAddress": null,
    "iScsiOffloadMode": "Unknown"
}