{
    "RedundancyStatus": "NotRedundant",
    "RedTypeOfSet": [
        "N+1"
    ],
    "RedTypeOfSet@odata.count": 1,
    "LastSystemInventoryTime": "2025-11-06T19:28:47+00:00",
    "@odata.etag": "W/\"gen-2\"",
    "Id": "PSU.Slot.1",
    "Range1MaxInputPowerWatts": 1640,
    "DeviceDescription": "Power Supply 1",
    "LastUpdateTime": "2025-11-06T19:21:08+00:00",
    "PMBusMonitoring": "Capable",
    "Description": "An instance of DellPowerSupplyView will have data specific to the Power Supply devices in the managed system.",
    "RedMinNumberNeeded": 1,
    "DetailedState": "Presence Detected",
    "@odata.id": "/redfish/v1/Chassis/System.Embedded.1/PowerSubsystem/Oem/Dell/DellPowerSupplyInventory/PSU.Slot.1",
    "Name": "DellPowerSupplyView",
    "@odata.context": "/redfish/v1/$metadata#DellPowerSupplyView.DellPowerSupplyView",
    "@odata.type": "#DellPowerSupplyView.v1_4_0.DellPowerSupplyView"
}