{
    "ReadingType": "Temperature",
    "PhysicalContext": "CPU",
    "ReadingBasis": "Zero",
    "@odata.type": "#Sensor.v1_10_1.Sensor",
    "@odata.id": "/redfish/v1/Chassis/System.Embedded.1/Sensors/CPU0Temp",
    "Description": "Instance of Sensor Id",
    "Oem": {
        "Dell": {
            "DeviceID": "iDRAC.Embedded.1#CPU0Temp",
            "@odata.context": "/redfish/v1/$metadata#DellOemSensor.DellOemSensor",
            "@odata.type": "#DellOemSensor.v1_2_0.DellOemSensor",
            "PossibleStates": [
                "Unknown",
                "Fatal",
                "Normal",
                "Upper Fatal",
                "Upper Critical",
                "Upper Non-Critical",
                "Lower Non-Critical",
                "Lower Critical",
                "Lower Fatal"
            ],
            "PossibleStates@odata.count": 9,
            "RequestedState": "NotApplicable",
            "CurrentState": "Normal"
        }
    },
    "ReadingRangeMax": 100,
    "ReadingUnits": "Cel",
    "@odata.context": "/redfish/v1/$metadata#Sensor.Sensor",
    "Name": "CPU0 Temp",
    "ReadingRangeMin": 3,
    "Status": {
        "Health": "OK",
        "State": "Enabled"
    },
    "Reading": 27,
    "Id": "CPU0Temp",
    "@odata.etag": "W/\"gen-125\"",
    "Thresholds": {
        "LowerCaution": {
            "Reading": null
        },
        "LowerCritical": {
            "Reading": 3
        },
        "UpperCaution": {
            "Reading": null
        },
        "UpperCritical": {
            "Reading": 100
        }
    }
}