{
    "@odata.context": "/redfish/v1/$metadata#JsonSchemaFile.JsonSchemaFile",
    "@odata.id": "/redfish/v1/JsonSchemas/ConnectionCollection",
    "@odata.type": "#JsonSchemaFile.v1_1_4.JsonSchemaFile",
    "Description": "ConnectionCollection Schema File Location",
    "Id": "ConnectionCollection",
    "Languages": [
        "en"
    ],
    "Languages@odata.count": 1,
    "Location": [
        {
            "Language": "en",
            "PublicationUri": "http://redfish.dmtf.org/schemas/v1/ConnectionCollection.json",
            "Uri": "/redfish/v1/Schemas/ConnectionCollection.json"
        }
    ],
    "Location@odata.count": 1,
    "Name": "ConnectionCollection Schema File",
    "Schema": "#ConnectionCollection.ConnectionCollection"
}