{
    "@odata.context": "/redfish/v1/$metadata#DellNIC.DellNIC",
    "@odata.id": "/redfish/v1/Chassis/System.Embedded.1/NetworkAdapters/NIC.Embedded.1/NetworkDeviceFunctions/NIC.Embedded.1-1-1/Oem/Dell/DellNIC/NIC.Embedded.1-1-1",
    "@odata.type": "#DellNIC.v1_7_0.DellNIC",
    "BusNumber": 1,
    "CableLengthMetres": null,
    "ControllerBIOSVersion": "1.39",
    "DataBusWidth": "Unknown",
    "Description": "An instance of DellNIC will have NIC device specific data.",
    "DeviceDescription": "Embedded NIC 1 Port 1 Partition 1",
    "EFIVersion": "21.6.72",
    "FCOSDriverVersion": null,
    "FCoEOSDriverVersion": null,
    "FCoEOffloadMode": "Unknown",
    "FQDD": "NIC.Embedded.1-1-1",
    "FamilyVersion": "22.91.5",
    "ISCSIOSDriverVersion": null,
    "Id": "NIC.Embedded.1-1-1",
    "IdentifierType": null,
    "InstanceID": "NIC.Embedded.1-1-1",
    "LANDriverVersion": "4.1.\b",
    "LastSystemInventoryTime": "2025-02-12T19:37:11+00:00",
    "LastUpdateTime": "2024-08-05T13:16:24+00:00",
    "LinkDuplex": "FullDuplex",
    "MaxBandwidthPercent": 0,
    "MediaType": "Base T",
    "MinBandwidthPercent": 0,
    "Name": "DellNIC",
    "NicMode": "Unknown",
    "PCIDeviceID": "165f",
    "PCISubDeviceID": "0b4e",
    "PCISubVendorID": "1028",
    "PCIVendorID": "14e4",
    "PartNumber": null,
    "PermanentFCOEMACAddress": null,
    "PermanentFIPAddress": null,
    "PermanentiSCSIMACAddress": null,
    "ProductName": "Broadcom NetXtreme Gigabit Ethernet (BCM5720) - C8:4B:D6:9F:D6:CC",
    "Protocol": "NIC",
    "RDMAOSDriverVersion": null,
    "Revision": null,
    "SNAPIState": "Disabled",
    "SNAPISupport": "NotAvailable",
    "SerialNumber": null,
    "SlotLength": "Unknown",
    "SlotType": "Unknown",
    "TransceiverPartNumber": null,
    "TransceiverSerialNumber": null,
    "TransceiverVendorName": null,
    "VPISupport": "NotAvailable",
    "VendorName": "Broadcom Corp",
    "VirtualFIPAddress": null,
    "VirtualISCSIAddress": null,
    "iScsiOffloadMode": "Unknown"
}