{
    "Status": {
        "Health": "OK",
        "State": "Enabled"
    },
    "Oem": {
        "Dell": {
            "PossibleStates@odata.count": 9,
            "RequestedState": "NotApplicable",
            "@odata.context": "/redfish/v1/$metadata#DellOemSensor.DellOemSensor",
            "@odata.type": "#DellOemSensor.v1_1_0.DellOemSensor",
            "CurrentState": "Normal",
            "DeviceID": "iDRAC.Embedded.1#CPU0VCCD0VR",
            "PossibleStates": [
                "Unknown",
                "Fatal",
                "Normal",
                "Upper Fatal",
                "Upper Critical",
                "Upper Non-Critical",
                "Lower Non-Critical",
                "Lower Critical",
                "Lower Fatal"
            ]
        }
    },
    "ReadingUnits": "V",
    "@odata.id": "/redfish/v1/Chassis/System.Embedded.1/Sensors/CPU0VCCD0VR",
    "PhysicalContext": "CPU",
    "Thresholds": {
        "LowerCaution": {
            "Reading": null
        },
        "LowerCritical": {
            "Reading": null
        },
        "UpperCaution": {
            "Reading": null
        },
        "UpperCritical": {
            "Reading": null
        }
    },
    "Name": "CPU0 VCCD0 VR",
    "ReadingRangeMin": null,
    "@odata.context": "/redfish/v1/$metadata#Sensor.Sensor",
    "Reading": 1.113,
    "Id": "CPU0VCCD0VR",
    "Description": "Instance of Sensor Id",
    "ReadingType": "Voltage",
    "ReadingBasis": "Zero",
    "@odata.etag": "\"W/'gen-7'\"",
    "@odata.type": "#Sensor.v1_9_0.Sensor",
    "ReadingRangeMax": null
}