{
    "@odata.etag": "W/\"gen-1\"",
    "@odata.id": "/redfish/v1/Chassis/System.Embedded.1/NetworkAdapters/NIC.Slot.10/Ports/NIC.Slot.10-1/Metrics",
    "Id": "Metrics",
    "Name": "Metrics",
    "Transceivers": [
        {
            "SupplyVoltage": 0,
            "TXBiasCurrentMilliAmps": 0,
            "TXOutputPowerMilliWatts": 0,
            "RXInputPowerMilliWatts": 0
        }
    ],
    "@odata.context": "/redfish/v1/$metadata#PortMetrics.PortMetrics",
    "@odata.type": "#PortMetrics.v1_7_0.PortMetrics",
    "Description": "Metrics for Network Port"
}