{
    "@odata.context": "/redfish/v1/$metadata#PCIeDevice.PCIeDevice",
    "@odata.etag": "\"1706632772\"",
    "@odata.id": "/redfish/v1/Chassis/System.Embedded.1/PCIeDevices/177-0",
    "@odata.type": "#PCIeDevice.v1_11_1.PCIeDevice",
    "AssetTag": null,
    "Description": "Ethernet Network Adapter X710-TL",
    "DeviceType": "MultiFunction",
    "FirmwareVersion": "22.5.7",
    "Id": "177-0",
    "Links": {
        "Chassis": [
            {
                "@odata.id": "/redfish/v1/Chassis/System.Embedded.1"
            }
        ],
        "Chassis@odata.count": 1,
        "Oem": {
            "Dell": {
                "@odata.type": "#DellOem.v1_3_0.DellOemLinks",
                "CPUAffinity": [
                    {
                        "@odata.id": "/redfish/v1/Systems/System.Embedded.1/Processors/CPU.Socket.2"
                    }
                ],
                "CPUAffinity@odata.count": 1
            }
        },
        "PCIeFunctions": [
            {
                "@odata.id": "/redfish/v1/Chassis/System.Embedded.1/PCIeDevices/177-0/PCIeFunctions/177-0-3"
            },
            {
                "@odata.id": "/redfish/v1/Chassis/System.Embedded.1/PCIeDevices/177-0/PCIeFunctions/177-0-1"
            },
            {
                "@odata.id": "/redfish/v1/Chassis/System.Embedded.1/PCIeDevices/177-0/PCIeFunctions/177-0-2"
            },
            {
                "@odata.id": "/redfish/v1/Chassis/System.Embedded.1/PCIeDevices/177-0/PCIeFunctions/177-0-0"
            }
        ],
        "PCIeFunctions@odata.count": 4,
        "PCIeFunctions@Redfish.Deprecated": "Please migrate to PCIeFunctions property in the root resource."
    },
    "Manufacturer": "Intel Corporation",
    "Model": "Intel(R) Ethernet Adptr X710T4L",
    "Name": "Ethernet Network Adapter X710-TL",
    "PartNumber": "0K5DDV",
    "SKU": null,
    "SerialNumber": "MYFLMIT12J0199",
    "Slot": {
        "Lanes": 16,
        "Location": {
            "PartLocation": {
                "LocationOrdinalValue": 3,
                "LocationType": "Slot"
            }
        },
        "PCIeType": "Gen4",
        "SlotType": "FullLength"
    },
    "PCIeInterface": {
        "MaxPCIeType": "Gen4",
        "PCIeType": "Gen4",
        "MaxLanes": 16,
        "LanesInUse": 16
    },
    "Status": {
        "State": "Enabled",
        "Health": "OK",
        "HealthRollup": "OK"
    },
    "PCIeFunctions": {
        "@odata.id": "/redfish/v1/Chassis/System.Embedded.1/PCIeDevices/177-0/PCIeFunctions"
    }
}