{
    "@odata.context": "/redfish/v1/$metadata#Assembly.Assembly",
    "@odata.type": "#Assembly.v1_4_0.Assembly",
    "@odata.id": "/redfish/v1/Chassis/System.Embedded.1/NetworkAdapters/NIC.Slot.2/Assembly",
    "Assemblies": [
        {
            "@odata.type": "#Assembly.v1_4_0.AssemblyData",
            "@odata.id": "/redfish/v1/Chassis/System.Embedded.1/NetworkAdapters/NIC.Slot.2/Assembly#/Assemblies/0",
            "BinaryDataURI": null,
            "Description": "Nvidia Bluefield-2 Dual Port 100 GbE QSFP Crypto DPU",
            "EngineeringChangeLevel": "A00",
            "MemberId": "0",
            "Model": "Nvidia Bluefield-2 Dual Port 100 GbE QSFP Crypto DPU",
            "Name": "NIC.Slot.2#FRU",
            "Oem": {
                "Dell": {
                    "@odata.type": "#DellOem.v1_3_0.DellOemResources",
                    "DellAssembly": {
                        "Description": "This resource shall be used to represent an assembly information.",
                        "DeviceFQDD": "NIC.Slot.2",
                        "Id": "NIC.Slot.2_0x23_FRU",
                        "Name": "DellAssembly",
                        "PackageType": "Module/Card",
                        "SerialNumber": "IL7403132E006X",
                        "@odata.context": "/redfish/v1/$metadata#DellAssembly.DellAssembly",
                        "@odata.type": "#DellAssembly.v1_0_0.DellAssembly",
                        "@odata.id": "/redfish/v1/Chassis/System.Embedded.1/Oem/Dell/DellAssembly/NIC.Slot.2_0x23_FRU"
                    }
                }
            },
            "PartNumber": "0PXDVR",
            "Producer": "Dell",
            "ProductionDate": "2023-05-03T21:34:00Z",
            "SKU": null,
            "SparePartNumber": null,
            "Vendor": "DELL",
            "Version": null
        }
    ],
    "Assemblies@odata.count": 1,
    "Description": "Represents the properties of Assembly for the device",
    "Id": "Assembly",
    "Name": "NIC.Slot.2#FRU"
}