{
    "@odata.context": "/redfish/v1/$metadata#JsonSchemaFile.JsonSchemaFile",
    "@odata.id": "/redfish/v1/JsonSchemas/DellFC.v1_4_0",
    "@odata.type": "#JsonSchemaFile.v1_1_4.JsonSchemaFile",
    "Description": "DellFC Schema File Location",
    "Id": "DellFC.v1_4_0",
    "Languages": [
        "en"
    ],
    "Languages@odata.count": 1,
    "Location": [
        {
            "Language": "en",
            "PublicationUri": "http://downloads.dell.com/redfish/bmc/schemas/DellFC.v1_4_0.json",
            "Uri": "/redfish/v1/Schemas/DellFC.v1_4_0.json"
        }
    ],
    "Location@odata.count": 1,
    "Name": "DellFC Schema File",
    "Schema": "#DellFC.v1_4_0.DellFC"
}