{
    "@odata.context": "/redfish/v1/$metadata#Port.Port",
    "@odata.id": "/redfish/v1/Chassis/System.Embedded.1/NetworkAdapters/NIC.Embedded.1/Ports/NIC.Embedded.1-1",
    "@odata.type": "#Port.v1_9_0.Port",
    "LinkNetworkTechnology": "Ethernet",
    "CurrentSpeedGbps": 1,
    "Description": "Instance of Port for NIC",
    "Ethernet": {
        "AssociatedMACAddresses": [
            "70:B5:E8:F0:49:DA"
        ],
        "EEEEnabled": true,
        "FlowControlConfiguration": "TX_RX",
        "FlowControlStatus": "TX_RX",
        "LLDPReceive": {},
        "WakeOnLANEnabled": true
    },
    "LinkConfiguration": [
        {
            "AutoSpeedNegotiationCapable": true,
            "AutoSpeedNegotiationEnabled": true
        }
    ],
    "FunctionMaxBandwidth": [
        {
            "AllocationPercent": null,
            "NetworkDeviceFunction": {
                "@odata.id": "/redfish/v1/Chassis/System.Embedded.1/NetworkAdapters/NIC.Embedded.1/NetworkDeviceFunctions/NIC.Embedded.1-1-1"
            }
        }
    ],
    "FunctionMinBandwidth": [
        {
            "AllocationPercent": null,
            "NetworkDeviceFunction": {
                "@odata.id": "/redfish/v1/Chassis/System.Embedded.1/NetworkAdapters/NIC.Embedded.1/NetworkDeviceFunctions/NIC.Embedded.1-1-1"
            }
        }
    ],
    "Id": "NIC.Embedded.1-1",
    "LinkStatus": "LinkUp",
    "Metrics": {
        "@odata.id": "/redfish/v1/Chassis/System.Embedded.1/NetworkAdapters/NIC.Embedded.1/Ports/NIC.Embedded.1-1/Metrics"
    },
    "PortId": "1",
    "Status": {
        "State": "Enabled",
        "Health": "OK",
        "HealthRollup": "OK"
    },
    "Name": "Network Inteface Card(NIC) Port View"
}