{
    "@Redfish.Settings": {
        "@odata.context": "/redfish/v1/$metadata#Settings.Settings",
        "@odata.type": "#Settings.v1_3_5.Settings",
        "SettingsObject": {
            "@odata.id": "/redfish/v1/Chassis/System.Embedded.1/NetworkAdapters/NIC.Integrated.1/NetworkDeviceFunctions/NIC.Integrated.1-2-1/Oem/Dell/DellNetworkAttributes/NIC.Integrated.1-2-1/Settings"
        },
        "SupportedApplyTimes": [
            "Immediate",
            "AtMaintenanceWindowStart",
            "OnReset",
            "InMaintenanceWindowOnReset"
        ]
    },
    "@odata.context": "/redfish/v1/$metadata#DellAttributes.DellAttributes",
    "@odata.id": "/redfish/v1/Chassis/System.Embedded.1/NetworkAdapters/NIC.Integrated.1/NetworkDeviceFunctions/NIC.Integrated.1-2-1/Oem/Dell/DellNetworkAttributes/NIC.Integrated.1-2-1",
    "@odata.type": "#DellAttributes.v1_0_0.DellAttributes",
    "AttributeRegistry": "NetworkAttributeRegistry_NIC.Integrated.1-2-1",
    "Attributes": {
        "PXEBootSupport": "Available",
        "iSCSIBootSupport": "Unavailable",
        "FCoEBootSupport": "Unavailable",
        "NicPartitioningSupport": "Unavailable",
        "FlexAddressing": "Available",
        "TOESupport": "Unavailable",
        "iSCSIOffloadSupport": "Unavailable",
        "iSCSIDualIPVersionSupport": "Unavailable",
        "OnChipThermalSensor": "Available",
        "NWManagementPassThrough": "Available",
        "EnergyEfficientEthernet": "Available",
        "OSBMCManagementPassThrough": "Available",
        "INTEL_AdapterPBA": "M42326-003",
        "DeviceName": "Intel(R) Ethernet 1G 4P I350-t OCP",
        "ChipMdl": "Intel i350",
        "PCIDeviceID": "1521",
        "BusDeviceFunction": "22:00:01",
        "MacAddr": "30:3E:A7:02:44:01",
        "VirtMacAddr": "00:00:00:00:00:00",
        "SRIOVSupport": "Available",
        "RDMASupport": "Unavailable",
        "FRUserialNum": "FRUserialNum",
        "FRUdpnRev": "FRUdpnRev",
        "FRUprodName": "FRUprodName",
        "FRUmfgDateTime": "FRUmfgDateTime",
        "FamilyVersion": "22.5.7",
        "EFIVersion": "9.8.33",
        "BlnkLeds": 0,
        "NumberVFSupported": 0,
        "VFAllocMult": 1,
        "VLanId": 0,
        "NumberVFAdvertised": 8,
        "LinkStatus": "Connected",
        "VFAllocBasis": "Port",
        "VirtualizationMode": "NONE",
        "LegacyBootProto": "NONE",
        "LnkSpeed": "AutoNeg",
        "WakeOnLan": "Disabled"
    },
    "Description": "DellNetworkAttributes represents the Network device attribute details.",
    "Id": "NIC.Integrated.1-2-1",
    "Name": "DellNetworkAttributes"
}