{
    "@odata.etag": "W/\"gen-2\"",
    "@odata.type": "#Job.v1_2_4.Job",
    "StartTime": "2025-09-08T09:18:00-05:00",
    "Id": "JID_573410808536",
    "JobStatus": "Critical",
    "PercentComplete": 100,
    "Messages": [
        {
            "Message": "Unable to complete the firmware update operation because the specified firmware image is for a component that is not in the target system inventory or the component is disabled for performing the update.",
            "MessageArgs": [
                "NA"
            ],
            "MessageArgs@odata.count": 1,
            "MessageId": "IDRAC.2.14.RED097"
        }
    ],
    "Messages@odata.count": 1,
    "@odata.id": "/redfish/v1/JobService/Jobs/JID_573410808536",
    "Description": "Represent a job in Redfish",
    "@odata.context": "/redfish/v1/$metadata#Job.Job",
    "Oem": {
        "Dell": {
            "@odata.type": "#DellOemJob.v1_0_0.DellOemJob",
            "ActualRunningStartTime": null,
            "ActualRunningStopTime": null,
            "JobType": "RepositoryUpdate",
            "OemJobState": "Failed",
            "UntilTime": null,
            "@odata.context": "/redfish/v1/$metadata#DellOemJob.DellOemJob"
        }
    },
    "Name": "Check Update From Repo",
    "JobState": "Exception",
    "MaxExecutionTime": "PT2H",
    "EndTime": "2025-09-08T09:18:07-05:00"
}