{
    "@odata.context": "/redfish/v1/$metadata#JsonSchemaFile.JsonSchemaFile",
    "@odata.id": "/redfish/v1/JsonSchemas/ActionInfo",
    "@odata.type": "#JsonSchemaFile.v1_1_4.JsonSchemaFile",
    "Description": "ActionInfo Schema File Location",
    "Id": "ActionInfo",
    "Languages": [
        "en"
    ],
    "Languages@odata.count": 1,
    "Location": [
        {
            "Language": "en",
            "PublicationUri": "http://redfish.dmtf.org/schemas/v1/ActionInfo.json",
            "Uri": "/redfish/v1/Schemas/ActionInfo.json"
        }
    ],
    "Location@odata.count": 1,
    "Name": "ActionInfo Schema File",
    "Schema": "#ActionInfo.ActionInfo"
}