{
    "@odata.context": "/redfish/v1/$metadata#NetworkPort.NetworkPort",
    "@odata.id": "/redfish/v1/Chassis/System.Embedded.1/NetworkAdapters/NIC.Integrated.1/NetworkPorts/NIC.Integrated.1-1",
    "@odata.type": "#NetworkPort.v1_4_1.NetworkPort",
    "ActiveLinkTechnology": "Ethernet",
    "AssociatedNetworkAddresses": [
        "B8:CE:F6:96:26:0E"
    ],
    "CurrentLinkSpeedMbps": 0,
    "Description": "Network Port View",
    "EEEEnabled": null,
    "FlowControlConfiguration": "None",
    "FlowControlStatus": "None",
    "Id": "NIC.Integrated.1-1",
    "LinkStatus": "Down",
    "Name": "Network Port View",
    "NetDevFuncMaxBWAlloc": [
        {
            "MaxBWAllocPercent": null,
            "NetworkDeviceFunction": {
                "@odata.id": "/redfish/v1/Chassis/System.Embedded.1/NetworkAdapters/NIC.Integrated.1/NetworkDeviceFunctions/NIC.Integrated.1-1-1"
            }
        }
    ],
    "NetDevFuncMaxBWAlloc@odata.count": 1,
    "NetDevFuncMinBWAlloc": [
        {
            "MinBWAllocPercent": null,
            "NetworkDeviceFunction": {
                "@odata.id": "/redfish/v1/Chassis/System.Embedded.1/NetworkAdapters/NIC.Integrated.1/NetworkDeviceFunctions/NIC.Integrated.1-1-1"
            }
        }
    ],
    "NetDevFuncMinBWAlloc@odata.count": 1,
    "Oem": {},
    "PhysicalPortNumber": "1",
    "Status": {
        "State": "Enabled",
        "Health": "OK",
        "HealthRollup": "OK"
    },
    "SupportedEthernetCapabilities": [
        "WakeOnLAN"
    ],
    "SupportedEthernetCapabilities@odata.count": 1,
    "SupportedLinkCapabilities": [
        {
            "AutoSpeedNegotiation": true,
            "LinkNetworkTechnology": "Ethernet",
            "LinkSpeedMbps": 0
        }
    ],
    "SupportedLinkCapabilities@odata.count": 1,
    "VendorId": "15b3",
    "WakeOnLANEnabled": true
}