{
    "Name": "CPU1 VCCIN VR",
    "Id": "CPU1VCCINVR",
    "Reading": 1.068,
    "PhysicalContext": "CPU",
    "@odata.id": "/redfish/v1/Chassis/System.Embedded.1/Sensors/CPU1VCCINVR",
    "Thresholds": {
        "LowerCritical": {
            "Reading": null
        },
        "UpperCaution": {
            "Reading": null
        },
        "UpperCritical": {
            "Reading": null
        },
        "LowerCaution": {
            "Reading": null
        }
    },
    "ReadingUnits": "V",
    "@odata.context": "/redfish/v1/$metadata#Sensor.Sensor",
    "ReadingBasis": "Zero",
    "Description": "Instance of Sensor Id",
    "ReadingRangeMin": null,
    "ReadingRangeMax": null,
    "Oem": {
        "Dell": {
            "PossibleStates@odata.count": 9,
            "RequestedState": "NotApplicable",
            "CurrentState": "Normal",
            "DeviceID": "iDRAC.Embedded.1#CPU1VCCINVR",
            "@odata.context": "/redfish/v1/$metadata#DellOemSensor.DellOemSensor",
            "@odata.type": "#DellOemSensor.v1_2_0.DellOemSensor",
            "PossibleStates": [
                "Unknown",
                "Fatal",
                "Normal",
                "Upper Fatal",
                "Upper Critical",
                "Upper Non-Critical",
                "Lower Non-Critical",
                "Lower Critical",
                "Lower Fatal"
            ]
        }
    },
    "@odata.type": "#Sensor.v1_10_1.Sensor",
    "Status": {
        "State": "Enabled",
        "Health": "OK"
    },
    "@odata.etag": "W/\"gen-12\"",
    "ReadingType": "Voltage"
}