{
    "@odata.context": "/redfish/v1/$metadata#JsonSchemaFile.JsonSchemaFile",
    "@odata.id": "/redfish/v1/JsonSchemas/DellInfiniBandCapabilitiesCollection",
    "@odata.type": "#JsonSchemaFile.v1_1_4.JsonSchemaFile",
    "Description": "DellInfiniBandCapabilitiesCollection Schema File Location",
    "Id": "DellInfiniBandCapabilitiesCollection",
    "Languages": [
        "en"
    ],
    "Languages@odata.count": 1,
    "Location": [
        {
            "Language": "en",
            "PublicationUri": "http://downloads.dell.com/redfish/bmc/schemas/DellInfiniBandCapabilitiesCollection.json",
            "Uri": "/redfish/v1/Schemas/DellInfiniBandCapabilitiesCollection.json"
        }
    ],
    "Location@odata.count": 1,
    "Name": "DellInfiniBandCapabilitiesCollection Schema File",
    "Schema": "#DellInfiniBandCapabilitiesCollection.DellInfiniBandCapabilitiesCollection"
}