{
    "@odata.context": "/redfish/v1/$metadata#JsonSchemaFile.JsonSchemaFile",
    "@odata.id": "/redfish/v1/JsonSchemas/BatteryCollection",
    "@odata.type": "#JsonSchemaFile.v1_1_5.JsonSchemaFile",
    "Description": "BatteryCollection Schema File Location",
    "Id": "BatteryCollection",
    "Languages": [
        "en"
    ],
    "Languages@odata.count": 1,
    "Location": [
        {
            "Language": "en",
            "PublicationUri": "http://redfish.dmtf.org/schemas/v1/BatteryCollection.json",
            "Uri": "/redfish/v1/Schemas/BatteryCollection.json"
        }
    ],
    "Location@odata.count": 1,
    "Name": "BatteryCollection Schema File",
    "Schema": "#BatteryCollection.BatteryCollection"
}