{
    "@odata.context": "/redfish/v1/$metadata#ManagerAccountCollection.ManagerAccountCollection",
    "@odata.type": "#ManagerAccountCollection.ManagerAccountCollection",
    "@odata.id": "/redfish/v1/AccountService/Accounts",
    "@odata.etag": "\"W/'gen-2'\"",
    "Description": "BMC User Accounts Collection",
    "Members": [
        {
            "@odata.id": "/redfish/v1/AccountService/Accounts/2"
        }
    ],
    "Members@odata.count": 1,
    "Name": "Accounts Collection"
}