{
    "@Redfish.Settings": {
        "@odata.context": "/redfish/v1/$metadata#Settings.Settings",
        "@odata.type": "#Settings.v1_4_0.Settings",
        "SettingsObject": {
            "@odata.id": "/redfish/v1/Chassis/System.Embedded.1/NetworkAdapters/NIC.Slot.4/NetworkDeviceFunctions/NIC.Slot.4-1-1/Oem/Dell/DellNetworkAttributes/NIC.Slot.4-1-1/Settings"
        },
        "SupportedApplyTimes": [
            "OnReset"
        ]
    },
    "@odata.context": "/redfish/v1/$metadata#DellAttributes.DellAttributes",
    "@odata.id": "/redfish/v1/Chassis/System.Embedded.1/NetworkAdapters/NIC.Slot.4/NetworkDeviceFunctions/NIC.Slot.4-1-1/Oem/Dell/DellNetworkAttributes/NIC.Slot.4-1-1",
    "@odata.type": "#DellAttributes.v1_0_0.DellAttributes",
    "AttributeRegistry": "NetworkAttributeRegistry_NIC.Slot.4-1-1",
    "Attributes": {
        "DeviceName": "NVIDIA ConnectX-6 Lx 2x 25G SFP28 OCP3.0 SFF",
        "ChipMdl": "ConnectX-6 Lx",
        "PCIDeviceID": "101F",
        "BusDeviceFunction": "87:00:00",
        "TXFlowControl": "Available",
        "RXFlowControl": "Available",
        "TXBandwidthControlMaximum": "Available",
        "TXBandwidthControlMinimum": "Available",
        "MacAddr": "E8:EB:D3:F7:CB:98",
        "VirtMacAddr": "00:00:00:00:00:00",
        "InfiniBand": "Unavailable",
        "DCBXSupport": "Available",
        "SNAPI": "Unavailable",
        "VPI": "Unavailable",
        "iSCSIOffloadSupport": "Unavailable",
        "FCoEOffloadSupport": "Unavailable",
        "OnChipThermalSensor": "Available",
        "FlexAddressing": "Available",
        "iSCSIBootSupport": "Available",
        "TOESupport": "Unavailable",
        "FCoEBootSupport": "Unavailable",
        "PXEBootSupport": "Available",
        "NWManagementPassThrough": "Available",
        "EnergyEfficientEthernet": "Unavailable",
        "NicPartitioningSupport": "Unavailable",
        "RemotePHY": "Unavailable",
        "FeatureLicensingSupport": "Unavailable",
        "OSBMCManagementPassThrough": "Available",
        "iSCSIDualIPVersionSupport": "Unavailable",
        "SRIOVSupport": "Available",
        "VFDistribution": "8",
        "EVBModesSupport": "VEB",
        "RDMASupport": "Available",
        "EnhancedTransmissionSelection": "Available",
        "PriorityFlowControl": "Available",
        "CongestionNotification": "Available",
        "FamilyVersion": "26.32.20.04",
        "EFIVersion": "14.25.18",
        "IscsiInitiatorIpAddr": "0.0.0.0",
        "IscsiInitiatorSubnet": "0.0.0.0",
        "IscsiInitiatorGateway": "0.0.0.0",
        "IscsiInitiatorPrimDns": "0.0.0.0",
        "IscsiInitiatorName": null,
        "IscsiInitiatorChapId": null,
        "FirstTgtIpAddress": "0.0.0.0",
        "FirstTgtIscsiName": null,
        "FirstTgtChapId": null,
        "BlnkLeds": 15,
        "NumberVFSupported": 127,
        "NumberVFAdvertised": 8,
        "VFAllocMult": 1,
        "NumberPCIFunctionsEnabled": 1,
        "NumberPCIFunctionsSupported": 1,
        "BannerMessageTimeout": 4,
        "VLanId": 1,
        "FirstTgtTcpPort": 3260,
        "FirstTgtBootLun": 0,
        "LinkStatus": "Connected",
        "RDMANICModeOnPort": "Enabled",
        "NicMode": "Enabled",
        "SNAPIState": "Disabled",
        "PermitTotalPortShutdown": "Disabled",
        "ForwardErrorCorrection": "Disabled",
        "VirtualizationMode": "NONE",
        "PartitionStateInterpretation": "Fixed",
        "VFAllocBasis": "Device",
        "RDMAProtocolSupport": "RoCE",
        "LegacyBootProto": "NONE",
        "WakeOnLan": "Enabled",
        "WakeOnLanLnkSpeed": "1Gbps",
        "VLanMode": "Disabled",
        "LnkSpeed": "AutoNeg",
        "BootRetryCnt": "NoRetry",
        "BootStrapType": "Int19h",
        "IscsiTgtBoot": "Disabled",
        "TcpIpViaDHCP": "Disabled",
        "IscsiViaDHCP": "Disabled",
        "ChapAuthEnable": "Disabled",
        "ChapMutualAuth": "Disabled",
        "IpVer": "IPv4",
        "ConnectFirstTgt": "Disabled"
    },
    "Description": "DellNetworkAttributes represents the Network device attribute details.",
    "Id": "NIC.Slot.4-1-1",
    "Name": "DellNetworkAttributes"
}