{
    "Members": [
        {
            "@odata.id": "/redfish/v1/Chassis/System.Embedded.1/ThermalSubsystem/Oem/Dell/DellFanBoards/CoolingController.Integrated.1"
        }
    ],
    "Members@odata.count": 1,
    "Name": "FanBoard Collection",
    "@odata.id": "/redfish/v1/Chassis/System.Embedded.1/ThermalSubsystem/Oem/Dell/DellFanBoards",
    "@odata.etag": "\"W/'gen-1'\"",
    "@odata.context": "/redfish/v1/$metadata#DellFanBoardCollection.DellFanBoardCollection",
    "@odata.type": "#DellFanBoardCollection.DellFanBoardCollection",
    "Description": "Collection of FanBoards"
}