{
    "@odata.type": "#PCIeDevice.v1_18_0.PCIeDevice",
    "Manufacturer": "Advanced Micro Devices, Inc. [AMD]",
    "PartNumber": null,
    "Slot": {
        "PCIeType": null,
        "SlotType": null,
        "Lanes": null,
        "Location": {
            "PartLocation": {
                "LocationOrdinalValue": null,
                "LocationType": "Slot"
            }
        }
    },
    "Description": "Turin Data Fabric; Function 7",
    "@odata.context": "/redfish/v1/$metadata#PCIeDevice.PCIeDevice",
    "Id": "0-0-24",
    "Name": "Turin Data Fabric; Function 7",
    "SerialNumber": null,
    "Model": null,
    "@odata.id": "/redfish/v1/Chassis/System.Embedded.1/PCIeDevices/0-0-24",
    "Status": {
        "State": "Enabled",
        "Health": "OK",
        "HealthRollup": "OK"
    },
    "@odata.etag": "W/\"gen-4\"",
    "DeviceType": "MultiFunction",
    "AssetTag": null,
    "FirmwareVersion": "",
    "PCIeInterface": {
        "MaxLanes": null,
        "MaxPCIeType": null,
        "PCIeType": null,
        "LanesInUse": null
    },
    "SKU": null,
    "Links": {
        "Oem": {
            "Dell": {
                "CPUAffinity": [],
                "CPUAffinity@odata.count": 0,
                "@odata.context": "/redfish/v1/$metadata#DellPCIeDevice.DellPCIeDevice",
                "@odata.type": "#DellPCIeDevice.v1_0_0.DellPCIeDeviceLinks"
            }
        },
        "PCIeFunctions": [
            {
                "@odata.id": "/redfish/v1/Chassis/System.Embedded.1/PCIeDevices/0-0-24/PCIeFunctions/0-0-24-2"
            },
            {
                "@odata.id": "/redfish/v1/Chassis/System.Embedded.1/PCIeDevices/0-0-24/PCIeFunctions/0-0-24-6"
            },
            {
                "@odata.id": "/redfish/v1/Chassis/System.Embedded.1/PCIeDevices/0-0-24/PCIeFunctions/0-0-24-4"
            },
            {
                "@odata.id": "/redfish/v1/Chassis/System.Embedded.1/PCIeDevices/0-0-24/PCIeFunctions/0-0-24-5"
            },
            {
                "@odata.id": "/redfish/v1/Chassis/System.Embedded.1/PCIeDevices/0-0-24/PCIeFunctions/0-0-24-7"
            },
            {
                "@odata.id": "/redfish/v1/Chassis/System.Embedded.1/PCIeDevices/0-0-24/PCIeFunctions/0-0-24-0"
            },
            {
                "@odata.id": "/redfish/v1/Chassis/System.Embedded.1/PCIeDevices/0-0-24/PCIeFunctions/0-0-24-1"
            },
            {
                "@odata.id": "/redfish/v1/Chassis/System.Embedded.1/PCIeDevices/0-0-24/PCIeFunctions/0-0-24-3"
            }
        ],
        "PCIeFunctions@odata.count": 8,
        "Chassis": [
            {
                "@odata.id": "/redfish/v1/Chassis/System.Embedded.1"
            }
        ],
        "Chassis@odata.count": 1
    },
    "PCIeFunctions": {
        "@odata.id": "/redfish/v1/Chassis/System.Embedded.1/PCIeDevices/0-0-24/PCIeFunctions"
    }
}