{
    "JobState": "Completed",
    "@odata.etag": "W/\"gen-2\"",
    "MaxExecutionTime": "PT2H",
    "PercentComplete": 100,
    "StartTime": "2025-07-25T13:15:33-05:00",
    "EndTime": "2025-07-25T13:21:17-05:00",
    "@odata.context": "/redfish/v1/$metadata#Job.Job",
    "Messages": [
        {
            "Message": "Job completed successfully.",
            "MessageArgs": [],
            "MessageArgs@odata.count": 1,
            "MessageId": "IDRAC.2.14.PR19"
        }
    ],
    "Messages@odata.count": 1,
    "@odata.id": "/redfish/v1/JobService/Jobs/JID_534673332847",
    "@odata.type": "#Job.v1_2_4.Job",
    "JobStatus": "OK",
    "Name": "Firmware Update: iDRAC with Lifecycle Controller",
    "Id": "JID_534673332847",
    "Description": "Represent a job in Redfish",
    "Oem": {
        "Dell": {
            "JobType": "FirmwareUpdate",
            "OemJobState": "Completed",
            "UntilTime": "TIME_NA",
            "@odata.context": "/redfish/v1/$metadata#DellOemJob.DellOemJob",
            "@odata.type": "#DellOemJob.v1_0_0.DellOemJob",
            "ActualRunningStartTime": "2025-07-25T13:16:56",
            "ActualRunningStopTime": "2025-07-25T13:21:17"
        }
    }
}