{
    "Description": "FCH SATA Controller [AHCI mode]",
    "Id": "0-210-0-1",
    "@odata.type": "#PCIeFunction.v1_6_0.PCIeFunction",
    "SegmentNumber": "0x0000",
    "RevisionId": "0x93",
    "Name": "FCH SATA Controller [AHCI mode]",
    "@odata.id": "/redfish/v1/Chassis/System.Embedded.1/PCIeDevices/0-210-0/PCIeFunctions/0-210-0-1",
    "DeviceId": "0x7901",
    "ClassCode": "0x000001",
    "FunctionProtocol": "PCIe",
    "@odata.etag": "W/\"gen-4\"",
    "BusNumber": "0xd2",
    "Status": {
        "State": "Enabled",
        "Health": "OK",
        "HealthRollup": "OK"
    },
    "FunctionId": 1,
    "Links": {
        "Drives": [],
        "Drives@odata.count": 0,
        "MemoryDomains": [],
        "MemoryDomains@odata.count": 0,
        "PCIeDevice": {
            "@odata.id": "/redfish/v1/Chassis/System.Embedded.1/PCIeDevices/0-210-0"
        }
    },
    "@odata.context": "/redfish/v1/$metadata#PCIeFunction.PCIeFunction",
    "SubsystemId": "0x7901",
    "FunctionType": "Physical",
    "Oem": {
        "Dell": {
            "@odata.context": "/redfish/v1/$metadata#DellChassisPCIeFunction.DellChassisPCIeFunction",
            "@odata.type": "#DellChassisPCIeFunction.v1_1_0.DellPCIeFunction",
            "DellPCIeFunction": {
                "LastSystemInventoryTime": "2025-11-06T19:28:47+00:00",
                "LastUpdateTime": "2025-11-06T17:28:45+00:00",
                "SlotLength": "Unknown",
                "SlotType": "Unknown",
                "DataBusWidth": "Unknown",
                "Id": "AHCI.Embedded.8-1"
            }
        }
    },
    "DeviceNumber": "0x00",
    "SubsystemVendorId": "0x1022",
    "Enabled": true,
    "VendorId": "0x1022",
    "DeviceClass": "MassStorageController",
    "FunctionNumber": "0x1"
}