{
    "RevisionId": "0x12",
    "VendorId": "0x14e4",
    "@odata.etag": "\"W/'gen-3'\"",
    "DeviceId": "0x1751",
    "ClassCode": "0x000002",
    "Name": "NetXtreme-E BCM57504 4x25G OCP3.0",
    "Description": "NetXtreme-E BCM57504 4x25G OCP3.0",
    "Links": {
        "EthernetInterfaces": [
            {
                "@odata.id": "/redfish/v1/Systems/System.Embedded.1/EthernetInterfaces/NIC.Slot.10-2-1"
            }
        ],
        "EthernetInterfaces@odata.count": 1,
        "PCIeDevice": {
            "@odata.id": "/redfish/v1/Chassis/System.Embedded.1/PCIeDevices/0-135-0"
        },
        "Drives": [],
        "Drives@odata.count": 0
    },
    "@odata.type": "#PCIeFunction.v1_6_0.PCIeFunction",
    "Status": {
        "Health": "OK",
        "HealthRollup": "OK",
        "State": "Enabled"
    },
    "DeviceClass": "NetworkController",
    "SubsystemVendorId": "0x14e4",
    "FunctionId": 1,
    "@odata.context": "/redfish/v1/$metadata#PCIeFunction.PCIeFunction",
    "FunctionProtocol": "PCIe",
    "@odata.id": "/redfish/v1/Chassis/System.Embedded.1/PCIeDevices/0-135-0/PCIeFunctions/0-135-0-1",
    "Id": "0-135-0-1",
    "FunctionType": "Physical",
    "Enabled": true,
    "Oem": {
        "Dell": {
            "@odata.context": "/redfish/v1/$metadata#DellChassisPCIeFunction.DellChassisPCIeFunction",
            "@odata.type": "#DellChassisPCIeFunction.v1_1_0.DellPCIeFunction",
            "DellPCIeFunction": {
                "LastSystemInventoryTime": "2025-02-21T23:53:00+00:00",
                "LastUpdateTime": "2025-02-21T21:24:07+00:00",
                "SlotLength": "Other",
                "SlotType": "OCPNIC3.0SmallFormFactor",
                "DataBusWidth": "16XOrX16",
                "Id": "NIC.Slot.10-2-1"
            }
        }
    },
    "SubsystemId": "0x5045"
}