{
    "@odata.id": "/redfish/v1/Chassis/System.Embedded.1/Oem/Dell/DellNICCapabilities/NIC.Slot.10-4-1",
    "FCoEMaxNumberOutStandingCommands": null,
    "TCPOffloadEngineSupport": null,
    "FCoEOffloadSupport": "NotSupported",
    "BPESupport": null,
    "VEBVEPAMultiChannel": null,
    "uEFISupport": null,
    "Name": "DellNICCapabilities",
    "EVBModesSupport": null,
    "DCBExchangeProtocol": null,
    "FeatureLicensingSupport": null,
    "RemotePHY": null,
    "FCoEMaxNumberExchanges": null,
    "FCoEMaxNumberOfFCTargets": null,
    "IPSecOffloadSupport": null,
    "iSCSIBootSupport": "Supported",
    "TCPChimneySupport": null,
    "FCoEMaxNumberLogins": null,
    "FlexAddressingSupport": "Supported",
    "@odata.etag": "W/\"gen-1680\"",
    "PriorityFlowControl": null,
    "VirtualLinkControl": "NotSupported",
    "ETS": null,
    "@odata.type": "#DellNICCapabilities.v1_2_0.DellNICCapabilities",
    "CongestionNotification": null,
    "FCoEMaxNPIVPerPort": null,
    "OnChipThermalSensor": "Supported",
    "OpenFlowSupport": "NotSupported",
    "PXEBootSupport": "Supported",
    "iSCSIOffloadSupport": "NotSupported",
    "@odata.context": "/redfish/v1/$metadata#DellNICCapabilities.DellNICCapabilities",
    "VEB": null,
    "MACSecSupport": null,
    "VEBVEPASingleChannel": null,
    "PartitionWOLSupport": null,
    "OSBMCManagementPassThrough": "Supported",
    "NicPartitioningSupport": "Supported",
    "FCoEBootSupport": "NotSupported",
    "Id": "NIC.Slot.10-4-1",
    "NWManagementPassThrough": "Supported",
    "PersistencePolicySupport": "Supported",
    "Description": "string",
    "FCoEMaxIOsPerSession": null,
    "RDMASupport": "Supported"
}