{
    "@odata.context": "/redfish/v1/$metadata#JsonSchemaFile.JsonSchemaFile",
    "@odata.id": "/redfish/v1/JsonSchemas/DellEnclosureEMMCollection",
    "@odata.type": "#JsonSchemaFile.v1_1_4.JsonSchemaFile",
    "Description": "DellEnclosureEMMCollection Schema File Location",
    "Id": "DellEnclosureEMMCollection",
    "Languages": [
        "en"
    ],
    "Languages@odata.count": 1,
    "Location": [
        {
            "Language": "en",
            "PublicationUri": "http://downloads.dell.com/redfish/bmc/schemas/DellEnclosureEMMCollection.json",
            "Uri": "/redfish/v1/Schemas/DellEnclosureEMMCollection.json"
        }
    ],
    "Location@odata.count": 1,
    "Name": "DellEnclosureEMMCollection Schema File",
    "Schema": "#DellEnclosureEMMCollection.DellEnclosureEMMCollection"
}