{
    "NetworkDeviceFunctions": {
        "@odata.id": "/redfish/v1/Chassis/System.Embedded.1/NetworkAdapters/NIC.Slot.10/NetworkDeviceFunctions"
    },
    "Oem": {
        "Dell": {
            "@odata.context": "/redfish/v1/$metadata#DellNetworkAdapter.DellNetworkAdapter",
            "@odata.type": "#DellNetworkAdapter.v1_2_0.DellNetworkAdapter",
            "PLDMMonitoringEnabled": true
        }
    },
    "Ports": {
        "@odata.id": "/redfish/v1/Chassis/System.Embedded.1/NetworkAdapters/NIC.Slot.10/Ports"
    },
    "@odata.context": "/redfish/v1/$metadata#NetworkAdapter.NetworkAdapter",
    "Controllers": [
        {
            "ControllerCapabilities": {
                "NPIV": {
                    "MaxDeviceLogins": 0,
                    "MaxPortLogins": null
                },
                "NetworkDeviceFunctionCount": 4,
                "NetworkPortCount": 4,
                "VirtualizationOffload": {
                    "VirtualFunction": {
                        "DeviceMaxCount": 128,
                        "MinAssignmentGroupSize": null,
                        "NetworkPortMaxCount": 32
                    },
                    "SRIOV": {
                        "SRIOVVEPACapable": true
                    }
                },
                "DataCenterBridging": {
                    "Capable": true
                },
                "NPAR": {
                    "NparEnabled": false,
                    "NparCapable": true
                }
            },
            "FirmwarePackageVersion": "23.21.14.14",
            "Links": {
                "Oem": {
                    "Dell": {
                        "CPUAffinity": [
                            {
                                "@odata.id": "/redfish/v1/Systems/System.Embedded.1/Processors/CPU.Socket.1"
                            }
                        ],
                        "CPUAffinity@odata.count": 1,
                        "@odata.context": "/redfish/v1/$metadata#DellNetworkAdapter.DellNetworkAdapter",
                        "@odata.type": "#DellNetworkAdapter.v1_2_0.ControllerLinks"
                    }
                },
                "Ports": [
                    {
                        "@odata.id": "/redfish/v1/Chassis/System.Embedded.1/NetworkAdapters/NIC.Slot.10/Ports/NIC.Slot.10-2"
                    },
                    {
                        "@odata.id": "/redfish/v1/Chassis/System.Embedded.1/NetworkAdapters/NIC.Slot.10/Ports/NIC.Slot.10-3"
                    },
                    {
                        "@odata.id": "/redfish/v1/Chassis/System.Embedded.1/NetworkAdapters/NIC.Slot.10/Ports/NIC.Slot.10-1"
                    },
                    {
                        "@odata.id": "/redfish/v1/Chassis/System.Embedded.1/NetworkAdapters/NIC.Slot.10/Ports/NIC.Slot.10-4"
                    }
                ],
                "Ports@odata.count": 4,
                "NetworkDeviceFunctions": [
                    {
                        "@odata.id": "/redfish/v1/Chassis/System.Embedded.1/NetworkAdapters/NIC.Slot.10/NetworkDeviceFunctions/NIC.Slot.10-2-1"
                    },
                    {
                        "@odata.id": "/redfish/v1/Chassis/System.Embedded.1/NetworkAdapters/NIC.Slot.10/NetworkDeviceFunctions/NIC.Slot.10-3-1"
                    },
                    {
                        "@odata.id": "/redfish/v1/Chassis/System.Embedded.1/NetworkAdapters/NIC.Slot.10/NetworkDeviceFunctions/NIC.Slot.10-4-1"
                    },
                    {
                        "@odata.id": "/redfish/v1/Chassis/System.Embedded.1/NetworkAdapters/NIC.Slot.10/NetworkDeviceFunctions/NIC.Slot.10-1-1"
                    }
                ],
                "NetworkDeviceFunctions@odata.count": 4,
                "NetworkPorts": [
                    {
                        "@odata.id": "/redfish/v1/Chassis/System.Embedded.1/NetworkAdapters/NIC.Slot.10/NetworkPorts/NIC.Slot.10-3"
                    },
                    {
                        "@odata.id": "/redfish/v1/Chassis/System.Embedded.1/NetworkAdapters/NIC.Slot.10/NetworkPorts/NIC.Slot.10-1"
                    },
                    {
                        "@odata.id": "/redfish/v1/Chassis/System.Embedded.1/NetworkAdapters/NIC.Slot.10/NetworkPorts/NIC.Slot.10-2"
                    },
                    {
                        "@odata.id": "/redfish/v1/Chassis/System.Embedded.1/NetworkAdapters/NIC.Slot.10/NetworkPorts/NIC.Slot.10-4"
                    }
                ],
                "NetworkPorts@odata.count": 4
            }
        }
    ],
    "Controllers@odata.count": 1,
    "Model": "BRCM 4P 25G SFP 57504S OCP NIC",
    "Id": "NIC.Slot.10",
    "Manufacturer": "DELL",
    "PartNumber": "03Y64D",
    "Assembly": {
        "@odata.id": "/redfish/v1/Chassis/System.Embedded.1/NetworkAdapters/NIC.Slot.10/Assembly"
    },
    "@odata.type": "#NetworkAdapter.v1_11_0.NetworkAdapter",
    "Name": "Network Adapter View",
    "NetworkPorts": {
        "@odata.id": "/redfish/v1/Chassis/System.Embedded.1/NetworkAdapters/NIC.Slot.10/NetworkPorts"
    },
    "SerialNumber": "VNFCBBA2CD04S3",
    "Status": {
        "State": "Enabled",
        "Health": "OK",
        "HealthRollup": "OK"
    },
    "@odata.id": "/redfish/v1/Chassis/System.Embedded.1/NetworkAdapters/NIC.Slot.10",
    "Description": "Network Adapter View",
    "NetworkPorts@Redfish.Deprecated": "Please migrate to use /redfish/v1/Chassis/System.Embedded.1/NetworkAdapters/{NetworkAdaptersId}/Ports",
    "EnvironmentMetrics": {
        "@odata.id": "/redfish/v1/Chassis/System.Embedded.1/NetworkAdapters/NIC.Slot.10/EnvironmentMetrics"
    },
    "@odata.etag": "W/\"gen-12\""
}