{
    "@odata.context": "/redfish/v1/$metadata#PCIeFunctionCollection.PCIeFunctionCollection",
    "@odata.id": "/redfish/v1/Chassis/System.Embedded.1/PCIeDevices/0-254-5/PCIeFunctions",
    "@odata.etag": "\"W/'gen-1'\"",
    "@odata.type": "#PCIeFunctionCollection.PCIeFunctionCollection",
    "Description": "Collection of PCIeFunctions",
    "Members": [
        {
            "@odata.id": "/redfish/v1/Chassis/System.Embedded.1/PCIeDevices/0-254-5/PCIeFunctions/0-254-5-4"
        },
        {
            "@odata.id": "/redfish/v1/Chassis/System.Embedded.1/PCIeDevices/0-254-5/PCIeFunctions/0-254-5-3"
        },
        {
            "@odata.id": "/redfish/v1/Chassis/System.Embedded.1/PCIeDevices/0-254-5/PCIeFunctions/0-254-5-2"
        },
        {
            "@odata.id": "/redfish/v1/Chassis/System.Embedded.1/PCIeDevices/0-254-5/PCIeFunctions/0-254-5-6"
        },
        {
            "@odata.id": "/redfish/v1/Chassis/System.Embedded.1/PCIeDevices/0-254-5/PCIeFunctions/0-254-5-5"
        },
        {
            "@odata.id": "/redfish/v1/Chassis/System.Embedded.1/PCIeDevices/0-254-5/PCIeFunctions/0-254-5-1"
        },
        {
            "@odata.id": "/redfish/v1/Chassis/System.Embedded.1/PCIeDevices/0-254-5/PCIeFunctions/0-254-5-7"
        }
    ],
    "Members@odata.count": 7,
    "Name": "PCIeFunction Collection"
}