{
    "@odata.context": "/redfish/v1/$metadata#JsonSchemaFile.JsonSchemaFile",
    "@odata.id": "/redfish/v1/JsonSchemas/Capacity.v1_2_1",
    "@odata.type": "#JsonSchemaFile.v1_1_4.JsonSchemaFile",
    "Description": "Capacity Schema File Location",
    "Id": "Capacity.v1_2_1",
    "Languages": [
        "en"
    ],
    "Languages@odata.count": 1,
    "Location": [
        {
            "Language": "en",
            "PublicationUri": "http://redfish.dmtf.org/schemas/swordfish/v1/Capacity.v1_2_1.json",
            "Uri": "/redfish/v1/Schemas/Capacity.v1_2_1.json"
        }
    ],
    "Location@odata.count": 1,
    "Name": "Capacity Schema File",
    "Schema": "#Capacity.v1_2_1.Capacity"
}