{
    "@Redfish.Settings": {
        "@odata.context": "/redfish/v1/$metadata#Settings.Settings",
        "@odata.type": "#Settings.v1_3_5.Settings",
        "SettingsObject": {
            "@odata.id": "/redfish/v1/Systems/System.Embedded.1/NetworkAdapters/NIC.Integrated.1/NetworkDeviceFunctions/NIC.Integrated.1-2-1/Settings"
        },
        "SupportedApplyTimes": [
            "OnReset",
            "AtMaintenanceWindowStart",
            "InMaintenanceWindowOnReset"
        ]
    },
    "@odata.context": "/redfish/v1/$metadata#NetworkDeviceFunction.NetworkDeviceFunction",
    "@odata.id": "/redfish/v1/Chassis/System.Embedded.1/NetworkAdapters/NIC.Integrated.1/NetworkDeviceFunctions/NIC.Integrated.1-2-1",
    "@odata.type": "#NetworkDeviceFunction.v1_9_0.NetworkDeviceFunction",
    "AssignablePhysicalPorts": [
        {
            "@odata.id": "/redfish/v1/Chassis/System.Embedded.1/NetworkAdapters/NIC.Integrated.1/NetworkPorts/NIC.Integrated.1-2"
        }
    ],
    "AssignablePhysicalPorts@odata.count": 1,
    "AssignablePhysicalNetworkPorts": [
        {
            "@odata.id": "/redfish/v1/Chassis/System.Embedded.1/NetworkAdapters/NIC.Integrated.1/Ports/NIC.Integrated.1-2"
        }
    ],
    "Description": "NetworkDeviceFunction",
    "Ethernet": {
        "MACAddress": "B8:CE:F6:96:26:0F",
        "MTUSize": null,
        "PermanentMACAddress": "B8:CE:F6:96:26:0F",
        "VLAN": {
            "VLANEnable": false,
            "VLANId": 1
        }
    },
    "FibreChannel": {
        "BootTargets": [
            {
                "LUNID": null,
                "WWPN": null
            }
        ],
        "BootTargets@odata.count": 1,
        "FCoEActiveVLANId": null,
        "FCoELocalVLANId": null,
        "PermanentWWNN": null,
        "PermanentWWPN": null,
        "WWNN": null,
        "WWNSource": null,
        "WWPN": null
    },
    "Id": "NIC.Integrated.1-2-1",
    "Links": {
        "PhysicalPortAssignment": {
            "@odata.id": "/redfish/v1/Chassis/System.Embedded.1/NetworkAdapters/NIC.Integrated.1/NetworkPorts/NIC.Integrated.1-2"
        },
        "PhysicalNetworkPortAssignment": {
            "@odata.id": "/redfish/v1/Chassis/System.Embedded.1/NetworkAdapters/NIC.Integrated.1/Ports/NIC.Integrated.1-2"
        },
        "Oem": {
            "Dell": {
                "@odata.type": "#DellOem.v1_3_0.DellOemLinks",
                "DellNetworkAttributes": {
                    "@odata.id": "/redfish/v1/Chassis/System.Embedded.1/NetworkAdapters/NIC.Integrated.1/NetworkDeviceFunctions/NIC.Integrated.1-2-1/Oem/Dell/DellNetworkAttributes/NIC.Integrated.1-2-1"
                },
                "CPUAffinity": [
                    {
                        "@odata.id": "/redfish/v1/Systems/System.Embedded.1/Processors/CPU.Socket.1"
                    }
                ],
                "CPUAffinity@odata.count": 1
            }
        }
    },
    "MaxVirtualFunctions": 127,
    "Name": "NetworkDeviceFunction",
    "NetDevFuncCapabilities": [
        "Disabled",
        "Ethernet",
        "iSCSI"
    ],
    "NetDevFuncCapabilities@odata.count": 3,
    "NetDevFuncType": "Ethernet",
    "Oem": {
        "Dell": {
            "@odata.type": "#DellOem.v1_3_0.DellOemResources",
            "DellNIC": {
                "BusNumber": 49,
                "CableLengthMetres": null,
                "ControllerBIOSVersion": null,
                "DataBusWidth": "Unknown",
                "DeviceDescription": "Integrated NIC 1 Port 2 Partition 1",
                "EFIVersion": "14.29.15",
                "FCOSDriverVersion": null,
                "FCoEOSDriverVersion": null,
                "FCoEOffloadMode": "Unknown",
                "FQDD": "NIC.Integrated.1-2-1",
                "FamilyVersion": "16.35.30.06",
                "Id": "NIC.Integrated.1-2-1",
                "ISCSIOSDriverVersion": null,
                "IdentifierType": null,
                "InstanceID": "NIC.Integrated.1-2-1",
                "LANDriverVersion": "4.21.71.101",
                "LastSystemInventoryTime": "2024-01-30T16:38:56+00:00",
                "LastUpdateTime": "2024-01-30T16:38:54+00:00",
                "LinkDuplex": "Unknown",
                "MaxBandwidthPercent": 0,
                "MediaType": "SFF_CAGE",
                "MinBandwidthPercent": 0,
                "Name": "DellNIC",
                "NicMode": "Enabled",
                "PCIDeviceID": "1017",
                "PCISubDeviceID": "0097",
                "PCISubVendorID": "15b3",
                "PCIVendorID": "15b3",
                "PartNumber": "04TRD3",
                "PermanentFCOEMACAddress": null,
                "PermanentFIPAddress": null,
                "PermanentiSCSIMACAddress": null,
                "ProductName": "Mellanox ConnectX-5 EN 25GbE Dual-port SFP28 Adapter - B8:CE:F6:96:26:0F",
                "Protocol": "NIC,RDMA",
                "RDMAOSDriverVersion": null,
                "Revision": null,
                "SNAPIState": "Disabled",
                "SNAPISupport": "NotAvailable",
                "SerialNumber": "INJBNM4154J0OR",
                "SlotLength": "Unknown",
                "SlotType": "Unknown",
                "TransceiverPartNumber": null,
                "TransceiverSerialNumber": null,
                "TransceiverVendorName": null,
                "VPISupport": "NotAvailable",
                "VendorName": "Mellanox Technologies, Inc.",
                "VirtualFIPAddress": null,
                "VirtualISCSIAddress": null,
                "iScsiOffloadMode": "Unknown",
                "@odata.context": "/redfish/v1/$metadata#DellNIC.DellNIC",
                "@odata.type": "#DellNIC.v1_7_0.DellNIC",
                "@odata.id": "/redfish/v1/Chassis/System.Embedded.1/NetworkAdapters/NIC.Integrated.1/NetworkDeviceFunctions/NIC.Integrated.1-2-1/Oem/Dell/DellNIC/NIC.Integrated.1-2-1"
            },
            "DellNICPortMetrics": {
                "DiscardedPkts": 0,
                "FCCRCErrorCount": null,
                "FCOELinkFailures": null,
                "FCOEPktRxCount": null,
                "FCOEPktTxCount": null,
                "FCOERxPktDroppedCount": null,
                "FQDD": "NIC.Integrated.1-2-1",
                "Id": "NIC.Integrated.1-2-1",
                "LanFCSRxErrors": null,
                "LanUnicastPktRXCount": null,
                "LanUnicastPktTXCount": null,
                "Name": "DellNICPortMetrics",
                "OSDriverState": "Operational",
                "PartitionLinkStatus": null,
                "PartitionOSDriverState": null,
                "RDMARxTotalBytes": 0,
                "RDMARxTotalPackets": 0,
                "RDMATotalProtectionErrors": null,
                "RDMATotalProtocolErrors": null,
                "RDMATxTotalBytes": 0,
                "RDMATxTotalPackets": 0,
                "RDMATxTotalReadReqPkts": null,
                "RDMATxTotalSendPkts": null,
                "RDMATxTotalWritePkts": null,
                "RXInputPowermW": null,
                "RXInputPowerStatus": null,
                "RxBroadcast": 0,
                "RxBytes": 0,
                "RxErrorPktAlignmentErrors": 0,
                "RxErrorPktFCSErrors": 0,
                "RxFalseCarrierDetection": 0,
                "RxJabberPkt": 0,
                "RxMutlicastPackets": 0,
                "RxPauseXOFFFrames": 0,
                "RxPauseXONFrames": 0,
                "RxRuntPkt": 0,
                "RxUnicastPackets": 0,
                "StartStatisticTime": "2024-01-30T10:40:31-06:00",
                "StatisticTime": "2024-01-30T10:43:10-06:00",
                "TXBiasCurrentmA": null,
                "TXBiasCurrentStatus": null,
                "TXOutputPowermW": null,
                "TXOutputPowerStatus": null,
                "TemperatureCelsius": null,
                "TemperatureStatus": null,
                "TxBroadcast": 0,
                "TxBytes": 0,
                "TxErrorPktExcessiveCollision": 0,
                "TxErrorPktLateCollision": 0,
                "TxErrorPktMultipleCollision": 0,
                "TxErrorPktSingleCollision": 0,
                "TxMutlicastPackets": 0,
                "TxPauseXOFFFrames": 0,
                "TxPauseXONFrames": 0,
                "TxUnicastPackets": 0,
                "VoltageStatus": null,
                "VoltageValueVolts": null,
                "@odata.context": "/redfish/v1/$metadata#DellNICPortMetrics.DellNICPortMetrics",
                "@odata.type": "#DellNICPortMetrics.v1_1_1.DellNICPortMetrics",
                "@odata.id": "/redfish/v1/Chassis/System.Embedded.1/NetworkAdapters/NIC.Integrated.1/NetworkDeviceFunctions/NIC.Integrated.1-2-1/Oem/Dell/DellNICPortMetrics/NIC.Integrated.1-2-1"
            },
            "DellNICCapabilities": {
                "BPESupport": "NotSupported",
                "CongestionNotification": "Supported",
                "DCBExchangeProtocol": "Supported",
                "ETS": "Supported",
                "EVBModesSupport": "NotSupported",
                "FCoEBootSupport": "NotSupported",
                "FCoEMaxIOsPerSession": 0,
                "FCoEMaxNPIVPerPort": 0,
                "FCoEMaxNumberExchanges": 0,
                "FCoEMaxNumberLogins": 0,
                "FCoEMaxNumberOfFCTargets": 0,
                "FCoEMaxNumberOutStandingCommands": 0,
                "FCoEOffloadSupport": "NotSupported",
                "FeatureLicensingSupport": "NotSupported",
                "FlexAddressingSupport": "Supported",
                "Id": "NIC.Integrated.1-2-1",
                "IPSecOffloadSupport": "NotSupported",
                "MACSecSupport": "NotSupported",
                "Name": "DellNICCapabilities",
                "NicPartitioningSupport": "NotSupported",
                "NWManagementPassThrough": "Supported",
                "OSBMCManagementPassThrough": "Supported",
                "OnChipThermalSensor": "Supported",
                "OpenFlowSupport": "NotSupported",
                "PXEBootSupport": "Supported",
                "PartitionWOLSupport": "NotSupported",
                "PersistencePolicySupport": "Supported",
                "PriorityFlowControl": "Supported",
                "RDMASupport": "Supported",
                "RemotePHY": "NotSupported",
                "TCPChimneySupport": "NotSupported",
                "TCPOffloadEngineSupport": "NotSupported",
                "VEB": "NotSupported",
                "VEBVEPAMultiChannel": "NotSupported",
                "VEBVEPASingleChannel": "NotSupported",
                "VirtualLinkControl": "NotSupported",
                "iSCSIBootSupport": "Supported",
                "iSCSIOffloadSupport": "NotSupported",
                "uEFISupport": "Supported",
                "@odata.context": "/redfish/v1/$metadata#DellNICCapabilities.DellNICCapabilities",
                "@odata.type": "#DellNICCapabilities.v1_2_0.DellNICCapabilities",
                "@odata.id": "/redfish/v1/Chassis/System.Embedded.1/NetworkAdapters/NIC.Integrated.1/NetworkDeviceFunctions/NIC.Integrated.1-2-1/Oem/Dell/DellNICCapabilities/NIC.Integrated.1-2-1"
            }
        }
    },
    "PhysicalPortAssignment": {
        "@odata.id": "/redfish/v1/Chassis/System.Embedded.1/NetworkAdapters/NIC.Integrated.1/NetworkPorts/NIC.Integrated.1-2"
    },
    "PhysicalPortAssignment@Redfish.Deprecated": "This property has been deprecated and moved to the Links property to avoid loops on expand.",
    "Status": {
        "State": "Enabled",
        "Health": "OK",
        "HealthRollup": "OK"
    },
    "iSCSIBoot": {
        "AuthenticationMethod": "None",
        "CHAPSecret": null,
        "CHAPUsername": null,
        "IPAddressType": "IPv4",
        "IPMaskDNSViaDHCP": false,
        "InitiatorDefaultGateway": "0.0.0.0",
        "InitiatorIPAddress": "0.0.0.0",
        "InitiatorName": null,
        "InitiatorNetmask": "0.0.0.0",
        "PrimaryDNS": "0.0.0.0",
        "PrimaryLUN": 0,
        "PrimaryTargetIPAddress": "0.0.0.0",
        "PrimaryTargetName": null,
        "PrimaryTargetTCPPort": 3260,
        "PrimaryVLANEnable": null,
        "PrimaryVLANId": null,
        "SecondaryDNS": null,
        "SecondaryLUN": null,
        "SecondaryTargetIPAddress": null,
        "SecondaryTargetName": null,
        "SecondaryTargetTCPPort": null,
        "SecondaryVLANEnable": null,
        "SecondaryVLANId": null,
        "TargetInfoViaDHCP": false
    }
}