{
    "RevisionId": "0x00",
    "@odata.type": "#PCIeFunction.v1_6_0.PCIeFunction",
    "Enabled": true,
    "@odata.id": "/redfish/v1/Chassis/System.Embedded.1/PCIeDevices/0-0-31/PCIeFunctions/0-0-31-0",
    "ClassCode": "0x000006",
    "FunctionId": 0,
    "VendorId": "0x8086",
    "FunctionProtocol": "PCIe",
    "DeviceClass": "Bridge",
    "Description": "Granite Rapids Chipset LPC Controller",
    "FunctionType": "Physical",
    "SubsystemId": "0x7270",
    "@odata.etag": "\"W/'gen-2'\"",
    "Oem": {
        "Dell": {
            "@odata.context": "/redfish/v1/$metadata#DellChassisPCIeFunction.DellChassisPCIeFunction",
            "@odata.type": "#DellChassisPCIeFunction.v1_1_0.DellPCIeFunction",
            "DellPCIeFunction": {
                "LastSystemInventoryTime": "2025-02-21T23:53:00+00:00",
                "LastUpdateTime": "2025-02-21T21:24:07+00:00",
                "SlotLength": "Unknown",
                "SlotType": "Unknown",
                "DataBusWidth": "Unknown",
                "Id": "ISABridge.Embedded.1-1"
            }
        }
    },
    "SubsystemVendorId": "0x8086",
    "Status": {
        "State": "Enabled",
        "Health": "OK",
        "HealthRollup": "OK"
    },
    "DeviceId": "0x5795",
    "Name": "Granite Rapids Chipset LPC Controller",
    "Id": "0-0-31-0",
    "Links": {
        "Drives": [],
        "Drives@odata.count": 0,
        "PCIeDevice": {
            "@odata.id": "/redfish/v1/Chassis/System.Embedded.1/PCIeDevices/0-0-31"
        }
    },
    "@odata.context": "/redfish/v1/$metadata#PCIeFunction.PCIeFunction"
}