{
    "@odata.context": "/redfish/v1/$metadata#JsonSchemaFile.JsonSchemaFile",
    "@odata.id": "/redfish/v1/JsonSchemas/DellFRUAssembly",
    "@odata.type": "#JsonSchemaFile.v1_1_4.JsonSchemaFile",
    "Description": "DellFRUAssembly Schema File Location",
    "Id": "DellFRUAssembly",
    "Languages": [
        "en"
    ],
    "Languages@odata.count": 1,
    "Location": [
        {
            "Language": "en",
            "PublicationUri": "http://downloads.dell.com/redfish/bmc/schemas/DellFRUAssembly.json",
            "Uri": "/redfish/v1/Schemas/DellFRUAssembly.json"
        }
    ],
    "Location@odata.count": 1,
    "Name": "DellFRUAssembly Schema File",
    "Schema": "#DellFRUAssembly.DellFRUAssembly"
}