{
    "Links": {
        "PCIeFunctions": [
            {
                "@odata.id": "/redfish/v1/Chassis/System.Embedded.1/PCIeDevices/0-155-0/PCIeFunctions/0-155-0-0"
            }
        ],
        "PCIeFunctions@odata.count": 1,
        "Chassis": [
            {
                "@odata.id": "/redfish/v1/Chassis/System.Embedded.1"
            }
        ],
        "Chassis@odata.count": 1,
        "Oem": {
            "Dell": {
                "@odata.type": "#DellPCIeDevice.v1_0_0.DellPCIeDeviceLinks",
                "CPUAffinity": [],
                "CPUAffinity@odata.count": 0,
                "@odata.context": "/redfish/v1/$metadata#DellPCIeDevice.DellPCIeDevice"
            }
        }
    },
    "PartNumber": null,
    "Description": "uPD720201 USB 3.0 Host Controller",
    "Slot": {
        "Lanes": null,
        "Location": {
            "PartLocation": {
                "LocationOrdinalValue": null,
                "LocationType": "Slot"
            }
        },
        "PCIeType": null,
        "SlotType": null
    },
    "FirmwareVersion": "",
    "@odata.etag": "W/\"gen-4\"",
    "AssetTag": null,
    "Name": "uPD720201 USB 3.0 Host Controller",
    "SerialNumber": null,
    "Model": null,
    "@odata.type": "#PCIeDevice.v1_18_0.PCIeDevice",
    "Id": "0-155-0",
    "Status": {
        "HealthRollup": "OK",
        "State": "Enabled",
        "Health": "OK"
    },
    "PCIeFunctions": {
        "@odata.id": "/redfish/v1/Chassis/System.Embedded.1/PCIeDevices/0-155-0/PCIeFunctions"
    },
    "PCIeInterface": {
        "MaxPCIeType": null,
        "PCIeType": null,
        "LanesInUse": null,
        "MaxLanes": null
    },
    "DeviceType": "SingleFunction",
    "@odata.context": "/redfish/v1/$metadata#PCIeDevice.PCIeDevice",
    "SKU": null,
    "@odata.id": "/redfish/v1/Chassis/System.Embedded.1/PCIeDevices/0-155-0",
    "Manufacturer": "Renesas Electronics Corp."
}