{
    "@odata.context": "/redfish/v1/$metadata#DellNIC.DellNIC",
    "@odata.id": "/redfish/v1/Chassis/System.Embedded.1/NetworkAdapters/NIC.Integrated.1/NetworkDeviceFunctions/NIC.Integrated.1-2-1/Oem/Dell/DellNIC/NIC.Integrated.1-2-1",
    "@odata.type": "#DellNIC.v1_7_0.DellNIC",
    "BusNumber": 34,
    "CableLengthMetres": null,
    "ControllerBIOSVersion": null,
    "DataBusWidth": "Unknown",
    "Description": "An instance of DellNIC will have NIC device specific data.",
    "DeviceDescription": "Integrated NIC 1 Port 2 Partition 1",
    "EFIVersion": "9.8.33",
    "FCOSDriverVersion": null,
    "FCoEOSDriverVersion": null,
    "FCoEOffloadMode": "Unknown",
    "FQDD": "NIC.Integrated.1-2-1",
    "FamilyVersion": "22.5.7",
    "ISCSIOSDriverVersion": null,
    "Id": "NIC.Integrated.1-2-1",
    "IdentifierType": null,
    "InstanceID": "NIC.Integrated.1-2-1",
    "LANDriverVersion": null,
    "LastSystemInventoryTime": "2024-02-12T10:24:00+00:00",
    "LastUpdateTime": "2024-02-07T14:07:59+00:00",
    "LinkDuplex": "FullDuplex",
    "MaxBandwidthPercent": 0,
    "MediaType": "Base T",
    "MinBandwidthPercent": 0,
    "Name": "DellNIC",
    "NicMode": "Unknown",
    "PCIDeviceID": "1521",
    "PCISubDeviceID": "5003",
    "PCISubVendorID": "8086",
    "PCIVendorID": "8086",
    "PartNumber": "0D1C51",
    "PermanentFCOEMACAddress": null,
    "PermanentFIPAddress": null,
    "PermanentiSCSIMACAddress": null,
    "ProductName": "Intel(R) Ethernet 1G 4P I350-t OCP - 30:3E:A7:02:44:01",
    "Protocol": "Unknown",
    "RDMAOSDriverVersion": null,
    "Revision": null,
    "SNAPIState": "Disabled",
    "SNAPISupport": "NotAvailable",
    "SerialNumber": "MYFLMIT2AS01FW",
    "SlotLength": "Unknown",
    "SlotType": "Unknown",
    "TransceiverPartNumber": null,
    "TransceiverSerialNumber": null,
    "TransceiverVendorName": null,
    "VPISupport": "NotAvailable",
    "VendorName": "Intel Corp",
    "VirtualFIPAddress": null,
    "VirtualISCSIAddress": null,
    "iScsiOffloadMode": "Unknown"
}