{
    "@odata.etag": "W/\"gen-394\"",
    "Status": {
        "State": "Enabled",
        "Health": "OK"
    },
    "PhysicalContext": "SystemBoard",
    "SpeedPercent": {
        "DataSourceUri": "/redfish/v1/Chassis/System.Embedded.1/Sensors/Fan1_1",
        "SpeedRPM": 7590
    },
    "HotPluggable": true,
    "@odata.context": "/redfish/v1/$metadata#Fan.Fan",
    "Location": {
        "PartLocation": {
            "LocationType": "Slot",
            "LocationOrdinalValue": 1
        }
    },
    "SecondarySpeedPercent": {
        "DataSourceUri": "/redfish/v1/Chassis/System.Embedded.1/Sensors/Fan1_2",
        "SpeedRPM": 7320
    },
    "Oem": {
        "Dell": {
            "@odata.type": "#DellFan.v1_1_0.DellFan",
            "FanPWM": 28,
            "FanType": "Platinum",
            "@odata.context": "/redfish/v1/$metadata#DellFan.DellFan"
        }
    },
    "Name": "Fan1",
    "Id": "CoolingController.1.Fan1",
    "@odata.type": "#Fan.v1_5_2.Fan",
    "@odata.id": "/redfish/v1/Chassis/System.Embedded.1/ThermalSubsystem/Fans/CoolingController.1.Fan1",
    "Description": "Represents fan properties of the chassis"
}