{
    "@odata.id": "/redfish/v1/JobService/Jobs",
    "@odata.etag": "\"W/'gen-17'\"",
    "@odata.context": "/redfish/v1/$metadata#JobCollection.JobCollection",
    "@odata.type": "#JobCollection.JobCollection",
    "Description": "A Collection of Job resource instances",
    "Members": [
        {
            "@odata.id": "/redfish/v1/JobService/Jobs/JID_400955284694"
        },
        {
            "@odata.id": "/redfish/v1/JobService/Jobs/JID_401794520825"
        },
        {
            "@odata.id": "/redfish/v1/JobService/Jobs/JID_401008058009"
        },
        {
            "@odata.id": "/redfish/v1/JobService/Jobs/JID_400946196342"
        },
        {
            "@odata.id": "/redfish/v1/JobService/Jobs/JID_400981049301"
        },
        {
            "@odata.id": "/redfish/v1/JobService/Jobs/RID_400964907403"
        },
        {
            "@odata.id": "/redfish/v1/JobService/Jobs/JID_400999397033"
        },
        {
            "@odata.id": "/redfish/v1/JobService/Jobs/JID_400831937482"
        },
        {
            "@odata.id": "/redfish/v1/JobService/Jobs/JID_401006551755"
        },
        {
            "@odata.id": "/redfish/v1/JobService/Jobs/JID_400964906754"
        },
        {
            "@odata.id": "/redfish/v1/JobService/Jobs/JID_401780204406"
        },
        {
            "@odata.id": "/redfish/v1/JobService/Jobs/JID_400840015118"
        },
        {
            "@odata.id": "/redfish/v1/JobService/Jobs/RID_401013996487"
        },
        {
            "@odata.id": "/redfish/v1/JobService/Jobs/JID_401013995870"
        },
        {
            "@odata.id": "/redfish/v1/JobService/Jobs/JID_401027971460"
        },
        {
            "@odata.id": "/redfish/v1/JobService/Jobs/JID_401006551116"
        }
    ],
    "Members@odata.count": 16,
    "Name": "JobCollection"
}