{
    "Oem": {
        "Dell": {
            "DellFanBoards": {
                "@odata.id": "/redfish/v1/Chassis/System.Embedded.1/ThermalSubsystem/Oem/Dell/DellFanBoards"
            },
            "@odata.context": "/redfish/v1/$metadata#DellOemThermalSubsystem.DellOemThermalSubsystem",
            "@odata.type": "#DellOemThermalSubsystem.v1_0_0.DellOemThermalSubsystem"
        }
    },
    "@odata.etag": "\"W/'gen-4'\"",
    "@odata.type": "#ThermalSubsystem.v1_3_2.ThermalSubsystem",
    "FanRedundancy": [
        {
            "Status": {
                "State": "Enabled",
                "Health": "OK"
            },
            "MaxSupportedInGroup": null,
            "MinNeededInGroup": null,
            "RedundancyGroup": [
                {
                    "@odata.id": "/redfish/v1/Chassis/System.Embedded.1/ThermalSubsystem/Fans/CoolingController.1.Fan2"
                },
                {
                    "@odata.id": "/redfish/v1/Chassis/System.Embedded.1/ThermalSubsystem/Fans/CoolingController.1.Fan3"
                },
                {
                    "@odata.id": "/redfish/v1/Chassis/System.Embedded.1/ThermalSubsystem/Fans/CoolingController.1.Fan6"
                },
                {
                    "@odata.id": "/redfish/v1/Chassis/System.Embedded.1/ThermalSubsystem/Fans/CoolingController.1.Fan4"
                },
                {
                    "@odata.id": "/redfish/v1/Chassis/System.Embedded.1/ThermalSubsystem/Fans/CoolingController.1.Fan1"
                },
                {
                    "@odata.id": "/redfish/v1/Chassis/System.Embedded.1/ThermalSubsystem/Fans/CoolingController.1.Fan5"
                }
            ],
            "RedundancyGroup@odata.count": 6,
            "RedundancyType": "NPlusM"
        }
    ],
    "Id": "ThermalSubsystem",
    "Name": "Thermal Subsystem for Chassis",
    "ThermalMetrics": {
        "@odata.id": "/redfish/v1/Chassis/System.Embedded.1/ThermalSubsystem/ThermalMetrics"
    },
    "Description": "Represents the properties of a Thermal Subsystem of the Chassis",
    "Status": {
        "State": "Enabled",
        "Health": "OK"
    },
    "@odata.context": "/redfish/v1/$metadata#ThermalSubsystem.ThermalSubsystem",
    "Fans": {
        "@odata.id": "/redfish/v1/Chassis/System.Embedded.1/ThermalSubsystem/Fans"
    },
    "@odata.id": "/redfish/v1/Chassis/System.Embedded.1/ThermalSubsystem"
}