{
    "@odata.id": "/redfish/v1/Chassis/System.Embedded.1/Oem/Dell/DellAssembly/Enclosure.Internal.0-2_0x23_FRU",
    "Description": "This resource shall be used to represent an assembly information.",
    "DeviceFQDD": "Enclosure.Internal.0-2",
    "Id": "Enclosure.Internal.0-2_0x23_FRU",
    "SerialNumber": "CNFCP0055F0003",
    "PackageType": "CrossConnect/Backplane",
    "Name": "DellAssembly",
    "@odata.type": "#DellAssembly.v1_1_0.DellAssembly",
    "@odata.etag": "W/\"gen-1\"",
    "@odata.context": "/redfish/v1/$metadata#DellAssembly.DellAssembly"
}