{
    "@odata.context": "/redfish/v1/$metadata#ChassisCollection.ChassisCollection",
    "@odata.id": "/redfish/v1/Chassis",
    "@odata.type": "#ChassisCollection.ChassisCollection",
    "Description": "Collection of Chassis",
    "Members": [
        {
            "@odata.id": "/redfish/v1/Chassis/System.Embedded.1"
        },
        {
            "@odata.id": "/redfish/v1/Chassis/Enclosure.Internal.0-1"
        },
        {
            "@odata.id": "/redfish/v1/Chassis/Enclosure.Internal.0-3"
        },
        {
            "@odata.id": "/redfish/v1/Chassis/Enclosure.Internal.0-4"
        },
        {
            "@odata.id": "/redfish/v1/Chassis/Enclosure.Internal.0-2"
        },
        {
            "@odata.id": "/redfish/v1/Chassis/Enclosure.Internal.0-5"
        }
    ],
    "Members@odata.count": 6,
    "Name": "Chassis Collection"
}