{
    "@odata.type": "#Sensor.v1_9_0.Sensor",
    "Description": "Instance of Sensor Id",
    "Id": "Fan5_1",
    "ReadingType": "Rotational",
    "Reading": 5070,
    "ReadingUnits": "RPM",
    "Status": {
        "Health": "OK",
        "State": "Enabled"
    },
    "Thresholds": {
        "LowerCritical": {
            "Reading": 600
        },
        "UpperCaution": {
            "Reading": null
        },
        "UpperCritical": {
            "Reading": null
        },
        "LowerCaution": {
            "Reading": 840
        }
    },
    "ReadingRangeMin": 600,
    "ReadingRangeMax": null,
    "PhysicalContext": "SystemBoard",
    "Oem": {
        "Dell": {
            "@odata.context": "/redfish/v1/$metadata#DellOemSensor.DellOemSensor",
            "@odata.type": "#DellOemSensor.v1_1_0.DellOemSensor",
            "CurrentState": "Normal",
            "DeviceID": "iDRAC.Embedded.1#Fan5_1",
            "PossibleStates": [
                "Unknown",
                "Fatal",
                "Normal",
                "Upper Fatal",
                "Upper Critical",
                "Upper Non-Critical",
                "Lower Non-Critical",
                "Lower Critical",
                "Lower Fatal"
            ],
            "PossibleStates@odata.count": 9,
            "RequestedState": "NotApplicable"
        }
    },
    "ReadingBasis": "Zero",
    "Name": "Fan5_1",
    "@odata.etag": "\"W/'gen-56'\"",
    "@odata.id": "/redfish/v1/Chassis/System.Embedded.1/Sensors/Fan5_1",
    "@odata.context": "/redfish/v1/$metadata#Sensor.Sensor"
}