{
    "Accounts": {
        "@odata.id": "/redfish/v1/AccountService/Accounts"
    },
    "PasswordExpirationDays": null,
    "PrivilegeMap": {
        "@odata.id": "/redfish/v1/Managers/iDRAC.Embedded.1/PrivilegeRegistry"
    },
    "@odata.type": "#AccountService.v1_18_0.AccountService",
    "AccountLockoutCounterResetAfter": 0,
    "LocalAccountAuth": "Fallback",
    "Roles": {
        "@odata.id": "/redfish/v1/AccountService/Roles"
    },
    "@odata.etag": "W/\"gen-3\"",
    "ActiveDirectory": {
        "ServiceAddresses": [
            "",
            "",
            ""
        ],
        "ServiceEnabled": false,
        "ServiceAddresses@odata.count": 3,
        "Authentication": {
            "KerberosKeytab": null,
            "AuthenticationType": "UsernameAndPassword"
        },
        "RemoteRoleMapping": [
            {
                "RemoteGroup": "",
                "LocalRole": "ReadOnly"
            },
            {
                "LocalRole": "ReadOnly",
                "RemoteGroup": ""
            },
            {
                "LocalRole": "ReadOnly",
                "RemoteGroup": ""
            },
            {
                "RemoteGroup": "",
                "LocalRole": "ReadOnly"
            },
            {
                "LocalRole": "ReadOnly",
                "RemoteGroup": ""
            },
            {
                "LocalRole": "ReadOnly",
                "RemoteGroup": ""
            },
            {
                "LocalRole": "ReadOnly",
                "RemoteGroup": ""
            },
            {
                "LocalRole": "ReadOnly",
                "RemoteGroup": ""
            },
            {
                "RemoteGroup": "",
                "LocalRole": "ReadOnly"
            },
            {
                "RemoteGroup": "",
                "LocalRole": "ReadOnly"
            },
            {
                "RemoteGroup": "",
                "LocalRole": "ReadOnly"
            },
            {
                "RemoteGroup": "",
                "LocalRole": "ReadOnly"
            },
            {
                "LocalRole": "ReadOnly",
                "RemoteGroup": ""
            },
            {
                "LocalRole": "ReadOnly",
                "RemoteGroup": ""
            },
            {
                "LocalRole": "ReadOnly",
                "RemoteGroup": ""
            }
        ],
        "RemoteRoleMapping@odata.count": 15,
        "Certificates": {
            "@odata.id": "/redfish/v1/AccountService/ActiveDirectory/Certificates"
        }
    },
    "Status": {
        "State": "Enabled",
        "Health": "OK"
    },
    "LDAP": {
        "ServiceAddresses@odata.count": 1,
        "Authentication": {
            "AuthenticationType": "UsernameAndPassword"
        },
        "ServiceAddresses": [
            ""
        ],
        "RemoteRoleMapping@odata.count": 15,
        "Certificates": {
            "@odata.id": "/redfish/v1/AccountService/LDAP/Certificates"
        },
        "LDAPService": {
            "SearchSettings": {
                "UsernameAttribute": "",
                "BaseDistinguishedNames": [
                    ""
                ],
                "BaseDistinguishedNames@odata.count": 1,
                "GroupNameAttribute": ""
            }
        },
        "RemoteRoleMapping": [
            {
                "LocalRole": "ReadOnly",
                "RemoteGroup": ""
            },
            {
                "RemoteGroup": "",
                "LocalRole": "ReadOnly"
            },
            {
                "LocalRole": "ReadOnly",
                "RemoteGroup": ""
            },
            {
                "LocalRole": "ReadOnly",
                "RemoteGroup": ""
            },
            {
                "RemoteGroup": "",
                "LocalRole": "ReadOnly"
            },
            {
                "RemoteGroup": "",
                "LocalRole": "ReadOnly"
            },
            {
                "LocalRole": "ReadOnly",
                "RemoteGroup": ""
            },
            {
                "LocalRole": "ReadOnly",
                "RemoteGroup": ""
            },
            {
                "LocalRole": "ReadOnly",
                "RemoteGroup": ""
            },
            {
                "RemoteGroup": "",
                "LocalRole": "ReadOnly"
            },
            {
                "LocalRole": "ReadOnly",
                "RemoteGroup": ""
            },
            {
                "LocalRole": "ReadOnly",
                "RemoteGroup": ""
            },
            {
                "LocalRole": "ReadOnly",
                "RemoteGroup": ""
            },
            {
                "RemoteGroup": "",
                "LocalRole": "ReadOnly"
            },
            {
                "RemoteGroup": "",
                "LocalRole": "ReadOnly"
            }
        ],
        "ServiceEnabled": false
    },
    "Id": "RemoteAccountService",
    "Name": "Account Service",
    "SupportedAccountTypes": [
        "Redfish",
        "SNMP",
        "OEM",
        "HostConsole",
        "ManagerConsole",
        "IPMI",
        "KVMIP",
        "VirtualMedia",
        "WebUI"
    ],
    "SupportedOEMAccountTypes": [
        "SOL",
        "Racadm"
    ],
    "@odata.id": "/redfish/v1/AccountService",
    "AccountLockoutDuration": 0,
    "Description": "BMC User Accounts",
    "MaxPasswordLength": 127,
    "OAuth2": {
        "Certificates": {
            "@odata.id": "/redfish/v1/AccountService/ExternalAccountProviders/1/Certificates"
        },
        "OAuth2Service": {
            "Mode": "Discovery",
            "OAuthServiceSigningKeys": "",
            "Audience": [
                "6c:3c:8c:94:34:68"
            ],
            "Issuer": ""
        },
        "ServiceAddresses": [
            ""
        ],
        "ServiceAddresses@odata.count": 1,
        "ServiceEnabled": true
    },
    "MinPasswordLength": 0,
    "AuthFailureLoggingThreshold": 2,
    "AdditionalExternalAccountProviders": {
        "@odata.id": "/redfish/v1/AccountService/ExternalAccountProviders"
    },
    "AccountLockoutThreshold": 0,
    "@odata.context": "/redfish/v1/$metadata#AccountService.AccountService",
    "ServiceEnabled": true
}