{
    "Heaters": {
        "@odata.id": "/redfish/v1/Chassis/System.Embedded.1/ThermalSubsystem/Heaters"
    },
    "@odata.type": "#ThermalSubsystem.v1_3_3.ThermalSubsystem",
    "Description": "Represents the properties of a Thermal Subsystem of the Chassis",
    "Status": {
        "Health": "OK",
        "State": "Enabled"
    },
    "Oem": {
        "Dell": {
            "@odata.type": "#DellOemThermalSubsystem.v1_0_0.DellOemThermalSubsystem",
            "DellFanBoards": {
                "@odata.id": "/redfish/v1/Chassis/System.Embedded.1/ThermalSubsystem/Oem/Dell/DellFanBoards"
            },
            "@odata.context": "/redfish/v1/$metadata#DellOemThermalSubsystem.DellOemThermalSubsystem"
        }
    },
    "@odata.id": "/redfish/v1/Chassis/System.Embedded.1/ThermalSubsystem",
    "Name": "Thermal Subsystem for Chassis",
    "Fans": {
        "@odata.id": "/redfish/v1/Chassis/System.Embedded.1/ThermalSubsystem/Fans"
    },
    "ThermalMetrics": {
        "@odata.id": "/redfish/v1/Chassis/System.Embedded.1/ThermalSubsystem/ThermalMetrics"
    },
    "Id": "ThermalSubsystem",
    "FanRedundancy": [
        {
            "Status": {
                "State": "Enabled",
                "Health": "OK"
            },
            "GroupName": "string",
            "MaxSupportedInGroup": null,
            "MinNeededInGroup": null,
            "RedundancyGroup": [
                {
                    "@odata.id": "/redfish/v1/Chassis/System.Embedded.1/ThermalSubsystem/Fans/CoolingController.1.Fan6"
                },
                {
                    "@odata.id": "/redfish/v1/Chassis/System.Embedded.1/ThermalSubsystem/Fans/CoolingController.1.Fan2"
                },
                {
                    "@odata.id": "/redfish/v1/Chassis/System.Embedded.1/ThermalSubsystem/Fans/CoolingController.1.Fan4"
                },
                {
                    "@odata.id": "/redfish/v1/Chassis/System.Embedded.1/ThermalSubsystem/Fans/CoolingController.1.Fan5"
                },
                {
                    "@odata.id": "/redfish/v1/Chassis/System.Embedded.1/ThermalSubsystem/Fans/CoolingController.1.Fan1"
                },
                {
                    "@odata.id": "/redfish/v1/Chassis/System.Embedded.1/ThermalSubsystem/Fans/CoolingController.1.Fan3"
                }
            ],
            "RedundancyGroup@odata.count": 6,
            "RedundancyType": "NPlusM"
        }
    ],
    "@odata.etag": "W/\"gen-4\"",
    "@odata.context": "/redfish/v1/$metadata#ThermalSubsystem.ThermalSubsystem"
}