{
    "Members": [
        {
            "@odata.id": "/redfish/v1/Chassis/System.Embedded.1/Oem/Dell/DellAssembly/Enclosure.Internal.0-2_0x23_FRU",
            "Description": "This resource shall be used to represent an assembly information.",
            "DeviceFQDD": "Enclosure.Internal.0-2",
            "Id": "Enclosure.Internal.0-2_0x23_FRU",
            "SerialNumber": "CNFCP0055F0003",
            "PackageType": "CrossConnect/Backplane",
            "Name": "DellAssembly",
            "@odata.type": "#DellAssembly.v1_1_0.DellAssembly",
            "@odata.etag": "W/\"gen-1\"",
            "@odata.context": "/redfish/v1/$metadata#DellAssembly.DellAssembly"
        },
        {
            "@odata.etag": "W/\"gen-1\"",
            "SerialNumber": "CNFCP0055C003K",
            "PackageType": "Module/Card",
            "Name": "DellAssembly",
            "@odata.type": "#DellAssembly.v1_1_0.DellAssembly",
            "Id": "SystemHPM.Embedded.1_0x23_FRU",
            "@odata.id": "/redfish/v1/Chassis/System.Embedded.1/Oem/Dell/DellAssembly/SystemHPM.Embedded.1_0x23_FRU",
            "@odata.context": "/redfish/v1/$metadata#DellAssembly.DellAssembly",
            "DeviceFQDD": "SystemHPM.Embedded.1",
            "Description": "This resource shall be used to represent an assembly information."
        },
        {
            "PackageType": "StorageMediaPackage(E.GDiskOrTapeDrive)",
            "@odata.context": "/redfish/v1/$metadata#DellAssembly.DellAssembly",
            "@odata.etag": "W/\"gen-1\"",
            "Name": "DellAssembly",
            "@odata.type": "#DellAssembly.v1_1_0.DellAssembly",
            "Id": "Disk.Bay.0:Enclosure.Internal.0-1_0x23_FRU",
            "Description": "This resource shall be used to represent an assembly information.",
            "DeviceFQDD": "Disk.Bay.0:Enclosure.Internal.0-1",
            "SerialNumber": "PHTBPKK4BA03P9",
            "@odata.id": "/redfish/v1/Chassis/System.Embedded.1/Oem/Dell/DellAssembly/Disk.Bay.0_Enclosure.Internal.0-1_0x23_FRU"
        },
        {
            "Description": "This resource shall be used to represent an assembly information.",
            "DeviceFQDD": "RSR.Integrated.12",
            "@odata.context": "/redfish/v1/$metadata#DellAssembly.DellAssembly",
            "@odata.type": "#DellAssembly.v1_1_0.DellAssembly",
            "PackageType": "Module/Card",
            "Name": "DellAssembly",
            "@odata.etag": "W/\"gen-1\"",
            "Id": "RSR.Integrated.12_0x23_FRU",
            "SerialNumber": "23R5e",
            "@odata.id": "/redfish/v1/Chassis/System.Embedded.1/Oem/Dell/DellAssembly/RSR.Integrated.12_0x23_FRU"
        },
        {
            "Id": "RSR.Integrated.19_0x23_FRU",
            "@odata.id": "/redfish/v1/Chassis/System.Embedded.1/Oem/Dell/DellAssembly/RSR.Integrated.19_0x23_FRU",
            "@odata.type": "#DellAssembly.v1_1_0.DellAssembly",
            "DeviceFQDD": "RSR.Integrated.19",
            "PackageType": "Module/Card",
            "@odata.etag": "W/\"gen-1\"",
            "Name": "DellAssembly",
            "Description": "This resource shall be used to represent an assembly information.",
            "SerialNumber": "04R2b",
            "@odata.context": "/redfish/v1/$metadata#DellAssembly.DellAssembly"
        },
        {
            "Id": "OEM.1:System.Embedded.1_0x23_FRU",
            "@odata.type": "#DellAssembly.v1_1_0.DellAssembly",
            "@odata.context": "/redfish/v1/$metadata#DellAssembly.DellAssembly",
            "@odata.etag": "W/\"gen-1\"",
            "SerialNumber": "",
            "Description": "This resource shall be used to represent an assembly information.",
            "Name": "DellAssembly",
            "@odata.id": "/redfish/v1/Chassis/System.Embedded.1/Oem/Dell/DellAssembly/OEM.1_System.Embedded.1_0x23_FRU",
            "PackageType": "Module/Card",
            "DeviceFQDD": "OEM.1:System.Embedded.1"
        },
        {
            "Id": "RSR.Integrated.11_0x23_FRU",
            "@odata.type": "#DellAssembly.v1_1_0.DellAssembly",
            "@odata.context": "/redfish/v1/$metadata#DellAssembly.DellAssembly",
            "SerialNumber": "23R5e",
            "Description": "This resource shall be used to represent an assembly information.",
            "Name": "DellAssembly",
            "@odata.id": "/redfish/v1/Chassis/System.Embedded.1/Oem/Dell/DellAssembly/RSR.Integrated.11_0x23_FRU",
            "PackageType": "Module/Card",
            "@odata.etag": "W/\"gen-1\"",
            "DeviceFQDD": "RSR.Integrated.11"
        },
        {
            "@odata.type": "#DellAssembly.v1_1_0.DellAssembly",
            "SerialNumber": "CNFCP0055F001F",
            "@odata.context": "/redfish/v1/$metadata#DellAssembly.DellAssembly",
            "Id": "Enclosure.Internal.0-3_0x23_FRU",
            "PackageType": "CrossConnect/Backplane",
            "@odata.etag": "W/\"gen-1\"",
            "DeviceFQDD": "Enclosure.Internal.0-3",
            "Name": "DellAssembly",
            "Description": "This resource shall be used to represent an assembly information.",
            "@odata.id": "/redfish/v1/Chassis/System.Embedded.1/Oem/Dell/DellAssembly/Enclosure.Internal.0-3_0x23_FRU"
        },
        {
            "Description": "This resource shall be used to represent an assembly information.",
            "@odata.context": "/redfish/v1/$metadata#DellAssembly.DellAssembly",
            "@odata.type": "#DellAssembly.v1_1_0.DellAssembly",
            "@odata.etag": "W/\"gen-1\"",
            "DeviceFQDD": "Enclosure.Internal.0-5",
            "Name": "DellAssembly",
            "Id": "Enclosure.Internal.0-5_0x23_FRU",
            "PackageType": "CrossConnect/Backplane",
            "SerialNumber": "CNFCP0055F0022",
            "@odata.id": "/redfish/v1/Chassis/System.Embedded.1/Oem/Dell/DellAssembly/Enclosure.Internal.0-5_0x23_FRU"
        },
        {
            "Id": "RSR.Integrated.17_0x23_FRU",
            "SerialNumber": "05R1b",
            "@odata.type": "#DellAssembly.v1_1_0.DellAssembly",
            "DeviceFQDD": "RSR.Integrated.17",
            "Name": "DellAssembly",
            "Description": "This resource shall be used to represent an assembly information.",
            "@odata.id": "/redfish/v1/Chassis/System.Embedded.1/Oem/Dell/DellAssembly/RSR.Integrated.17_0x23_FRU",
            "PackageType": "Module/Card",
            "@odata.etag": "W/\"gen-1\"",
            "@odata.context": "/redfish/v1/$metadata#DellAssembly.DellAssembly"
        },
        {
            "Id": "System.Embedded.1_0x23_FRU",
            "PackageType": "Module/Card",
            "@odata.id": "/redfish/v1/Chassis/System.Embedded.1/Oem/Dell/DellAssembly/System.Embedded.1_0x23_FRU",
            "Name": "DellAssembly",
            "@odata.type": "#DellAssembly.v1_1_0.DellAssembly",
            "SerialNumber": "CNWS30055K0050",
            "Description": "This resource shall be used to represent an assembly information.",
            "@odata.context": "/redfish/v1/$metadata#DellAssembly.DellAssembly",
            "@odata.etag": "W/\"gen-1\"",
            "DeviceFQDD": "System.Embedded.1"
        },
        {
            "PackageType": "Module/Card",
            "@odata.context": "/redfish/v1/$metadata#DellAssembly.DellAssembly",
            "@odata.id": "/redfish/v1/Chassis/System.Embedded.1/Oem/Dell/DellAssembly/NIC.Slot.10_0x23_FRU",
            "@odata.type": "#DellAssembly.v1_1_0.DellAssembly",
            "SerialNumber": "VNFCBBA2CD04S3",
            "DeviceFQDD": "NIC.Slot.10",
            "Description": "This resource shall be used to represent an assembly information.",
            "Name": "DellAssembly",
            "Id": "NIC.Slot.10_0x23_FRU",
            "@odata.etag": "W/\"gen-1\""
        },
        {
            "DeviceFQDD": "DIMM.Socket.A1",
            "@odata.type": "#DellAssembly.v1_1_0.DellAssembly",
            "SerialNumber": "468E12E1",
            "@odata.context": "/redfish/v1/$metadata#DellAssembly.DellAssembly",
            "PackageType": "Memory",
            "Description": "This resource shall be used to represent an assembly information.",
            "@odata.etag": "W/\"gen-1\"",
            "Id": "DIMM.Socket.A1_0x23_FRU",
            "Name": "DellAssembly",
            "@odata.id": "/redfish/v1/Chassis/System.Embedded.1/Oem/Dell/DellAssembly/DIMM.Socket.A1_0x23_FRU"
        },
        {
            "@odata.type": "#DellAssembly.v1_1_0.DellAssembly",
            "PackageType": "Module/Card",
            "@odata.id": "/redfish/v1/Chassis/System.Embedded.1/Oem/Dell/DellAssembly/RFC.Integrated.1_0x23_FRU",
            "Description": "This resource shall be used to represent an assembly information.",
            "@odata.etag": "W/\"gen-1\"",
            "Id": "RFC.Integrated.1_0x23_FRU",
            "@odata.context": "/redfish/v1/$metadata#DellAssembly.DellAssembly",
            "DeviceFQDD": "RFC.Integrated.1",
            "SerialNumber": "05FANBRD",
            "Name": "DellAssembly"
        },
        {
            "Description": "This resource shall be used to represent an assembly information.",
            "Id": "Enclosure.Internal.0-1_0x23_FRU",
            "Name": "DellAssembly",
            "PackageType": "CrossConnect/Backplane",
            "@odata.context": "/redfish/v1/$metadata#DellAssembly.DellAssembly",
            "@odata.etag": "W/\"gen-1\"",
            "SerialNumber": "CNFCP0055L001J",
            "DeviceFQDD": "Enclosure.Internal.0-1",
            "@odata.id": "/redfish/v1/Chassis/System.Embedded.1/Oem/Dell/DellAssembly/Enclosure.Internal.0-1_0x23_FRU",
            "@odata.type": "#DellAssembly.v1_1_0.DellAssembly"
        },
        {
            "DeviceFQDD": "RSR.Integrated.15",
            "Id": "RSR.Integrated.15_0x23_FRU",
            "SerialNumber": "26R3b",
            "Name": "DellAssembly",
            "@odata.type": "#DellAssembly.v1_1_0.DellAssembly",
            "Description": "This resource shall be used to represent an assembly information.",
            "PackageType": "Module/Card",
            "@odata.id": "/redfish/v1/Chassis/System.Embedded.1/Oem/Dell/DellAssembly/RSR.Integrated.15_0x23_FRU",
            "@odata.context": "/redfish/v1/$metadata#DellAssembly.DellAssembly",
            "@odata.etag": "W/\"gen-1\""
        },
        {
            "@odata.id": "/redfish/v1/Chassis/System.Embedded.1/Oem/Dell/DellAssembly/Enclosure.Internal.0-4_0x23_FRU",
            "@odata.type": "#DellAssembly.v1_1_0.DellAssembly",
            "@odata.context": "/redfish/v1/$metadata#DellAssembly.DellAssembly",
            "@odata.etag": "W/\"gen-1\"",
            "Id": "Enclosure.Internal.0-4_0x23_FRU",
            "PackageType": "CrossConnect/Backplane",
            "DeviceFQDD": "Enclosure.Internal.0-4",
            "Name": "DellAssembly",
            "Description": "This resource shall be used to represent an assembly information.",
            "SerialNumber": "CNFCP0055F000N"
        },
        {
            "Id": "PSU.Slot.1_0x23_FRU",
            "@odata.id": "/redfish/v1/Chassis/System.Embedded.1/Oem/Dell/DellAssembly/PSU.Slot.1_0x23_FRU",
            "Name": "DellAssembly",
            "@odata.type": "#DellAssembly.v1_1_0.DellAssembly",
            "@odata.etag": "W/\"gen-1\"",
            "SerialNumber": "CNDED0051E00VY",
            "Description": "This resource shall be used to represent an assembly information.",
            "PackageType": "PowerSupply",
            "@odata.context": "/redfish/v1/$metadata#DellAssembly.DellAssembly",
            "DeviceFQDD": "PSU.Slot.1"
        }
    ],
    "Members@odata.count": 18,
    "Name": "DellAssemblyCollection",
    "@odata.id": "/redfish/v1/Chassis/System.Embedded.1/Oem/Dell/DellAssembly",
    "@odata.etag": "W/\"gen-1\"",
    "@odata.context": "/redfish/v1/$metadata#DellAssemblyCollection.DellAssemblyCollection",
    "@odata.type": "#DellAssemblyCollection.DellAssemblyCollection",
    "Description": "A collection of DellAssembly resource"
}