{
    "ReadingRangeMax": null,
    "ReadingUnits": "RPM",
    "@odata.context": "/redfish/v1/$metadata#Sensor.Sensor",
    "@odata.etag": "W/\"gen-126\"",
    "Status": {
        "State": "Enabled",
        "Health": "OK"
    },
    "Thresholds": {
        "UpperCaution": {
            "Reading": null
        },
        "UpperCritical": {
            "Reading": null
        },
        "LowerCaution": {
            "Reading": 840
        },
        "LowerCritical": {
            "Reading": 600
        }
    },
    "Id": "Fan5_2",
    "Oem": {
        "Dell": {
            "DeviceID": "iDRAC.Embedded.1#Fan5_2",
            "@odata.context": "/redfish/v1/$metadata#DellOemSensor.DellOemSensor",
            "@odata.type": "#DellOemSensor.v1_2_0.DellOemSensor",
            "PossibleStates": [
                "Unknown",
                "Fatal",
                "Normal",
                "Upper Fatal",
                "Upper Critical",
                "Upper Non-Critical",
                "Lower Non-Critical",
                "Lower Critical",
                "Lower Fatal"
            ],
            "PossibleStates@odata.count": 9,
            "RequestedState": "NotApplicable",
            "CurrentState": "Normal"
        }
    },
    "Reading": 7350,
    "PhysicalContext": "SystemBoard",
    "Name": "Fan5_2",
    "Description": "Instance of Sensor Id",
    "ReadingType": "Rotational",
    "@odata.type": "#Sensor.v1_10_1.Sensor",
    "ReadingBasis": "Zero",
    "ReadingRangeMin": 600,
    "@odata.id": "/redfish/v1/Chassis/System.Embedded.1/Sensors/Fan5_2"
}