{
    "Name": "InputPowerSensor",
    "Description": "Power Supply 1 Input Power",
    "ReadingUnits": "W",
    "@odata.id": "/redfish/v1/Chassis/System.Embedded.1/Sensors/PSU.Slot.1_InputPower",
    "Id": "PSU.Slot.1_InputPower",
    "ReadingType": "Power",
    "@odata.etag": "W/\"gen-736\"",
    "@odata.type": "#Sensor.v1_10_1.Sensor",
    "@odata.context": "/redfish/v1/$metadata#Sensor.Sensor",
    "ReadingBasis": "Zero",
    "Reading": 180.75,
    "Status": {
        "Health": "OK",
        "State": "Enabled"
    },
    "PhysicalContext": "PowerSupply"
}