{
    "@odata.context": "/redfish/v1/$metadata#PCIeFunction.PCIeFunction",
    "@odata.etag": "\"1706632770\"",
    "@odata.type": "#PCIeFunction.v1_5_0.PCIeFunction",
    "@odata.id": "/redfish/v1/Chassis/System.Embedded.1/PCIeDevices/5-0/PCIeFunctions/5-0-0",
    "ClassCode": "0x010601",
    "Description": "BOSS-S2 Adapter",
    "DeviceClass": "MassStorageController",
    "DeviceId": "0x9230",
    "Enabled": true,
    "FunctionId": 0,
    "FunctionType": "Physical",
    "Id": "5-0-0",
    "Links": {
        "StorageControllers": [
            {
                "@odata.id": "/redfish/v1/Systems/System.Embedded.1/Storage/AHCI.SL.6-1#/StorageControllers/0"
            }
        ],
        "StorageControllers@odata.count": 1,
        "Drives": [
            {
                "@odata.id": "/redfish/v1/Systems/System.Embedded.1/Storage/AHCI.SL.6-1/Drives/Disk.Direct.0-0_AHCI.SL.6-1"
            },
            {
                "@odata.id": "/redfish/v1/Systems/System.Embedded.1/Storage/AHCI.SL.6-1/Drives/Disk.Direct.1-1_AHCI.SL.6-1"
            }
        ],
        "Drives@odata.count": 2,
        "EthernetInterfaces": [],
        "EthernetInterfaces@odata.count": 0,
        "PCIeDevice": {
            "@odata.id": "/redfish/v1/Chassis/System.Embedded.1/PCIeDevices/5-0"
        }
    },
    "Name": "BOSS-S2 Adapter",
    "Oem": {
        "Dell": {
            "@odata.type": "#DellChassisPCIeFunction.v1_1_0.DellPCIeFunction",
            "DellPCIeFunction": {
                "DataBusWidth": "Unknown",
                "LastSystemInventoryTime": "2024-01-30T16:38:56+00:00",
                "LastUpdateTime": "2024-01-30T16:38:54+00:00",
                "SlotLength": "Unknown",
                "SlotType": "Unknown",
                "Id": "AHCI.SL.6-1"
            }
        }
    },
    "RevisionId": "0x11",
    "Status": {
        "State": "Enabled",
        "Health": "OK",
        "HealthRollup": "OK"
    },
    "SubsystemId": "0x2010",
    "SubsystemVendorId": "0x1028",
    "VendorId": "0x1b4b"
}