{
    "@odata.context": "/redfish/v1/$metadata#PCIeFunction.PCIeFunction",
    "@odata.etag": "\"1740158369\"",
    "@odata.type": "#PCIeFunction.v1_6_0.PCIeFunction",
    "@odata.id": "/redfish/v1/Chassis/System.Embedded.1/PCIeDevices/0-24/PCIeFunctions/0-24-0",
    "ClassCode": "0x010601",
    "Description": "Sapphire Rapids SATA AHCI Controller",
    "DeviceClass": "MassStorageController",
    "DeviceId": "0x1bf2",
    "Enabled": true,
    "FunctionId": 0,
    "FunctionType": "Physical",
    "Id": "0-24-0",
    "Links": {
        "StorageControllers": [
            {
                "@odata.id": "/redfish/v1/Systems/System.Embedded.1/Storage/AHCI.Embedded.1-1#/StorageControllers/0"
            }
        ],
        "StorageControllers@odata.count": 1,
        "Drives": [],
        "Drives@odata.count": 0,
        "EthernetInterfaces": [],
        "EthernetInterfaces@odata.count": 0,
        "PCIeDevice": {
            "@odata.id": "/redfish/v1/Chassis/System.Embedded.1/PCIeDevices/0-24"
        }
    },
    "Name": "Sapphire Rapids SATA AHCI Controller",
    "Oem": {
        "Dell": {
            "@odata.type": "#DellChassisPCIeFunction.v1_1_0.DellPCIeFunction",
            "DellPCIeFunction": {
                "DataBusWidth": "Unknown",
                "LastSystemInventoryTime": "2025-02-21T17:19:23+00:00",
                "LastUpdateTime": "2023-10-27T06:18:02+00:00",
                "SlotLength": "Unknown",
                "SlotType": "Unknown",
                "Id": "AHCI.Embedded.1-1"
            }
        }
    },
    "RevisionId": "0x11",
    "Status": {
        "State": "Enabled",
        "Health": "OK",
        "HealthRollup": "OK"
    },
    "SubsystemId": "0x0b9d",
    "SubsystemVendorId": "0x1028",
    "VendorId": "0x8086"
}