{
    "@odata.context": "/redfish/v1/$metadata#CertificateCollection.CertificateCollection",
    "@odata.type": "#CertificateCollection.CertificateCollection",
    "@odata.id": "/redfish/v1/Chassis/System.Embedded.1/TrustedComponents/TPM/Certificates",
    "Name": "Certificate Collection",
    "Description": "Collection of TPM Certificates",
    "Members": [
        {
            "@odata.id": "/redfish/v1/Chassis/System.Embedded.1/TrustedComponents/TPM/Certificates/SecurityCertificate.3"
        },
        {
            "@odata.id": "/redfish/v1/Chassis/System.Embedded.1/TrustedComponents/TPM/Certificates/SecurityCertificate.4"
        }
    ],
    "Members@odata.count": 2
}