{
    "@odata.id": "/redfish/v1/JobService/Jobs/JID_624565535277",
    "Id": "JID_624565535277",
    "@odata.context": "/redfish/v1/$metadata#Job.Job",
    "@odata.type": "#Job.v1_2_4.Job",
    "@odata.etag": "W/\"gen-2\"",
    "Description": "Represent a job in Redfish",
    "StartTime": "2025-11-06T13:15:53-06:00",
    "EndTime": "2025-11-06T13:20:39-06:00",
    "Name": "System_Erase",
    "PercentComplete": 100,
    "JobStatus": "OK",
    "JobState": "Completed",
    "Messages": [
        {
            "Message": "Job completed successfully.",
            "MessageArgs": [],
            "MessageArgs@odata.count": 1,
            "MessageId": "IDRAC.2.14.SYS018"
        }
    ],
    "Messages@odata.count": 1,
    "Oem": {
        "Dell": {
            "UntilTime": "TIME_NA",
            "@odata.context": "/redfish/v1/$metadata#DellOemJob.DellOemJob",
            "@odata.type": "#DellOemJob.v1_0_0.DellOemJob",
            "ActualRunningStartTime": null,
            "ActualRunningStopTime": null,
            "JobType": "SystemErase",
            "OemJobState": "Completed"
        }
    },
    "MaxExecutionTime": null
}