{
    "PackageType": "Module/Card",
    "@odata.context": "/redfish/v1/$metadata#DellAssembly.DellAssembly",
    "@odata.id": "/redfish/v1/Chassis/System.Embedded.1/Oem/Dell/DellAssembly/NIC.Slot.10_0x23_FRU",
    "@odata.type": "#DellAssembly.v1_1_0.DellAssembly",
    "SerialNumber": "VNFCBBA2CD04S3",
    "DeviceFQDD": "NIC.Slot.10",
    "Description": "This resource shall be used to represent an assembly information.",
    "Name": "DellAssembly",
    "Id": "NIC.Slot.10_0x23_FRU",
    "@odata.etag": "W/\"gen-1\""
}