{
    "@odata.context": "/redfish/v1/$metadata#NetworkPortCollection.NetworkPortCollection",
    "@odata.id": "/redfish/v1/Chassis/System.Embedded.1/NetworkAdapters/NIC.Slot.3/NetworkPorts",
    "@odata.type": "#NetworkPortCollection.NetworkPortCollection",
    "Description": "Collection Of Network Port entities",
    "Members": [
        {
            "@odata.id": "/redfish/v1/Chassis/System.Embedded.1/NetworkAdapters/NIC.Slot.3/NetworkPorts/NIC.Slot.3-1"
        },
        {
            "@odata.id": "/redfish/v1/Chassis/System.Embedded.1/NetworkAdapters/NIC.Slot.3/NetworkPorts/NIC.Slot.3-2"
        },
        {
            "@odata.id": "/redfish/v1/Chassis/System.Embedded.1/NetworkAdapters/NIC.Slot.3/NetworkPorts/NIC.Slot.3-3"
        },
        {
            "@odata.id": "/redfish/v1/Chassis/System.Embedded.1/NetworkAdapters/NIC.Slot.3/NetworkPorts/NIC.Slot.3-4"
        }
    ],
    "Members@odata.count": 4,
    "Name": "Network Port Collection"
}