{
    "Description": "System Board Current Consumption",
    "ReadingType": "Current",
    "PeakReadingTime": "2025-07-15T22:26:49-05:00",
    "PhysicalContext": "SystemBoard",
    "@odata.id": "/redfish/v1/Chassis/System.Embedded.1/Sensors/SystemBoardCurrentConsumption",
    "Actions": {
        "Oem": {
            "#DellOemSensor.GetHistoricalSensorReadings": {
                "ReadingHistoryPeriod@Redfish.AllowableValues": [
                    "LastHour",
                    "LastDay",
                    "LastWeek"
                ],
                "target": "/redfish/v1/Chassis/System.Embedded.1/Sensors/SystemBoardCurrentConsumption/Actions/Oem/DellOemSensor.GetHistoricalSensorReadings"
            }
        }
    },
    "@odata.type": "#Sensor.v1_10_1.Sensor",
    "ReadingBasis": "Zero",
    "ReadingUnits": "A",
    "@odata.context": "/redfish/v1/$metadata#Sensor.Sensor",
    "Reading": 0,
    "PeakReading": 5.59375,
    "Status": {
        "State": "Enabled",
        "Health": "OK"
    },
    "Id": "SystemBoardCurrentConsumption",
    "@odata.etag": "W/\"gen-38\"",
    "Name": "System Board Current Consumption"
}