{
    "@odata.context": "/redfish/v1/$metadata#ComponentIntegrityCollection.ComponentIntegrityCollection",
    "@odata.type": "#ComponentIntegrityCollection.ComponentIntegrityCollection",
    "Description": "Collection of ComponentIntegrity resources",
    "Members": [
        {
            "@odata.id": "/redfish/v1/ComponentIntegrity/RAID.SL.3-1"
        },
        {
            "@odata.id": "/redfish/v1/ComponentIntegrity/CPU.Socket.0"
        },
        {
            "@odata.id": "/redfish/v1/ComponentIntegrity/CPU.Socket.1"
        }
    ],
    "Members@odata.count": 3,
    "Name": "ComponentIntegrity Collection",
    "@odata.id": "/redfish/v1/ComponentIntegrity",
    "@odata.etag": "\"W/'gen-8'\""
}