{
    "@odata.context": "/redfish/v1/$metadata#PCIeFunction.PCIeFunction",
    "@odata.etag": "\"1707801112\"",
    "@odata.type": "#PCIeFunction.v1_5_0.PCIeFunction",
    "@odata.id": "/redfish/v1/Chassis/System.Embedded.1/PCIeDevices/1-0/PCIeFunctions/1-0-0",
    "ClassCode": "0x010802",
    "Description": "BOSS-N1 Monolithic",
    "DeviceClass": "MassStorageController",
    "DeviceId": "0x2241",
    "Enabled": true,
    "FunctionId": 0,
    "FunctionType": "Physical",
    "Id": "1-0-0",
    "Links": {
        "StorageControllers": [
            {
                "@odata.id": "/redfish/v1/Systems/System.Embedded.1/Storage/BOSS.SL.16-1#/StorageControllers/0"
            }
        ],
        "StorageControllers@odata.count": 1,
        "Drives": [
            {
                "@odata.id": "/redfish/v1/Systems/System.Embedded.1/Storage/BOSS.SL.16-1/Drives/Disk.Direct.0-0_BOSS.SL.16-1"
            },
            {
                "@odata.id": "/redfish/v1/Systems/System.Embedded.1/Storage/BOSS.SL.16-1/Drives/Disk.Direct.1-1_BOSS.SL.16-1"
            }
        ],
        "Drives@odata.count": 2,
        "EthernetInterfaces": [],
        "EthernetInterfaces@odata.count": 0,
        "PCIeDevice": {
            "@odata.id": "/redfish/v1/Chassis/System.Embedded.1/PCIeDevices/1-0"
        }
    },
    "Name": "BOSS-N1 Monolithic",
    "Oem": {
        "Dell": {
            "@odata.type": "#DellChassisPCIeFunction.v1_1_0.DellPCIeFunction",
            "DellPCIeFunction": {
                "DataBusWidth": "Unknown",
                "LastSystemInventoryTime": "2024-02-13T05:11:00+00:00",
                "LastUpdateTime": "2022-02-02T19:21:32+00:00",
                "SlotLength": "Unknown",
                "SlotType": "Unknown",
                "Id": "BOSS.SL.16-1"
            }
        }
    },
    "RevisionId": "0x20",
    "Status": {
        "State": "Enabled",
        "Health": "OK",
        "HealthRollup": "OK"
    },
    "SubsystemId": "0x2112",
    "SubsystemVendorId": "0x1028",
    "VendorId": "0x1b4b"
}