{
    "Id": "SystemBoardPwrConsumption",
    "PhysicalContext": "SystemBoard",
    "@odata.context": "/redfish/v1/$metadata#Sensor.Sensor",
    "ReadingUnits": "W",
    "@odata.id": "/redfish/v1/Chassis/System.Embedded.1/Sensors/SystemBoardPwrConsumption",
    "ReadingRangeMax": 2071,
    "ReadingBasis": "Zero",
    "@odata.type": "#Sensor.v1_9_0.Sensor",
    "Name": "System Board Pwr Consumption",
    "Reading": 314,
    "ReadingRangeMin": 0,
    "@odata.etag": "\"W/'gen-65'\"",
    "Description": "Instance of Sensor Id",
    "Oem": {
        "Dell": {
            "RequestedState": "NotApplicable",
            "@odata.context": "/redfish/v1/$metadata#DellOemSensor.DellOemSensor",
            "@odata.type": "#DellOemSensor.v1_1_0.DellOemSensor",
            "CurrentState": "Normal",
            "DeviceID": "iDRAC.Embedded.1#SystemBoardPwrConsumption",
            "PossibleStates": [
                "Unknown",
                "Fatal",
                "Normal",
                "Upper Fatal",
                "Upper Critical",
                "Upper Non-Critical",
                "Lower Non-Critical",
                "Lower Critical",
                "Lower Fatal"
            ],
            "PossibleStates@odata.count": 9
        }
    },
    "ReadingType": "Power",
    "Thresholds": {
        "UpperCritical": {
            "Reading": 2071
        },
        "LowerCaution": {
            "Reading": null
        },
        "LowerCritical": {
            "Reading": null
        },
        "UpperCaution": {
            "Reading": 1882
        },
        "UpperCautionUser": {
            "Reading": 1882
        }
    },
    "Status": {
        "Health": "OK",
        "State": "Enabled"
    }
}