{
    "@odata.context": "/redfish/v1/$metadata#PCIeDevice.PCIeDevice",
    "@odata.etag": "\"1707801110\"",
    "@odata.id": "/redfish/v1/Chassis/System.Embedded.1/PCIeDevices/141-0",
    "@odata.type": "#PCIeDevice.v1_11_1.PCIeDevice",
    "AssetTag": null,
    "Description": "DC NVMe SED CD7 RI 960GB",
    "DeviceType": "SingleFunction",
    "FirmwareVersion": "1.0.2",
    "Id": "141-0",
    "Links": {
        "Chassis": [
            {
                "@odata.id": "/redfish/v1/Chassis/System.Embedded.1"
            }
        ],
        "Chassis@odata.count": 1,
        "Oem": {
            "Dell": {
                "@odata.type": "#DellOem.v1_3_0.DellOemLinks",
                "CPUAffinity": [
                    {
                        "@odata.id": "/redfish/v1/Systems/System.Embedded.1/Processors/CPU.Socket.2"
                    }
                ],
                "CPUAffinity@odata.count": 1
            }
        },
        "PCIeFunctions": [
            {
                "@odata.id": "/redfish/v1/Chassis/System.Embedded.1/PCIeDevices/141-0/PCIeFunctions/141-0-0"
            }
        ],
        "PCIeFunctions@odata.count": 1,
        "PCIeFunctions@Redfish.Deprecated": "Please migrate to PCIeFunctions property in the root resource."
    },
    "Manufacturer": "KIOXIA Corporation",
    "Model": "Dell DC NVMe CD7 U.2 SED 960GB",
    "Name": "DC NVMe SED CD7 RI 960GB",
    "PartNumber": "0M8RT1",
    "SKU": null,
    "SerialNumber": "PHTBPKK19G001I",
    "Slot": {
        "Lanes": 4,
        "Location": {
            "PartLocation": {
                "LocationOrdinalValue": 1,
                "LocationType": "Slot"
            }
        },
        "PCIeType": "Gen5",
        "SlotType": "U2"
    },
    "PCIeInterface": {
        "MaxPCIeType": "Gen5",
        "PCIeType": "Gen5",
        "MaxLanes": 4,
        "LanesInUse": 4
    },
    "Status": {
        "State": "Enabled",
        "Health": "OK",
        "HealthRollup": "OK"
    },
    "PCIeFunctions": {
        "@odata.id": "/redfish/v1/Chassis/System.Embedded.1/PCIeDevices/141-0/PCIeFunctions"
    }
}