{
    "SlotLength": "ShortLength",
    "SlotType": "EDSFFE3",
    "@odata.id": "/redfish/v1/Chassis/System.Embedded.1/Oem/Dell/DellPCIeFunctions/Disk.Bay.0_Enclosure.Internal.0-1",
    "Id": "Disk.Bay.0:Enclosure.Internal.0-1",
    "Name": "DellPCIeFunction",
    "LastSystemInventoryTime": "2025-11-06T19:28:47+00:00",
    "DataBusWidth": "2XOrX2",
    "LastUpdateTime": "2025-11-06T17:28:45+00:00",
    "@odata.context": "/redfish/v1/$metadata#DellPCIeFunction.DellPCIeFunction",
    "@odata.etag": "W/\"gen-2\"",
    "Description": "An instance of DellPCIeFunction will have PCI device specific data.",
    "@odata.type": "#DellPCIeFunction.v1_7_0.DellPCIeFunction"
}