{
    "Name": "Power Headroom Sensor",
    "PhysicalContext": "PowerSubsystem",
    "@odata.etag": "W/\"gen-1003\"",
    "ReadingUnits": "Watts",
    "Reading": 1320,
    "@odata.id": "/redfish/v1/Chassis/System.Embedded.1/Sensors/PowerHeadroom",
    "@odata.type": "#Sensor.v1_10_1.Sensor",
    "ReadingTime": "2025-11-06T15:45:49-06:00",
    "ReadingType": "Power",
    "Status": {
        "Health": "OK",
        "State": "Enabled"
    },
    "@odata.context": "/redfish/v1/$metadata#Sensor.Sensor",
    "LowestReadingTime": "2025-11-06T14:00:08-06:00",
    "LowestReading": 639,
    "ReadingBasis": "Headroom",
    "Id": "PowerHeadroom",
    "Description": "Power Headroom Sensor"
}