{
    "@odata.context": "/redfish/v1/$metadata#DellAttributes.DellAttributes",
    "@odata.id": "/redfish/v1/Chassis/System.Embedded.1/NetworkAdapters/NIC.Slot.3/NetworkDeviceFunctions/NIC.Slot.3-4-1/Oem/Dell/DellNetworkAttributes/NIC.Slot.3-4-1/Settings",
    "@odata.type": "#DellAttributes.v1_0_0.DellAttributes",
    "Actions": {
        "#DellManager.ClearPending": {
            "target": "/redfish/v1/Chassis/System.Embedded.1/NetworkAdapters/NIC.Slot.3/NetworkDeviceFunctions/NIC.Slot.3-4-1/Oem/Dell/DellNetworkAttributes/NIC.Slot.3-4-1/Settings/Actions/DellManager.ClearPending"
        }
    },
    "AttributeRegistry": "NetworkAttributeRegistry_NIC.Slot.3-4-1",
    "Attributes": {},
    "Description": "This schema provides settings of the oem attributes",
    "Id": "NIC.Slot.3-4-1",
    "Name": "DellNetworkAttributes"
}