{
    "@odata.context": "/redfish/v1/$metadata#NetworkDeviceFunction.NetworkDeviceFunction",
    "@odata.id": "/redfish/v1/Chassis/System.Embedded.1/NetworkAdapters/NIC.Slot.10/NetworkDeviceFunctions/NIC.Slot.10-3-1/Settings",
    "@odata.type": "#NetworkDeviceFunction.v1_9_2.NetworkDeviceFunction",
    "AssignablePhysicalPorts": [
        {
            "@odata.id": "/redfish/v1/Chassis/System.Embedded.1/NetworkAdapters/NIC.Slot.10/NetworkPorts/NIC.Slot.10-3"
        }
    ],
    "AssignablePhysicalPorts@odata.count": 1,
    "Description": "NetworkDeviceFunction",
    "Ethernet": {
        "MACAddress": "6C:92:CF:1D:8A:B2",
        "MTUSize": null,
        "PermanentMACAddress": "6C:92:CF:1D:8A:B2",
        "VLAN": {
            "VLANEnable": false,
            "VLANId": 1
        }
    },
    "FibreChannel": {
        "BootTargets": [
            {
                "LUNID": null,
                "WWPN": null
            }
        ],
        "BootTargets@odata.count": 1,
        "FCoEActiveVLANId": null,
        "FCoELocalVLANId": null,
        "PermanentWWNN": null,
        "PermanentWWPN": null,
        "WWNN": null,
        "WWNSource": null,
        "WWPN": null
    },
    "Id": "NIC.Slot.10-3-1",
    "Links": {
        "PhysicalPortAssignment": {
            "@odata.id": "/redfish/v1/Chassis/System.Embedded.1/NetworkAdapters/NIC.Slot.10/NetworkPorts/NIC.Slot.10-3"
        }
    },
    "MaxVirtualFunctions": 32,
    "Name": "NetworkDeviceFunction",
    "NetDevFuncCapabilities": [
        "Disabled",
        "Ethernet"
    ],
    "NetDevFuncCapabilities@odata.count": 2,
    "NetDevFuncType": "Ethernet",
    "PhysicalPortAssignment": {
        "@odata.id": "/redfish/v1/Chassis/System.Embedded.1/NetworkAdapters/NIC.Slot.10/NetworkPorts/NIC.Slot.10-3"
    },
    "Status": {
        "State": null,
        "Health": "OK",
        "HealthRollup": "OK"
    },
    "iSCSIBoot": {}
}