{
    "DataBusWidth": "16XOrX16",
    "@odata.context": "/redfish/v1/$metadata#DellPCIeFunction.DellPCIeFunction",
    "@odata.etag": "\"W/'gen-3'\"",
    "Description": "An instance of DellPCIeFunction will have PCI device specific data.",
    "Id": "NIC.Slot.10-3-1",
    "SlotLength": "Other",
    "LastUpdateTime": "2025-02-21T21:24:07+00:00",
    "LastSystemInventoryTime": "2025-02-21T23:53:00+00:00",
    "@odata.id": "/redfish/v1/Chassis/System.Embedded.1/Oem/Dell/DellPCIeFunctions/NIC.Slot.10-3-1",
    "@odata.type": "#DellPCIeFunction.v1_7_0.DellPCIeFunction",
    "SlotType": "OCPNIC3.0SmallFormFactor",
    "Name": "DellPCIeFunction"
}