{
    "ReadingType": "Temperature",
    "Status": {
        "State": "Enabled",
        "Health": "OK"
    },
    "@odata.context": "/redfish/v1/$metadata#Sensor.Sensor",
    "PhysicalContext": "MemorySubsystem",
    "Description": "Max DIMM Temperature",
    "@odata.etag": "W/\"gen-300\"",
    "@odata.type": "#Sensor.v1_10_1.Sensor",
    "Name": "Max DIMM Temperature",
    "Reading": 21.75,
    "ReadingBasis": "Zero",
    "ReadingUnits": "Cel",
    "@odata.id": "/redfish/v1/Chassis/System.Embedded.1/Sensors/Temperature.DIMM_MAX",
    "Id": "Temperature.DIMM_MAX"
}