{
    "@odata.context": "/redfish/v1/$metadata#DellControllerBattery.DellControllerBattery",
    "@odata.id": "/redfish/v1/Chassis/System.Embedded.1/PowerSubsystem/Oem/Dell/DellControllerBattery/Battery.Integrated.1_RAID.SL.3-1",
    "@odata.type": "#DellControllerBattery.v1_0_0.DellControllerBattery",
    "Description": "An instance of DellController will have RAID Controller specific data.",
    "FQDD": "Battery.Integrated.1:RAID.SL.3-1",
    "Id": "Battery.Integrated.1:RAID.SL.3-1",
    "Name": "Battery on RAID Controller in SL 3",
    "PrimaryStatus": "OK",
    "RAIDState": "Ready"
}