{
    "@odata.context": "/redfish/v1/$metadata#Job.Job",
    "@odata.id": "/redfish/v1/JobService/Jobs/JID_375622155757",
    "@odata.type": "#Job.v1_2_4.Job",
    "Description": "Represent a job in Redfish",
    "Id": "JID_375622155757",
    "Name": "Firmware Update: iDRAC with Lifecycle Controller",
    "JobState": "Completed",
    "JobStatus": "OK",
    "PercentComplete": 100,
    "StartTime": "2025-01-22T10:10:15-06:00",
    "EndTime": "2025-01-22T10:14:01-06:00",
    "Messages": [
        {
            "Message": "Job completed successfully.",
            "MessageId": "IDRAC.2.9.RED001",
            "MessageArgs": [],
            "MessageArgs@odata.count": 0
        }
    ],
    "Messages@odata.count": 1
}