{
    "@odata.context": "/redfish/v1/$metadata#SensorCollection.SensorCollection",
    "@odata.id": "/redfish/v1/Chassis/System.Embedded.1/Sensors",
    "@odata.type": "#SensorCollection.SensorCollection",
    "Description": "Collection of Sensors",
    "Members": [
        {
            "@odata.id": "/redfish/v1/Chassis/System.Embedded.1/Sensors/PS1Current1"
        },
        {
            "@odata.id": "/redfish/v1/Chassis/System.Embedded.1/Sensors/PS1Voltage"
        },
        {
            "@odata.id": "/redfish/v1/Chassis/System.Embedded.1/Sensors/SystemBoardPwrConsumption"
        },
        {
            "@odata.id": "/redfish/v1/Chassis/System.Embedded.1/Sensors/SystemBoardIOUsage"
        },
        {
            "@odata.id": "/redfish/v1/Chassis/System.Embedded.1/Sensors/SystemBoardMEMUsage"
        },
        {
            "@odata.id": "/redfish/v1/Chassis/System.Embedded.1/Sensors/SystemBoardSYSUsage"
        },
        {
            "@odata.id": "/redfish/v1/Chassis/System.Embedded.1/Sensors/SystemBoardCPUUsage"
        },
        {
            "@odata.id": "/redfish/v1/Chassis/System.Embedded.1/Sensors/CPU1VCOREVR"
        },
        {
            "@odata.id": "/redfish/v1/Chassis/System.Embedded.1/Sensors/CPU2VCOREVR"
        },
        {
            "@odata.id": "/redfish/v1/Chassis/System.Embedded.1/Sensors/CPU1MEM0123VR"
        },
        {
            "@odata.id": "/redfish/v1/Chassis/System.Embedded.1/Sensors/CPU1MEM4567VR"
        },
        {
            "@odata.id": "/redfish/v1/Chassis/System.Embedded.1/Sensors/CPU2MEM0123VR"
        },
        {
            "@odata.id": "/redfish/v1/Chassis/System.Embedded.1/Sensors/CPU2MEM4567VR"
        },
        {
            "@odata.id": "/redfish/v1/Chassis/System.Embedded.1/Sensors/Fan.Embedded.1A"
        },
        {
            "@odata.id": "/redfish/v1/Chassis/System.Embedded.1/Sensors/Fan.Embedded.2A"
        },
        {
            "@odata.id": "/redfish/v1/Chassis/System.Embedded.1/Sensors/Fan.Embedded.3A"
        },
        {
            "@odata.id": "/redfish/v1/Chassis/System.Embedded.1/Sensors/Fan.Embedded.4A"
        },
        {
            "@odata.id": "/redfish/v1/Chassis/System.Embedded.1/Sensors/Fan.Embedded.1B"
        },
        {
            "@odata.id": "/redfish/v1/Chassis/System.Embedded.1/Sensors/Fan.Embedded.2B"
        },
        {
            "@odata.id": "/redfish/v1/Chassis/System.Embedded.1/Sensors/Fan.Embedded.3B"
        },
        {
            "@odata.id": "/redfish/v1/Chassis/System.Embedded.1/Sensors/Fan.Embedded.4B"
        },
        {
            "@odata.id": "/redfish/v1/Chassis/System.Embedded.1/Sensors/Fan.Embedded.1C"
        },
        {
            "@odata.id": "/redfish/v1/Chassis/System.Embedded.1/Sensors/Fan.Embedded.2C"
        },
        {
            "@odata.id": "/redfish/v1/Chassis/System.Embedded.1/Sensors/Fan.Embedded.3C"
        },
        {
            "@odata.id": "/redfish/v1/Chassis/System.Embedded.1/Sensors/Fan.Embedded.4C"
        },
        {
            "@odata.id": "/redfish/v1/Chassis/System.Embedded.1/Sensors/Fan.Embedded.1D"
        },
        {
            "@odata.id": "/redfish/v1/Chassis/System.Embedded.1/Sensors/Fan.Embedded.2D"
        },
        {
            "@odata.id": "/redfish/v1/Chassis/System.Embedded.1/Sensors/Fan.Embedded.3D"
        },
        {
            "@odata.id": "/redfish/v1/Chassis/System.Embedded.1/Sensors/Fan.Embedded.4D"
        },
        {
            "@odata.id": "/redfish/v1/Chassis/System.Embedded.1/Sensors/CPU1Temp"
        },
        {
            "@odata.id": "/redfish/v1/Chassis/System.Embedded.1/Sensors/CPU2Temp"
        },
        {
            "@odata.id": "/redfish/v1/Chassis/System.Embedded.1/Sensors/SystemBoardInletTemp"
        },
        {
            "@odata.id": "/redfish/v1/Chassis/System.Embedded.1/Sensors/SystemBoardExhaustTemp"
        },
        {
            "@odata.id": "/redfish/v1/Chassis/System.Embedded.1/Sensors/PSU.Slot.1_MaximumFrequency"
        },
        {
            "@odata.id": "/redfish/v1/Chassis/System.Embedded.1/Sensors/PSU.Slot.1_InputPower"
        },
        {
            "@odata.id": "/redfish/v1/Chassis/System.Embedded.1/Sensors/PSU.Slot.1_OutputPower"
        },
        {
            "@odata.id": "/redfish/v1/Chassis/System.Embedded.1/Sensors/SystemAirFlow"
        },
        {
            "@odata.id": "/redfish/v1/Chassis/System.Embedded.1/Sensors/Temperature.DIMM_MAX"
        }
    ],
    "Members@odata.count": 38,
    "Name": "SensorCollection"
}