{
    "@odata.context": "/redfish/v1/$metadata#DellNetworkTransceiverCollection.DellNetworkTransceiverCollection",
    "@odata.id": "/redfish/v1/Chassis/System.Embedded.1/Oem/Dell/DellNetworkTransceivers",
    "@odata.type": "#DellNetworkTransceiverCollection.DellNetworkTransceiverCollection",
    "Description": "A collection of DellNetworkTransceiver resource",
    "Members": [
        {
            "@odata.context": "/redfish/v1/$metadata#DellNetworkTransceiver.DellNetworkTransceiver",
            "@odata.id": "/redfish/v1/Chassis/System.Embedded.1/Oem/Dell/DellNetworkTransceivers/NetworkTransceiver.Integrated.1_NIC.Slot.4-1",
            "@odata.type": "#DellNetworkTransceiver.v1_1_0.DellNetworkTransceiver",
            "Description": "DellNetworkTransceiver represents a Network Transceiver device in the managed system. Instantiating this class represents the specific managed objects and its properties for the number of managed devices present in the system.",
            "DeviceDescription": "Network Transceiver in NIC in Slot 4 Port 1",
            "FQDD": "NetworkTransceiver.Integrated.1:NIC.Slot.4-1",
            "Id": "NetworkTransceiver.Integrated.1:NIC.Slot.4-1",
            "IdentifierType": "SFP/SFP+/SFP28",
            "InterfaceType": "DirectAttachCopper",
            "Name": "DellNetworkTransceiver",
            "PartNumber": "74752-9506",
            "Revision": null,
            "SerialNumber": "216030711",
            "VendorName": "Molex Inc."
        },
        {
            "@odata.context": "/redfish/v1/$metadata#DellNetworkTransceiver.DellNetworkTransceiver",
            "@odata.id": "/redfish/v1/Chassis/System.Embedded.1/Oem/Dell/DellNetworkTransceivers/NetworkTransceiver.Integrated.1_NIC.Slot.4-2",
            "@odata.type": "#DellNetworkTransceiver.v1_1_0.DellNetworkTransceiver",
            "Description": "DellNetworkTransceiver represents a Network Transceiver device in the managed system. Instantiating this class represents the specific managed objects and its properties for the number of managed devices present in the system.",
            "DeviceDescription": "Network Transceiver in NIC in Slot 4 Port 2",
            "FQDD": "NetworkTransceiver.Integrated.1:NIC.Slot.4-2",
            "Id": "NetworkTransceiver.Integrated.1:NIC.Slot.4-2",
            "IdentifierType": "SFP/SFP+/SFP28",
            "InterfaceType": "DirectAttachCopper",
            "Name": "DellNetworkTransceiver",
            "PartNumber": "74752-9506",
            "Revision": null,
            "SerialNumber": "128130275",
            "VendorName": "Molex Inc."
        }
    ],
    "Members@odata.count": 2,
    "Name": "DellNetworkTransceiverCollection"
}