{
    "Location": {
        "PartLocation": {
            "ServiceLabel": "PSU1",
            "LocationOrdinalValue": 0,
            "LocationType": "Bay"
        }
    },
    "PowerSupplyType": "ACorDC",
    "Oem": {
        "Dell": {
            "DellPowerSupply": {
                "IsSwitchingSupply": true,
                "OperationalStatus": [
                    "OK"
                ],
                "OperationalStatus@odata.count": 1,
                "RequestedState": "NotApplicable"
            },
            "DellPowerSupplyView": {
                "LastUpdateTime": "1970-01-01T00:00:00+00:00",
                "PMBusMonitoring": "Capable",
                "RedTypeOfSet": [
                    "N+1"
                ],
                "RedTypeOfSet@odata.count": 1,
                "DetailedState": "Presence Detected",
                "RedundancyStatus": "Unknown",
                "RedMinNumberNeeded": 1,
                "LastSystemInventoryTime": "2025-02-21T23:53:00+00:00",
                "DeviceDescription": "Power Supply 1",
                "Range1MaxInputPowerWatts": 918
            },
            "@odata.context": "/redfish/v1/$metadata#DellOemPower.DellOemPower",
            "@odata.type": "#DellOemPower.v1_0_0.DellOemPower"
        }
    },
    "Manufacturer": "DELL",
    "Id": "PSU.Slot.1",
    "Assembly": {
        "@odata.id": "/redfish/v1/Chassis/System.Embedded.1/PowerSubsystem/PowerSupplies/PSU.Slot.1/Assembly"
    },
    "@odata.context": "/redfish/v1/$metadata#PowerSupply.PowerSupply",
    "HotPluggable": true,
    "FirmwareVersion": "5b19",
    "PartNumber": "08YNWGA00",
    "PowerCapacityWatts": 800,
    "Metrics": {
        "@odata.id": "/redfish/v1/Chassis/System.Embedded.1/PowerSubsystem/PowerSupplies/PSU.Slot.1/Metrics"
    },
    "InputRanges": [
        {
            "CapacityWatts": 800,
            "NominalVoltageType": "AC200To240V"
        }
    ],
    "EfficiencyRatings": [
        {
            "EfficiencyPercent": 0.85
        }
    ],
    "Description": "An instance of PowerSupply",
    "InputNominalVoltageType": "AC200To240V",
    "SerialNumber": "CNDED0048101KF",
    "@odata.etag": "\"W/'gen-3'\"",
    "@odata.id": "/redfish/v1/Chassis/System.Embedded.1/PowerSubsystem/PowerSupplies/PSU.Slot.1",
    "Status": {
        "Health": "OK",
        "State": "Enabled"
    },
    "OutputRails": [
        {
            "NominalVoltage": 12,
            "PhysicalContext": "SystemBoard"
        }
    ],
    "Model": "PWR SPLY,800W,RDNT,DELTA",
    "Name": "PS1 Status",
    "LineInputStatus": "Normal",
    "SparePartNumber": "08YNWGA00",
    "@odata.type": "#PowerSupply.v1_6_0.PowerSupply"
}