{
    "Links": {
        "Drives": [],
        "Drives@odata.count": 0,
        "EthernetInterfaces": [
            {
                "@odata.id": "/redfish/v1/Systems/System.Embedded.1/EthernetInterfaces/NIC.Slot.4-2-1"
            }
        ],
        "EthernetInterfaces@odata.count": 1,
        "PCIeDevice": {
            "@odata.id": "/redfish/v1/Chassis/System.Embedded.1/PCIeDevices/1-135-0"
        }
    },
    "@odata.id": "/redfish/v1/Chassis/System.Embedded.1/PCIeDevices/1-135-0/PCIeFunctions/1-135-0-1",
    "VendorId": "0x15b3",
    "DeviceClass": "NetworkController",
    "Enabled": true,
    "Id": "1-135-0-1",
    "DeviceId": "0x101f",
    "FunctionProtocol": "PCIe",
    "SubsystemId": "0x0019",
    "ClassCode": "0x000002",
    "RevisionId": "0x00",
    "FunctionId": 1,
    "@odata.context": "/redfish/v1/$metadata#PCIeFunction.PCIeFunction",
    "Oem": {
        "Dell": {
            "@odata.type": "#DellChassisPCIeFunction.v1_1_0.DellPCIeFunction",
            "DellPCIeFunction": {
                "Id": "NIC.Slot.4-2-1",
                "LastSystemInventoryTime": "2025-02-21T23:53:00+00:00",
                "LastUpdateTime": "2025-02-21T21:24:07+00:00",
                "SlotLength": "Other",
                "SlotType": "OCPNIC3.0SmallFormFactor",
                "DataBusWidth": "16XOrX16"
            },
            "@odata.context": "/redfish/v1/$metadata#DellChassisPCIeFunction.DellChassisPCIeFunction"
        }
    },
    "Name": "MT2894 Family [ConnectX-6 Lx]",
    "Status": {
        "State": "Enabled",
        "Health": "OK",
        "HealthRollup": "OK"
    },
    "SubsystemVendorId": "0x15b3",
    "Description": "MT2894 Family [ConnectX-6 Lx]",
    "@odata.type": "#PCIeFunction.v1_6_0.PCIeFunction",
    "FunctionType": "Physical",
    "@odata.etag": "\"W/'gen-4'\""
}