{
    "@odata.context": "/redfish/v1/$metadata#DellEnclosure.DellEnclosure",
    "@odata.id": "/redfish/v1/Chassis/Enclosure.Internal.0-0_RAID.SL.5-1/Oem/Dell/DellEnclosures/Enclosure.Internal.0-0_RAID.SL.5-1",
    "@odata.type": "#DellEnclosure.v1_1_0.DellEnclosure",
    "AssetName": null,
    "Connector": 0,
    "Description": "An instance of DellEnclosure will have storage enclosure specific data.",
    "Id": "Enclosure.Internal.0-0:RAID.SL.5-1",
    "LastSystemInventoryTime": "2025-02-21T17:19:23+00:00",
    "LastUpdateTime": "2025-02-21T11:19:22+00:00",
    "Links": {
        "DellEnclosureEMMCollection": [],
        "DellEnclosureEMMCollection@odata.count": 0
    },
    "Name": "DellEnclosure",
    "ServiceTag": null,
    "SlotCount": 2,
    "TempProbeCount": 0,
    "Version": "7.10",
    "WiredOrder": 0
}