{
    "Reading": 26,
    "Id": "SystemBoardExhaustTemp",
    "@odata.type": "#Sensor.v1_10_1.Sensor",
    "Oem": {
        "Dell": {
            "@odata.type": "#DellOemSensor.v1_2_0.DellOemSensor",
            "PossibleStates": [
                "Unknown",
                "Fatal",
                "Normal",
                "Upper Fatal",
                "Upper Critical",
                "Upper Non-Critical",
                "Lower Non-Critical",
                "Lower Critical",
                "Lower Fatal"
            ],
            "PossibleStates@odata.count": 9,
            "RequestedState": "NotApplicable",
            "CurrentState": "Normal",
            "DeviceID": "iDRAC.Embedded.1#SystemBoardExhaustTemp",
            "@odata.context": "/redfish/v1/$metadata#DellOemSensor.DellOemSensor"
        }
    },
    "ReadingBasis": "Zero",
    "@odata.etag": "W/\"gen-21\"",
    "@odata.context": "/redfish/v1/$metadata#Sensor.Sensor",
    "ReadingRangeMin": 3,
    "ReadingRangeMax": 75,
    "ReadingType": "Temperature",
    "Description": "Instance of Sensor Id",
    "Status": {
        "Health": "OK",
        "State": "Enabled"
    },
    "ReadingUnits": "Cel",
    "Thresholds": {
        "UpperCritical": {
            "Reading": 75
        },
        "LowerCaution": {
            "Reading": 8
        },
        "LowerCritical": {
            "Reading": 3
        },
        "UpperCaution": {
            "Reading": 70
        }
    },
    "@odata.id": "/redfish/v1/Chassis/System.Embedded.1/Sensors/SystemBoardExhaustTemp",
    "PhysicalContext": "SystemBoard",
    "Name": "System Board Exhaust Temp"
}