{
    "@odata.etag": "\"W/'gen-15'\"",
    "JobStatus": "OK",
    "MaxExecutionTime": null,
    "PercentComplete": 100,
    "Name": "System_Erase",
    "JobState": "Completed",
    "@odata.id": "/redfish/v1/JobService/Jobs/JID_401794520825",
    "Id": "JID_401794520825",
    "EndTime": "2025-02-21T17:16:00-06:00",
    "@odata.type": "#Job.v1_2_4.Job",
    "Oem": {
        "Dell": {
            "UntilTime": "TIME_NA",
            "@odata.context": "/redfish/v1/$metadata#DellOemJob.DellOemJob",
            "@odata.type": "#DellOemJob.v1_0_0.DellOemJob",
            "ActualRunningStartTime": null,
            "ActualRunningStopTime": null,
            "JobType": "SystemErase",
            "OemJobState": "Completed"
        }
    },
    "Messages": [
        {
            "Message": "Job completed successfully.",
            "MessageArgs": [],
            "MessageArgs@odata.count": 0,
            "MessageId": "IDRAC.2.9.SYS018"
        }
    ],
    "Messages@odata.count": 1,
    "@odata.context": "/redfish/v1/$metadata#Job.Job",
    "StartTime": "2025-02-21T17:10:52-06:00",
    "Description": "Represent a job in Redfish"
}