{
    "@odata.context": "/redfish/v1/$metadata#JsonSchemaFile.JsonSchemaFile",
    "@odata.id": "/redfish/v1/JsonSchemas/DellBios",
    "@odata.type": "#JsonSchemaFile.v1_1_4.JsonSchemaFile",
    "Description": "DellBios Schema File Location",
    "Id": "DellBios",
    "Languages": [
        "en"
    ],
    "Languages@odata.count": 1,
    "Location": [
        {
            "Language": "en",
            "PublicationUri": "http://downloads.dell.com/redfish/bmc/schemas/DellBios.json",
            "Uri": "/redfish/v1/Schemas/DellBios.json"
        }
    ],
    "Location@odata.count": 1,
    "Name": "DellBios Schema File",
    "Schema": "#DellBios.DellBios"
}