{
    "@odata.id": "/redfish/v1/Chassis/System.Embedded.1/Oem/Dell/DellAssembly/RAID.SL.3-1_0x23_FRU",
    "@odata.type": "#DellAssembly.v1_1_0.DellAssembly",
    "Id": "RAID.SL.3-1_0x23_FRU",
    "Name": "DellAssembly",
    "PackageType": "Module/Card",
    "@odata.context": "/redfish/v1/$metadata#DellAssembly.DellAssembly",
    "Description": "This resource shall be used to represent an assembly information.",
    "SerialNumber": "CNFCP0042M0010",
    "@odata.etag": "\"W/'gen-1'\"",
    "DeviceFQDD": "RAID.SL.3-1"
}