{
    "@odata.context": "/redfish/v1/$metadata#DellNICStatistics.DellNICStatistics",
    "@odata.id": "/redfish/v1/Chassis/System.Embedded.1/Oem/Dell/DellNICStatistics/NIC.Slot.4-2-1",
    "@odata.type": "#DellNICStatistics.v1_0_0.DellNICStatistics",
    "Description": "An instance of DellNICStatistics will have the statistics of the NIC, NIC port or partition.",
    "Id": "NIC.Slot.4-2-1",
    "Name": "DellNICStatistics",
    "RxBytes": 47264,
    "RxMutlicastPackets": 30,
    "RxUnicastPackets": 162,
    "TxBytes": 68475,
    "TxMutlicastPackets": 202,
    "TxUnicastPackets": 157
}