{
    "@odata.type": "#PCIeFunction.v1_6_0.PCIeFunction",
    "VendorId": "0x102b",
    "ClassCode": "0x000003",
    "Name": "Integrated Matrox G200eW3 Graphics Controller",
    "@odata.etag": "W/\"gen-3\"",
    "SegmentNumber": "0x0000",
    "BusNumber": "0x9a",
    "Links": {
        "Drives": [],
        "Drives@odata.count": 0,
        "MemoryDomains": [],
        "MemoryDomains@odata.count": 0,
        "PCIeDevice": {
            "@odata.id": "/redfish/v1/Chassis/System.Embedded.1/PCIeDevices/0-154-0"
        }
    },
    "Enabled": true,
    "FunctionId": 0,
    "FunctionNumber": "0x0",
    "@odata.id": "/redfish/v1/Chassis/System.Embedded.1/PCIeDevices/0-154-0/PCIeFunctions/0-154-0-0",
    "SubsystemVendorId": "0x1028",
    "Description": "Integrated Matrox G200eW3 Graphics Controller",
    "SubsystemId": "0x0d99",
    "RevisionId": "0x08",
    "Oem": {
        "Dell": {
            "@odata.context": "/redfish/v1/$metadata#DellChassisPCIeFunction.DellChassisPCIeFunction",
            "@odata.type": "#DellChassisPCIeFunction.v1_1_0.DellPCIeFunction",
            "DellPCIeFunction": {
                "SlotType": "Unknown",
                "DataBusWidth": "Unknown",
                "Id": "Video.Embedded.1-1",
                "LastSystemInventoryTime": "2025-11-06T19:28:47+00:00",
                "LastUpdateTime": "2025-11-06T17:28:45+00:00",
                "SlotLength": "Unknown"
            }
        }
    },
    "FunctionProtocol": "PCIe",
    "DeviceNumber": "0x00",
    "DeviceId": "0x0536",
    "FunctionType": "Physical",
    "@odata.context": "/redfish/v1/$metadata#PCIeFunction.PCIeFunction",
    "Status": {
        "State": "Enabled",
        "Health": "OK",
        "HealthRollup": "OK"
    },
    "DeviceClass": "DisplayController",
    "Id": "0-154-0-0"
}