{
    "Name": "Power",
    "@odata.context": "/redfish/v1/$metadata#Power.Power",
    "@odata.etag": "W/\"gen-1060\"",
    "Id": "Power",
    "@odata.id": "/redfish/v1/Chassis/System.Embedded.1/Power",
    "Redundancy": [
        {
            "@odata.type": "#Redundancy.v1_5_0.Redundancy",
            "MaxNumSupported": 1,
            "Name": "PSU Redundancy",
            "@odata.id": "/redfish/v1/Chassis/System.Embedded.1/Power#/Redundancy/0",
            "RedundancySet": [
                {
                    "@odata.id": "/redfish/v1/Chassis/System.Embedded.1/Power#/PowerSupplies/0"
                }
            ],
            "RedundancySet@odata.count": 1,
            "Status": {
                "Health": "OK",
                "State": "Disabled"
            },
            "Mode": "N+m",
            "@odata.context": "/redfish/v1/$metadata#Redundancy.Redundancy",
            "MemberId": "0",
            "MinNumNeeded": 1
        }
    ],
    "PowerControl": [
        {
            "RelatedItem": [
                {
                    "@odata.id": "/redfish/v1/Chassis/System.Embedded.1"
                }
            ],
            "PowerLimit": {
                "LimitInWatts": 32767,
                "CorrectionInMs": 0,
                "LimitException": "HardPowerOff"
            },
            "@odata.id": "/redfish/v1/Chassis/System.Embedded.1/Power#/PowerControl/0",
            "PowerRequestedWatts": null,
            "PowerCapacityWatts": null,
            "PowerAvailableWatts": 0,
            "MemberId": "0",
            "PowerConsumedWatts": 182,
            "PowerMetrics": {
                "IntervalInMin": 1,
                "MaxConsumedWatts": 201,
                "MinConsumedWatts": 177,
                "AverageConsumedWatts": 181
            },
            "Name": "System Power Control",
            "PowerAllocatedWatts": 0
        }
    ],
    "PowerSupplies": [
        {
            "Manufacturer": "DELL",
            "LineInputVoltageType": "AC240V",
            "SerialNumber": "CNDED0051E00VY",
            "@odata.id": "/redfish/v1/Chassis/System.Embedded.1/Power#/PowerSupplies/0",
            "Model": "PWR SPLY,1500W,RDNT,DELTA",
            "Oem": {
                "Dell": {
                    "DellPowerSupplyView": {
                        "RedundancyStatus": "NotRedundant",
                        "RedTypeOfSet": [
                            "N+1"
                        ],
                        "RedTypeOfSet@odata.count": 1,
                        "LastSystemInventoryTime": "2025-11-06T19:28:47+00:00",
                        "Id": "PSU.Slot.1",
                        "Range1MaxInputPowerWatts": 1640,
                        "DeviceDescription": "Power Supply 1",
                        "LastUpdateTime": "2025-11-06T19:21:08+00:00",
                        "PMBusMonitoring": "Capable",
                        "RedMinNumberNeeded": 1,
                        "DetailedState": "Presence Detected",
                        "@odata.id": "/redfish/v1/Chassis/System.Embedded.1/PowerSubsystem/Oem/Dell/DellPowerSupplyInventory/PSU.Slot.1",
                        "Name": "DellPowerSupplyView",
                        "@odata.context": "/redfish/v1/$metadata#DellPowerSupplyView.DellPowerSupplyView",
                        "@odata.type": "#DellPowerSupplyView.v1_4_0.DellPowerSupplyView"
                    },
                    "@odata.context": "/redfish/v1/$metadata#DellOemPower_PowerSupplies.DellOemPower_PowerSupplies",
                    "@odata.type": "#DellOemPower_PowerSupplies.v1_0_0.DellOemPower_PowerSupplies",
                    "DellPowerSupply": {
                        "Description": "An instance of DellPowerSupply will have data specific to the Power Supply devices in the managed system.",
                        "Name": "DellPowerSupply",
                        "@odata.context": "/redfish/v1/$metadata#DellPowerSupply.DellPowerSupply",
                        "Links": {
                            "DellPSNumericSensorCollection": [
                                {
                                    "@odata.id": "/redfish/v1/Systems/System.Embedded.1/Oem/Dell/DellPSNumericSensors/iDRAC.Embedded.1_0x23_PS1Current1"
                                }
                            ],
                            "DellPSNumericSensorCollection@odata.count": 1
                        },
                        "Id": "PSU.Slot.1",
                        "@odata.id": "/redfish/v1/Chassis/System.Embedded.1/PowerSubsystem/Oem/Dell/DellPowerSupply/PSU.Slot.1",
                        "RequestedState": "NotApplicable",
                        "@odata.type": "#DellPowerSupply.v1_1_1.DellPowerSupply",
                        "IsSwitchingSupply": true,
                        "OperationalStatus": [
                            "OK"
                        ],
                        "OperationalStatus@odata.count": 1
                    }
                }
            },
            "LastPowerOutputWatts": 167.25,
            "Assembly": {
                "@odata.id": "/redfish/v1/Chassis/System.Embedded.1/Power/PowerSupplies/PSU.Slot.1/Assembly"
            },
            "Redundancy": [
                {
                    "MaxNumSupported": 1,
                    "@odata.type": "#Redundancy.v1_5_0.Redundancy",
                    "Mode": "N+m",
                    "Status": {
                        "State": "Disabled",
                        "Health": "OK"
                    },
                    "Name": "PSU Redundancy",
                    "@odata.context": "/redfish/v1/$metadata#Redundancy.Redundancy",
                    "MinNumNeeded": 1,
                    "@odata.id": "/redfish/v1/Chassis/System.Embedded.1/Power#/Redundancy/0",
                    "RedundancySet": [
                        {
                            "@odata.id": "/redfish/v1/Chassis/System.Embedded.1/Power#/PowerSupplies/0"
                        }
                    ],
                    "RedundancySet@odata.count": 1,
                    "MemberId": "0"
                }
            ],
            "Redundancy@odata.count": 1,
            "InputRanges": [
                {
                    "InputType": null,
                    "MaximumFrequencyHz": 63,
                    "MinimumFrequencyHz": 47,
                    "MinimumVoltage": 90,
                    "OutputWattage": 1500,
                    "MaximumVoltage": 264
                }
            ],
            "PowerOutputWatts": 167.25,
            "RelatedItem": [
                {
                    "@odata.id": "/redfish/v1/Chassis/System.Embedded.1"
                }
            ],
            "Name": "PS1 Status",
            "LineInputVoltage": 206.5,
            "PowerInputWatts": 182.5,
            "FirmwareVersion": "8727",
            "HotPluggable": true,
            "MemberId": "0",
            "Status": {
                "State": "Enabled",
                "Health": "OK"
            },
            "PartNumber": "0GRD17A02",
            "PowerCapacityWatts": 1500,
            "PowerSupplyType": "ACorDC",
            "SparePartNumber": "0GRD17A02",
            "EfficiencyPercent": 92.000002
        }
    ],
    "PowerSupplies@odata.count": 1,
    "Redundancy@odata.count": 1,
    "Voltages": [
        {
            "ReadingVolts": 1.099,
            "@odata.id": "/redfish/v1/Chassis/System.Embedded.1/Power#/Voltages/0",
            "Status": {
                "Health": "OK",
                "State": "Enabled"
            },
            "MemberId": "0",
            "PhysicalContext": "CPU",
            "Name": "CPU1 VCCINF VR",
            "UpperThresholdCritical": null,
            "RelatedItem": [
                {
                    "@odata.id": "/redfish/v1/Systems/System.Embedded.1/Processors/CPU.Socket.1"
                }
            ],
            "LowerThresholdNonCritical": null,
            "LowerThresholdCritical": null,
            "SensorNumber": 29
        },
        {
            "@odata.id": "/redfish/v1/Chassis/System.Embedded.1/Power#/Voltages/1",
            "MemberId": "1",
            "LowerThresholdNonCritical": null,
            "ReadingVolts": 1.097,
            "RelatedItem": [
                {
                    "@odata.id": "/redfish/v1/Systems/System.Embedded.1/Processors/CPU.Socket.0"
                }
            ],
            "Status": {
                "State": "Enabled",
                "Health": "OK"
            },
            "UpperThresholdCritical": null,
            "SensorNumber": 54,
            "LowerThresholdCritical": null,
            "Name": "CPU0 VCCD1 VR",
            "PhysicalContext": "CPU"
        },
        {
            "ReadingVolts": 0.789,
            "@odata.id": "/redfish/v1/Chassis/System.Embedded.1/Power#/Voltages/2",
            "PhysicalContext": "CPU",
            "RelatedItem": [
                {
                    "@odata.id": "/redfish/v1/Systems/System.Embedded.1/Processors/CPU.Socket.0"
                }
            ],
            "LowerThresholdNonCritical": null,
            "LowerThresholdCritical": null,
            "UpperThresholdCritical": null,
            "Status": {
                "State": "Enabled",
                "Health": "OK"
            },
            "SensorNumber": 51,
            "Name": "CPU0 VCCFA VR",
            "MemberId": "2"
        },
        {
            "RelatedItem": [
                {
                    "@odata.id": "/redfish/v1/Systems/System.Embedded.1/Processors/CPU.Socket.0"
                }
            ],
            "MemberId": "3",
            "LowerThresholdCritical": null,
            "LowerThresholdNonCritical": null,
            "Name": "CPU0 VCCINF VR",
            "SensorNumber": 52,
            "@odata.id": "/redfish/v1/Chassis/System.Embedded.1/Power#/Voltages/3",
            "UpperThresholdCritical": null,
            "PhysicalContext": "CPU",
            "Status": {
                "State": "Enabled",
                "Health": "OK"
            },
            "ReadingVolts": 1.099
        },
        {
            "ReadingVolts": 0.787,
            "MemberId": "4",
            "LowerThresholdNonCritical": null,
            "Status": {
                "Health": "OK",
                "State": "Enabled"
            },
            "LowerThresholdCritical": null,
            "UpperThresholdCritical": null,
            "SensorNumber": 28,
            "Name": "CPU1 VCCFA VR",
            "@odata.id": "/redfish/v1/Chassis/System.Embedded.1/Power#/Voltages/4",
            "PhysicalContext": "CPU",
            "RelatedItem": [
                {
                    "@odata.id": "/redfish/v1/Systems/System.Embedded.1/Processors/CPU.Socket.1"
                }
            ]
        },
        {
            "Name": "CPU0 VCCD0 VR",
            "RelatedItem": [
                {
                    "@odata.id": "/redfish/v1/Systems/System.Embedded.1/Processors/CPU.Socket.0"
                }
            ],
            "@odata.id": "/redfish/v1/Chassis/System.Embedded.1/Power#/Voltages/5",
            "LowerThresholdNonCritical": null,
            "LowerThresholdCritical": null,
            "MemberId": "5",
            "PhysicalContext": "CPU",
            "Status": {
                "State": "Enabled",
                "Health": "OK"
            },
            "SensorNumber": 53,
            "UpperThresholdCritical": null,
            "ReadingVolts": 1.066
        },
        {
            "LowerThresholdCritical": null,
            "UpperThresholdCritical": null,
            "ReadingVolts": 1.07,
            "LowerThresholdNonCritical": null,
            "@odata.id": "/redfish/v1/Chassis/System.Embedded.1/Power#/Voltages/6",
            "MemberId": "6",
            "SensorNumber": 30,
            "PhysicalContext": "CPU",
            "RelatedItem": [
                {
                    "@odata.id": "/redfish/v1/Systems/System.Embedded.1/Processors/CPU.Socket.1"
                }
            ],
            "Name": "CPU1 VCCD0 VR",
            "Status": {
                "Health": "OK",
                "State": "Enabled"
            }
        },
        {
            "RelatedItem": [
                {
                    "@odata.id": "/redfish/v1/Systems/System.Embedded.1/Processors/CPU.Socket.0"
                }
            ],
            "ReadingVolts": 1.064,
            "PhysicalContext": "CPU",
            "LowerThresholdCritical": null,
            "UpperThresholdCritical": null,
            "SensorNumber": 50,
            "Status": {
                "State": "Enabled",
                "Health": "OK"
            },
            "LowerThresholdNonCritical": null,
            "MemberId": "7",
            "Name": "CPU0 VCCIN VR",
            "@odata.id": "/redfish/v1/Chassis/System.Embedded.1/Power#/Voltages/7"
        },
        {
            "Status": {
                "Health": "OK",
                "State": "Enabled"
            },
            "ReadingVolts": 206.25,
            "@odata.id": "/redfish/v1/Chassis/System.Embedded.1/Power#/Voltages/8",
            "MemberId": "8",
            "LowerThresholdNonCritical": null,
            "LowerThresholdCritical": null,
            "RelatedItem": [
                {
                    "@odata.id": "/redfish/v1/Chassis/System.Embedded.1/PowerSubsystem/PowerSupplies/PSU.Slot.1"
                }
            ],
            "UpperThresholdCritical": null,
            "Name": "PS1 Voltage 1",
            "SensorNumber": 109,
            "PhysicalContext": "PowerSupply"
        },
        {
            "SensorNumber": 31,
            "Name": "CPU1 VCCD1 VR",
            "LowerThresholdNonCritical": null,
            "@odata.id": "/redfish/v1/Chassis/System.Embedded.1/Power#/Voltages/9",
            "RelatedItem": [
                {
                    "@odata.id": "/redfish/v1/Systems/System.Embedded.1/Processors/CPU.Socket.1"
                }
            ],
            "LowerThresholdCritical": null,
            "Status": {
                "State": "Enabled",
                "Health": "OK"
            },
            "PhysicalContext": "CPU",
            "MemberId": "9",
            "UpperThresholdCritical": null,
            "ReadingVolts": 1.099
        },
        {
            "LowerThresholdNonCritical": null,
            "PhysicalContext": "CPU",
            "SensorNumber": 55,
            "Name": "CPU1 VCCIN VR",
            "@odata.id": "/redfish/v1/Chassis/System.Embedded.1/Power#/Voltages/10",
            "UpperThresholdCritical": null,
            "MemberId": "10",
            "Status": {
                "State": "Enabled",
                "Health": "OK"
            },
            "ReadingVolts": 1.07,
            "RelatedItem": [
                {
                    "@odata.id": "/redfish/v1/Systems/System.Embedded.1/Processors/CPU.Socket.1"
                }
            ],
            "LowerThresholdCritical": null
        }
    ],
    "Voltages@odata.count": 11,
    "Description": "Power",
    "@odata.type": "#Power.v1_7_3.Power"
}