{
    "@odata.context": "/redfish/v1/$metadata#Job.Job",
    "@odata.id": "/redfish/v1/JobService/Jobs/JID_061160037797",
    "@odata.type": "#Job.v1_2_1.Job",
    "Description": "Represent a job in Redfish",
    "Id": "JID_061160037797",
    "Name": "Export Configuration",
    "JobState": "Completed",
    "JobStatus": "OK",
    "PercentComplete": 100,
    "StartTime": "2024-01-24T11:06:43-06:00",
    "EndTime": "2024-01-24T11:07:02-06:00",
    "Messages": [
        {
            "Message": "Successfully exported Server Configuration Profile",
            "MessageId": "IDRAC.2.9.SYS043",
            "MessageArgs": [],
            "MessageArgs@odata.count": 0
        }
    ],
    "Messages@odata.count": 1
}