{
    "@odata.id": "/redfish/v1/Chassis/System.Embedded.1/Sensors/PSU.Slot.1_OutputPower",
    "Status": {
        "State": "Enabled",
        "Health": "OK"
    },
    "Id": "PSU.Slot.1_OutputPower",
    "Description": "Power Supply 1 Output Power",
    "@odata.context": "/redfish/v1/$metadata#Sensor.Sensor",
    "Name": "OutputPowerSensor",
    "@odata.type": "#Sensor.v1_9_0.Sensor",
    "ReadingBasis": "Zero",
    "Reading": 141,
    "@odata.etag": "\"W/'gen-12'\"",
    "ReadingType": "Power",
    "ReadingUnits": "W",
    "PhysicalContext": "PowerSupply"
}