{
    "Description": "This resource shall be used to represent an assembly information.",
    "Id": "Enclosure.Internal.0-1_0x23_FRU",
    "Name": "DellAssembly",
    "PackageType": "CrossConnect/Backplane",
    "@odata.context": "/redfish/v1/$metadata#DellAssembly.DellAssembly",
    "@odata.etag": "W/\"gen-1\"",
    "SerialNumber": "CNFCP0055L001J",
    "DeviceFQDD": "Enclosure.Internal.0-1",
    "@odata.id": "/redfish/v1/Chassis/System.Embedded.1/Oem/Dell/DellAssembly/Enclosure.Internal.0-1_0x23_FRU",
    "@odata.type": "#DellAssembly.v1_1_0.DellAssembly"
}