{
    "Name": "Certificate Service",
    "Description": "Certificate Service",
    "@odata.etag": "W/\"gen-1\"",
    "@odata.context": "/redfish/v1/$metadata#CertificateService.CertificateService",
    "@odata.id": "/redfish/v1/CertificateService",
    "CertificateLocations": {
        "@odata.id": "/redfish/v1/CertificateService/CertificateLocations"
    },
    "Id": "CertificateService",
    "Actions": {
        "#CertificateService.ReplaceCertificate": {
            "CertificateType@Redfish.AllowableValues": [
                "PEM",
                "PKCS7"
            ],
            "target": "/redfish/v1/CertificateService/Actions/CertificateService.ReplaceCertificate"
        },
        "Oem": {
            "#DellCertificateService.GenerateCSRAndImport": {
                "target": "/redfish/v1/CertificateService/Actions/Oem/DellCertificateService.GenerateCSRAndImport"
            },
            "#DellCertificateService.GetLastGeneratedCSR": {
                "target": "/redfish/v1/CertificateService/Actions/Oem/DellCertificateService.GetLastGeneratedCSR"
            }
        },
        "#CertificateService.GenerateCSR": {
            "target": "/redfish/v1/CertificateService/Actions/CertificateService.GenerateCSR"
        }
    },
    "@odata.type": "#CertificateService.v1_0_6.CertificateService"
}