{
    "@odata.context": "/redfish/v1/$metadata#PCIeDevice.PCIeDevice",
    "@odata.etag": "\"1740158370\"",
    "@odata.id": "/redfish/v1/Chassis/System.Embedded.1/PCIeDevices/1-0",
    "@odata.type": "#PCIeDevice.v1_14_0.PCIeDevice",
    "AssetTag": null,
    "Description": "NetXtreme BCM5720 Gigabit Ethernet PCIe",
    "DeviceType": "MultiFunction",
    "FirmwareVersion": "22.91.5",
    "Id": "1-0",
    "Links": {
        "Chassis": [
            {
                "@odata.id": "/redfish/v1/Chassis/System.Embedded.1"
            }
        ],
        "Chassis@odata.count": 1,
        "Oem": {
            "Dell": {
                "@odata.type": "#DellOem.v1_3_0.DellOemLinks",
                "CPUAffinity": [],
                "CPUAffinity@odata.count": 0
            }
        },
        "PCIeFunctions": [
            {
                "@odata.id": "/redfish/v1/Chassis/System.Embedded.1/PCIeDevices/1-0/PCIeFunctions/1-0-0"
            },
            {
                "@odata.id": "/redfish/v1/Chassis/System.Embedded.1/PCIeDevices/1-0/PCIeFunctions/1-0-1"
            }
        ],
        "PCIeFunctions@odata.count": 2,
        "PCIeFunctions@Redfish.Deprecated": "Please migrate to PCIeFunctions property in the root resource."
    },
    "Manufacturer": "Broadcom Inc. and subsidiaries",
    "Model": null,
    "Name": "NetXtreme BCM5720 Gigabit Ethernet PCIe",
    "PartNumber": null,
    "SKU": null,
    "SerialNumber": null,
    "Slot": {},
    "Status": {
        "State": "Enabled",
        "Health": "OK",
        "HealthRollup": "OK"
    },
    "PCIeFunctions": {
        "@odata.id": "/redfish/v1/Chassis/System.Embedded.1/PCIeDevices/1-0/PCIeFunctions"
    }
}