{
    "FunctionMinBandwidth": [
        {
            "AllocationPercent": 0,
            "NetworkDeviceFunction": {
                "@odata.id": "/redfish/v1/Chassis/System.Embedded.1/NetworkAdapters/NIC.Slot.10/NetworkDeviceFunctions/NIC.Slot.10-1-1"
            }
        }
    ],
    "FunctionMinBandwidth@odata.count": 1,
    "@odata.id": "/redfish/v1/Chassis/System.Embedded.1/NetworkAdapters/NIC.Slot.10/Ports/NIC.Slot.10-1",
    "@odata.type": "#Port.v1_16_0.Port",
    "Ethernet": {
        "FlowControlConfiguration": "None",
        "FlowControlStatus": "None",
        "LLDPReceive": {
            "PortId": "65:74:68:65:72:6E:65:74:31:2F:31:2F:33:37",
            "PortIdSubtype": "IfName",
            "ChassisId": "20:88:10:29:3d:00",
            "ChassisIdSubtype": "MacAddr"
        },
        "WakeOnLANEnabled": false,
        "AssociatedMACAddresses": [
            "14:23:F2:3E:36:B0"
        ],
        "EEEEnabled": false
    },
    "Id": "NIC.Slot.10-1",
    "@odata.etag": "W/\"gen-1631\"",
    "LinkConfiguration": [
        {
            "AutoSpeedNegotiationEnabled": null,
            "AutoSpeedNegotiationCapable": null
        }
    ],
    "LinkConfiguration@odata.count": 1,
    "CurrentSpeedGbps": 25,
    "@odata.context": "/redfish/v1/$metadata#Port.Port",
    "Description": "Instance of Port for NIC",
    "LinkNetworkTechnology": "Ethernet",
    "Name": "Network Inteface Card(NIC) Port View",
    "LinkStatus": "LinkUp",
    "PortId": "1",
    "Status": {
        "HealthRollup": "OK",
        "State": "Enabled",
        "Health": "OK"
    },
    "Metrics": {
        "@odata.id": "/redfish/v1/Chassis/System.Embedded.1/NetworkAdapters/NIC.Slot.10/Ports/NIC.Slot.10-1/Metrics"
    },
    "FunctionMaxBandwidth": [
        {
            "NetworkDeviceFunction": {
                "@odata.id": "/redfish/v1/Chassis/System.Embedded.1/NetworkAdapters/NIC.Slot.10/NetworkDeviceFunctions/NIC.Slot.10-1-1"
            },
            "AllocationPercent": 100
        }
    ],
    "FunctionMaxBandwidth@odata.count": 1
}