{
    "@odata.etag": "W/\"gen-1\"",
    "Description": "Collection Of Network Device Function entities",
    "Members": [
        {
            "@odata.id": "/redfish/v1/Chassis/System.Embedded.1/NetworkAdapters/NIC.Slot.10/NetworkDeviceFunctions/NIC.Slot.10-3-1"
        },
        {
            "@odata.id": "/redfish/v1/Chassis/System.Embedded.1/NetworkAdapters/NIC.Slot.10/NetworkDeviceFunctions/NIC.Slot.10-4-1"
        },
        {
            "@odata.id": "/redfish/v1/Chassis/System.Embedded.1/NetworkAdapters/NIC.Slot.10/NetworkDeviceFunctions/NIC.Slot.10-1-1"
        },
        {
            "@odata.id": "/redfish/v1/Chassis/System.Embedded.1/NetworkAdapters/NIC.Slot.10/NetworkDeviceFunctions/NIC.Slot.10-2-1"
        }
    ],
    "Members@odata.count": 4,
    "Name": "Network Device Function Collection",
    "@odata.context": "/redfish/v1/$metadata#NetworkDeviceFunctionCollection.NetworkDeviceFunctionCollection",
    "@odata.type": "#NetworkDeviceFunctionCollection.NetworkDeviceFunctionCollection",
    "@odata.id": "/redfish/v1/Chassis/System.Embedded.1/NetworkAdapters/NIC.Slot.10/NetworkDeviceFunctions"
}