{
    "@odata.context": "/redfish/v1/$metadata#JsonSchemaFile.JsonSchemaFile",
    "@odata.id": "/redfish/v1/JsonSchemas/DellFCCollection",
    "@odata.type": "#JsonSchemaFile.v1_1_5.JsonSchemaFile",
    "Description": "DellFCCollection Schema File Location",
    "Id": "DellFCCollection",
    "Languages": [
        "en"
    ],
    "Languages@odata.count": 1,
    "Location": [
        {
            "Language": "en",
            "PublicationUri": "http://downloads.dell.com/redfish/bmc/schemas/DellFCCollection.json",
            "Uri": "/redfish/v1/Schemas/DellFCCollection.json"
        }
    ],
    "Location@odata.count": 1,
    "Name": "DellFCCollection Schema File",
    "Schema": "#DellFCCollection.DellFCCollection"
}