{
    "@odata.etag": "W/\"gen-2\"",
    "Name": "Firmware Update: iDRAC with Lifecycle Controller",
    "Description": "Represent a job in Redfish",
    "@odata.context": "/redfish/v1/$metadata#Job.Job",
    "Messages": [
        {
            "Message": "Job completed successfully.",
            "MessageArgs": [],
            "MessageArgs@odata.count": 1,
            "MessageId": "IDRAC.2.14.PR19"
        }
    ],
    "Messages@odata.count": 1,
    "Id": "JID_535119311629",
    "EndTime": "2025-07-25T10:15:42-05:00",
    "@odata.type": "#Job.v1_2_4.Job",
    "Oem": {
        "Dell": {
            "@odata.type": "#DellOemJob.v1_0_0.DellOemJob",
            "ActualRunningStartTime": "2025-07-26T02:03:27",
            "ActualRunningStopTime": "2025-07-25T10:15:42",
            "JobType": "FirmwareUpdate",
            "OemJobState": "Completed",
            "UntilTime": "TIME_NA",
            "@odata.context": "/redfish/v1/$metadata#DellOemJob.DellOemJob"
        }
    },
    "@odata.id": "/redfish/v1/JobService/Jobs/JID_535119311629",
    "JobState": "Completed",
    "StartTime": "2025-07-26T01:38:51-05:00",
    "JobStatus": "OK",
    "PercentComplete": 100,
    "MaxExecutionTime": "PT2H"
}