{
    "PercentComplete": 100,
    "Id": "JID_533477566685",
    "@odata.etag": "W/\"gen-2\"",
    "Messages": [
        {
            "Message": "The command was successful",
            "MessageArgs": [],
            "MessageArgs@odata.count": 1,
            "MessageId": "IDRAC.2.14.LIC900"
        }
    ],
    "Messages@odata.count": 1,
    "JobState": "Completed",
    "StartTime": "2025-07-24T04:02:36-05:00",
    "@odata.context": "/redfish/v1/$metadata#Job.Job",
    "@odata.id": "/redfish/v1/JobService/Jobs/JID_533477566685",
    "EndTime": "2025-07-24T04:02:37-05:00",
    "Name": "Import License",
    "Oem": {
        "Dell": {
            "OemJobState": "Completed",
            "UntilTime": null,
            "@odata.context": "/redfish/v1/$metadata#DellOemJob.DellOemJob",
            "@odata.type": "#DellOemJob.v1_0_0.DellOemJob",
            "ActualRunningStartTime": "2025-07-24T04:02:36",
            "ActualRunningStopTime": "2025-07-24T04:02:37",
            "JobType": "LicenseImport"
        }
    },
    "JobStatus": "OK",
    "@odata.type": "#Job.v1_2_4.Job",
    "Description": "Represent a job in Redfish",
    "MaxExecutionTime": "PT2H"
}