{
    "@odata.context": "/redfish/v1/$metadata#DellNICPortMetrics.DellNICPortMetrics",
    "@odata.id": "/redfish/v1/Chassis/System.Embedded.1/NetworkAdapters/NIC.Embedded.1/NetworkDeviceFunctions/NIC.Embedded.2-1-1/Oem/Dell/DellNICPortMetrics/NIC.Embedded.2-1-1",
    "@odata.type": "#DellNICPortMetrics.v1_1_1.DellNICPortMetrics",
    "Description": "Represents the statistics of the NIC, NIC port, or partition.",
    "DiscardedPkts": 0,
    "FCCRCErrorCount": null,
    "FCOELinkFailures": null,
    "FCOEPktRxCount": null,
    "FCOEPktTxCount": null,
    "FCOERxPktDroppedCount": null,
    "FQDD": "NIC.Embedded.2-1-1",
    "Id": "NIC.Embedded.2-1-1",
    "LanFCSRxErrors": null,
    "LanUnicastPktRXCount": null,
    "LanUnicastPktTXCount": null,
    "Name": "DellNICPortMetrics",
    "OSDriverState": "Operational",
    "PartitionLinkStatus": null,
    "PartitionOSDriverState": null,
    "RDMARxTotalBytes": null,
    "RDMARxTotalPackets": null,
    "RDMATotalProtectionErrors": null,
    "RDMATotalProtocolErrors": null,
    "RDMATxTotalBytes": null,
    "RDMATxTotalPackets": null,
    "RDMATxTotalReadReqPkts": null,
    "RDMATxTotalSendPkts": null,
    "RDMATxTotalWritePkts": null,
    "RXInputPowerStatus": null,
    "RXInputPowermW": null,
    "RxBroadcast": 0,
    "RxBytes": 0,
    "RxErrorPktAlignmentErrors": 0,
    "RxErrorPktFCSErrors": 0,
    "RxFalseCarrierDetection": null,
    "RxJabberPkt": 0,
    "RxMutlicastPackets": 0,
    "RxPauseXOFFFrames": 0,
    "RxPauseXONFrames": 0,
    "RxRuntPkt": 0,
    "RxUnicastPackets": 0,
    "StartStatisticTime": "2025-02-21T11:20:47-06:00",
    "StatisticTime": "2025-02-21T12:05:24-06:00",
    "TXBiasCurrentStatus": null,
    "TXBiasCurrentmA": null,
    "TXOutputPowerStatus": null,
    "TXOutputPowermW": null,
    "TemperatureCelsius": null,
    "TemperatureStatus": null,
    "TxBroadcast": 0,
    "TxBytes": 0,
    "TxErrorPktExcessiveCollision": 0,
    "TxErrorPktLateCollision": 0,
    "TxErrorPktMultipleCollision": 0,
    "TxErrorPktSingleCollision": 0,
    "TxMutlicastPackets": 0,
    "TxPauseXOFFFrames": 0,
    "TxPauseXONFrames": 0,
    "TxUnicastPackets": 0,
    "VoltageStatus": null,
    "VoltageValueVolts": null
}