{
    "@odata.context": "/redfish/v1/$metadata#JsonSchemaFile.JsonSchemaFile",
    "@odata.id": "/redfish/v1/JsonSchemas/Certificate",
    "@odata.type": "#JsonSchemaFile.v1_1_5.JsonSchemaFile",
    "Description": "Certificate Schema File Location",
    "Id": "Certificate",
    "Languages": [
        "en"
    ],
    "Languages@odata.count": 1,
    "Location": [
        {
            "Language": "en",
            "PublicationUri": "http://redfish.dmtf.org/schemas/v1/Certificate.json",
            "Uri": "/redfish/v1/Schemas/Certificate.json"
        }
    ],
    "Location@odata.count": 1,
    "Name": "Certificate Schema File",
    "Schema": "#Certificate.Certificate"
}