{
    "@odata.context": "/redfish/v1/$metadata#JsonSchemaFile.JsonSchemaFile",
    "@odata.id": "/redfish/v1/JsonSchemas/DellAggregationMetricValueCollection",
    "@odata.type": "#JsonSchemaFile.v1_1_4.JsonSchemaFile",
    "Description": "DellAggregationMetricValueCollection Schema File Location",
    "Id": "DellAggregationMetricValueCollection",
    "Languages": [
        "en"
    ],
    "Languages@odata.count": 1,
    "Location": [
        {
            "Language": "en",
            "PublicationUri": "http://downloads.dell.com/redfish/bmc/schemas/DellAggregationMetricValueCollection.json",
            "Uri": "/redfish/v1/Schemas/DellAggregationMetricValueCollection.json"
        }
    ],
    "Location@odata.count": 1,
    "Name": "DellAggregationMetricValueCollection Schema File",
    "Schema": "#DellAggregationMetricValueCollection.DellAggregationMetricValueCollection"
}