{
    "@odata.context": "/redfish/v1/$metadata#Power.Power",
    "@odata.id": "/redfish/v1/Chassis/System.Embedded.1/Power",
    "@odata.type": "#Power.v1_7_1.Power",
    "Name": "Power",
    "Id": "Power",
    "Description": "Power",
    "PowerControl": [
        {
            "@odata.context": "/redfish/v1/$metadata#Power.Power",
            "@odata.type": "#Power.v1_7_1.PowerControl",
            "@odata.id": "/redfish/v1/Chassis/System.Embedded.1/Power#/PowerControl/0",
            "Name": "System Power Control",
            "MemberId": "0",
            "PowerAllocatedWatts": 1536,
            "PowerAvailableWatts": 0,
            "PowerCapacityWatts": 1960.0,
            "PowerConsumedWatts": 259,
            "PowerLimit": {
                "CorrectionInMs": 0,
                "LimitException": "HardPowerOff",
                "LimitInWatts": 838
            },
            "PowerMetrics": {
                "AverageConsumedWatts": 170,
                "IntervalInMin": 1,
                "MaxConsumedWatts": 537,
                "MinConsumedWatts": 19
            },
            "PowerRequestedWatts": 1680.02978515625,
            "RelatedItem": [
                {
                    "@odata.id": "/redfish/v1/Chassis/System.Embedded.1"
                },
                {
                    "@odata.id": "/redfish/v1/Systems/System.Embedded.1"
                }
            ]
        }
    ],
    "PowerControl@odata.count": 1,
    "PowerSupplies": [
        {
            "@odata.context": "/redfish/v1/$metadata#Power.Power",
            "@odata.type": "#Power.v1_7_1.PowerSupply",
            "@odata.id": "/redfish/v1/Chassis/System.Embedded.1/Power#/PowerSupplies/0",
            "Name": "PS1 Status",
            "MemberId": "0",
            "Assembly": {
                "@odata.id": "/redfish/v1/Chassis/System.Embedded.1/Power/PowerSupplies/PSU.Slot.1/Assembly"
            },
            "FirmwareVersion": "00.2A.2A",
            "InputRanges": [
                {
                    "InputType": "AC",
                    "MaximumFrequencyHz": 63,
                    "MaximumVoltage": 264,
                    "MinimumFrequencyHz": 47,
                    "MinimumVoltage": 90,
                    "OutputWattage": 1400
                }
            ],
            "EfficiencyPercent": 91.0000026226044,
            "HotPluggable": true,
            "PowerOutputWatts": 237.75,
            "PowerInputWatts": 259.0,
            "LastPowerOutputWatts": 237.75,
            "LineInputVoltage": 208,
            "LineInputVoltageType": "AC240V",
            "Manufacturer": "DELL",
            "Model": "PWR SPLY,1400W,RDNT,ARTESYN",
            "PartNumber": "0CYHHJA01",
            "PowerCapacityWatts": 1400,
            "PowerSupplyType": "AC",
            "SerialNumber": "PHARP00162007F",
            "SparePartNumber": "0CYHHJA01",
            "Redundancy": [],
            "Redundancy@odata.count": 0,
            "RelatedItem": [
                {
                    "@odata.id": "/redfish/v1/Chassis/System.Embedded.1"
                }
            ],
            "Status": {
                "Health": "OK",
                "State": "Enabled"
            },
            "Oem": {
                "Dell": {
                    "@odata.type": "#DellOem.v1_3_0.DellOemResources",
                    "DellPowerSupply": {
                        "ActiveInputVoltage": "Unknown",
                        "ActiveInputVoltage@Redfish.Deprecated": "Please migrate to use InputNominalVoltageType under DMTF PowerSupply",
                        "Id": "PSU.Slot.1",
                        "IsSwitchingSupply": true,
                        "OperationalStatus": [
                            "OK"
                        ],
                        "OperationalStatus@odata.count": 1,
                        "RequestedState": "NotApplicable",
                        "Links": {
                            "DellPSNumericSensorCollection": [
                                {
                                    "@odata.id": "/redfish/v1/Systems/System.Embedded.1/Oem/Dell/DellPSNumericSensors/iDRAC.Embedded.1_0x23_PS1Current1"
                                }
                            ],
                            "DellPSNumericSensorCollection@odata.count": 1
                        },
                        "Name": "DellPowerSupply",
                        "@odata.context": "/redfish/v1/$metadata#DellPowerSupply.DellPowerSupply",
                        "@odata.type": "#DellPowerSupply.v1_1_1.DellPowerSupply",
                        "@odata.id": "/redfish/v1/Chassis/System.Embedded.1/Power/Oem/Dell/DellPowerSupply/PSU.Slot.1"
                    },
                    "DellPowerSupplyView": {
                        "DetailedState": "Presence Detected",
                        "DeviceDescription": "Power Supply 1",
                        "Id": "PSU.Slot.1",
                        "LastSystemInventoryTime": "2024-01-30T16:38:56+00:00",
                        "LastUpdateTime": "2024-01-30T16:43:29+00:00",
                        "Name": "DellPowerSupplyView",
                        "PMBusMonitoring": "Capable",
                        "Range1MaxInputPowerWatts": 1568,
                        "RedMinNumberNeeded": 1,
                        "RedTypeOfSet@odata.count": 2,
                        "RedTypeOfSet": [
                            "N+1",
                            "Sparing"
                        ],
                        "RedundancyStatus": "Unknown",
                        "@odata.context": "/redfish/v1/$metadata#DellPowerSupplyView.DellPowerSupplyView",
                        "@odata.type": "#DellPowerSupplyView.v1_3_0.DellPowerSupplyView",
                        "@odata.id": "/redfish/v1/Chassis/System.Embedded.1/Power/Oem/Dell/DellPowerSupplyInventory/PSU.Slot.1"
                    }
                }
            }
        }
    ],
    "PowerSupplies@odata.count": 1,
    "Redundancy": [],
    "Redundancy@odata.count": 0,
    "Voltages": [
        {
            "@odata.context": "/redfish/v1/$metadata#Power.Power",
            "@odata.type": "#Power.v1_7_1.Voltage",
            "@odata.id": "/redfish/v1/Chassis/System.Embedded.1/Power#/Voltages/0",
            "Name": "PS1 Voltage 1",
            "MemberId": "0",
            "LowerThresholdCritical": null,
            "LowerThresholdFatal": null,
            "LowerThresholdNonCritical": null,
            "PhysicalContext": "PowerSupply",
            "ReadingVolts": 208.0,
            "SensorNumber": 109,
            "RelatedItem": [
                {
                    "@odata.id": "/redfish/v1/Chassis/System.Embedded.1/Power#/PowerSupplies/0"
                }
            ],
            "Status": {
                "Health": "OK",
                "State": "Enabled"
            },
            "UpperThresholdCritical": null,
            "UpperThresholdFatal": null,
            "UpperThresholdNonCritical": null
        },
        {
            "@odata.context": "/redfish/v1/$metadata#Power.Power",
            "@odata.type": "#Power.v1_7_1.Voltage",
            "@odata.id": "/redfish/v1/Chassis/System.Embedded.1/Power#/Voltages/1",
            "Name": "System Board Pfault Fail Safe",
            "MemberId": "1",
            "LowerThresholdCritical": null,
            "LowerThresholdFatal": null,
            "LowerThresholdNonCritical": null,
            "PhysicalContext": "SystemBoard",
            "ReadingVolts": null,
            "SensorNumber": 116,
            "RelatedItem": [
                {
                    "@odata.id": "/redfish/v1/Chassis/System.Embedded.1"
                }
            ],
            "Status": {
                "Health": "OK",
                "State": "Enabled"
            },
            "UpperThresholdCritical": null,
            "UpperThresholdFatal": null,
            "UpperThresholdNonCritical": null
        },
        {
            "@odata.context": "/redfish/v1/$metadata#Power.Power",
            "@odata.type": "#Power.v1_7_1.Voltage",
            "@odata.id": "/redfish/v1/Chassis/System.Embedded.1/Power#/Voltages/2",
            "Name": "System Board DIMM VSHORT",
            "MemberId": "2",
            "LowerThresholdCritical": null,
            "LowerThresholdFatal": null,
            "LowerThresholdNonCritical": null,
            "PhysicalContext": "SystemBoard",
            "ReadingVolts": null,
            "SensorNumber": 7,
            "RelatedItem": [
                {
                    "@odata.id": "/redfish/v1/Chassis/System.Embedded.1"
                }
            ],
            "Status": {
                "Health": "OK",
                "State": "Enabled"
            },
            "UpperThresholdCritical": null,
            "UpperThresholdFatal": null,
            "UpperThresholdNonCritical": null
        },
        {
            "@odata.context": "/redfish/v1/$metadata#Power.Power",
            "@odata.type": "#Power.v1_7_1.Voltage",
            "@odata.id": "/redfish/v1/Chassis/System.Embedded.1/Power#/Voltages/3",
            "Name": "System Board PS1 PG FAIL",
            "MemberId": "3",
            "LowerThresholdCritical": null,
            "LowerThresholdFatal": null,
            "LowerThresholdNonCritical": null,
            "PhysicalContext": "SystemBoard",
            "ReadingVolts": null,
            "SensorNumber": 8,
            "RelatedItem": [
                {
                    "@odata.id": "/redfish/v1/Chassis/System.Embedded.1"
                }
            ],
            "Status": {
                "Health": "OK",
                "State": "Enabled"
            },
            "UpperThresholdCritical": null,
            "UpperThresholdFatal": null,
            "UpperThresholdNonCritical": null
        },
        {
            "@odata.context": "/redfish/v1/$metadata#Power.Power",
            "@odata.type": "#Power.v1_7_1.Voltage",
            "@odata.id": "/redfish/v1/Chassis/System.Embedded.1/Power#/Voltages/4",
            "Name": "System Board PS2 PG FAIL",
            "MemberId": "4",
            "LowerThresholdCritical": null,
            "LowerThresholdFatal": null,
            "LowerThresholdNonCritical": null,
            "PhysicalContext": "SystemBoard",
            "ReadingVolts": null,
            "SensorNumber": 9,
            "RelatedItem": [
                {
                    "@odata.id": "/redfish/v1/Chassis/System.Embedded.1"
                }
            ],
            "Status": {
                "Health": "OK",
                "State": "Enabled"
            },
            "UpperThresholdCritical": null,
            "UpperThresholdFatal": null,
            "UpperThresholdNonCritical": null
        },
        {
            "@odata.context": "/redfish/v1/$metadata#Power.Power",
            "@odata.type": "#Power.v1_7_1.Voltage",
            "@odata.id": "/redfish/v1/Chassis/System.Embedded.1/Power#/Voltages/5",
            "Name": "CPU1 MEMABCD VDD PG",
            "MemberId": "5",
            "LowerThresholdCritical": null,
            "LowerThresholdFatal": null,
            "LowerThresholdNonCritical": null,
            "PhysicalContext": "CPU",
            "ReadingVolts": null,
            "SensorNumber": 10,
            "RelatedItem": [
                {
                    "@odata.id": "/redfish/v1/Systems/System.Embedded.1/Processors/CPU.Socket.1"
                }
            ],
            "Status": {
                "Health": "OK",
                "State": "Enabled"
            },
            "UpperThresholdCritical": null,
            "UpperThresholdFatal": null,
            "UpperThresholdNonCritical": null
        },
        {
            "@odata.context": "/redfish/v1/$metadata#Power.Power",
            "@odata.type": "#Power.v1_7_1.Voltage",
            "@odata.id": "/redfish/v1/Chassis/System.Embedded.1/Power#/Voltages/6",
            "Name": "CPU1 MEMABCD VPP PG",
            "MemberId": "6",
            "LowerThresholdCritical": null,
            "LowerThresholdFatal": null,
            "LowerThresholdNonCritical": null,
            "PhysicalContext": "CPU",
            "ReadingVolts": null,
            "SensorNumber": 11,
            "RelatedItem": [
                {
                    "@odata.id": "/redfish/v1/Systems/System.Embedded.1/Processors/CPU.Socket.1"
                }
            ],
            "Status": {
                "Health": "OK",
                "State": "Enabled"
            },
            "UpperThresholdCritical": null,
            "UpperThresholdFatal": null,
            "UpperThresholdNonCritical": null
        },
        {
            "@odata.context": "/redfish/v1/$metadata#Power.Power",
            "@odata.type": "#Power.v1_7_1.Voltage",
            "@odata.id": "/redfish/v1/Chassis/System.Embedded.1/Power#/Voltages/7",
            "Name": "CPU1 MEMABCD VTT PG",
            "MemberId": "7",
            "LowerThresholdCritical": null,
            "LowerThresholdFatal": null,
            "LowerThresholdNonCritical": null,
            "PhysicalContext": "CPU",
            "ReadingVolts": null,
            "SensorNumber": 12,
            "RelatedItem": [
                {
                    "@odata.id": "/redfish/v1/Systems/System.Embedded.1/Processors/CPU.Socket.1"
                }
            ],
            "Status": {
                "Health": "OK",
                "State": "Enabled"
            },
            "UpperThresholdCritical": null,
            "UpperThresholdFatal": null,
            "UpperThresholdNonCritical": null
        },
        {
            "@odata.context": "/redfish/v1/$metadata#Power.Power",
            "@odata.type": "#Power.v1_7_1.Voltage",
            "@odata.id": "/redfish/v1/Chassis/System.Embedded.1/Power#/Voltages/8",
            "Name": "CPU1 MEMEFGH VDD PG",
            "MemberId": "8",
            "LowerThresholdCritical": null,
            "LowerThresholdFatal": null,
            "LowerThresholdNonCritical": null,
            "PhysicalContext": "CPU",
            "ReadingVolts": null,
            "SensorNumber": 13,
            "RelatedItem": [
                {
                    "@odata.id": "/redfish/v1/Systems/System.Embedded.1/Processors/CPU.Socket.1"
                }
            ],
            "Status": {
                "Health": "OK",
                "State": "Enabled"
            },
            "UpperThresholdCritical": null,
            "UpperThresholdFatal": null,
            "UpperThresholdNonCritical": null
        },
        {
            "@odata.context": "/redfish/v1/$metadata#Power.Power",
            "@odata.type": "#Power.v1_7_1.Voltage",
            "@odata.id": "/redfish/v1/Chassis/System.Embedded.1/Power#/Voltages/9",
            "Name": "CPU1 MEMEFGH VPP PG",
            "MemberId": "9",
            "LowerThresholdCritical": null,
            "LowerThresholdFatal": null,
            "LowerThresholdNonCritical": null,
            "PhysicalContext": "CPU",
            "ReadingVolts": null,
            "SensorNumber": 14,
            "RelatedItem": [
                {
                    "@odata.id": "/redfish/v1/Systems/System.Embedded.1/Processors/CPU.Socket.1"
                }
            ],
            "Status": {
                "Health": "OK",
                "State": "Enabled"
            },
            "UpperThresholdCritical": null,
            "UpperThresholdFatal": null,
            "UpperThresholdNonCritical": null
        },
        {
            "@odata.context": "/redfish/v1/$metadata#Power.Power",
            "@odata.type": "#Power.v1_7_1.Voltage",
            "@odata.id": "/redfish/v1/Chassis/System.Embedded.1/Power#/Voltages/10",
            "Name": "CPU1 MEMEFGH VTT PG",
            "MemberId": "10",
            "LowerThresholdCritical": null,
            "LowerThresholdFatal": null,
            "LowerThresholdNonCritical": null,
            "PhysicalContext": "CPU",
            "ReadingVolts": null,
            "SensorNumber": 15,
            "RelatedItem": [
                {
                    "@odata.id": "/redfish/v1/Systems/System.Embedded.1/Processors/CPU.Socket.1"
                }
            ],
            "Status": {
                "Health": "OK",
                "State": "Enabled"
            },
            "UpperThresholdCritical": null,
            "UpperThresholdFatal": null,
            "UpperThresholdNonCritical": null
        },
        {
            "@odata.context": "/redfish/v1/$metadata#Power.Power",
            "@odata.type": "#Power.v1_7_1.Voltage",
            "@odata.id": "/redfish/v1/Chassis/System.Embedded.1/Power#/Voltages/11",
            "Name": "CPU1 1P8 PG",
            "MemberId": "11",
            "LowerThresholdCritical": null,
            "LowerThresholdFatal": null,
            "LowerThresholdNonCritical": null,
            "PhysicalContext": "CPU",
            "ReadingVolts": null,
            "SensorNumber": 16,
            "RelatedItem": [
                {
                    "@odata.id": "/redfish/v1/Systems/System.Embedded.1/Processors/CPU.Socket.1"
                }
            ],
            "Status": {
                "Health": "OK",
                "State": "Enabled"
            },
            "UpperThresholdCritical": null,
            "UpperThresholdFatal": null,
            "UpperThresholdNonCritical": null
        },
        {
            "@odata.context": "/redfish/v1/$metadata#Power.Power",
            "@odata.type": "#Power.v1_7_1.Voltage",
            "@odata.id": "/redfish/v1/Chassis/System.Embedded.1/Power#/Voltages/12",
            "Name": "CPU1 ANA PG",
            "MemberId": "12",
            "LowerThresholdCritical": null,
            "LowerThresholdFatal": null,
            "LowerThresholdNonCritical": null,
            "PhysicalContext": "CPU",
            "ReadingVolts": null,
            "SensorNumber": 17,
            "RelatedItem": [
                {
                    "@odata.id": "/redfish/v1/Systems/System.Embedded.1/Processors/CPU.Socket.1"
                }
            ],
            "Status": {
                "Health": "OK",
                "State": "Enabled"
            },
            "UpperThresholdCritical": null,
            "UpperThresholdFatal": null,
            "UpperThresholdNonCritical": null
        },
        {
            "@odata.context": "/redfish/v1/$metadata#Power.Power",
            "@odata.type": "#Power.v1_7_1.Voltage",
            "@odata.id": "/redfish/v1/Chassis/System.Embedded.1/Power#/Voltages/13",
            "Name": "CPU1 VCCIN PG",
            "MemberId": "13",
            "LowerThresholdCritical": null,
            "LowerThresholdFatal": null,
            "LowerThresholdNonCritical": null,
            "PhysicalContext": "CPU",
            "ReadingVolts": null,
            "SensorNumber": 18,
            "RelatedItem": [
                {
                    "@odata.id": "/redfish/v1/Systems/System.Embedded.1/Processors/CPU.Socket.1"
                }
            ],
            "Status": {
                "Health": "OK",
                "State": "Enabled"
            },
            "UpperThresholdCritical": null,
            "UpperThresholdFatal": null,
            "UpperThresholdNonCritical": null
        },
        {
            "@odata.context": "/redfish/v1/$metadata#Power.Power",
            "@odata.type": "#Power.v1_7_1.Voltage",
            "@odata.id": "/redfish/v1/Chassis/System.Embedded.1/Power#/Voltages/14",
            "Name": "CPU1 VCCIO PG",
            "MemberId": "14",
            "LowerThresholdCritical": null,
            "LowerThresholdFatal": null,
            "LowerThresholdNonCritical": null,
            "PhysicalContext": "CPU",
            "ReadingVolts": null,
            "SensorNumber": 19,
            "RelatedItem": [
                {
                    "@odata.id": "/redfish/v1/Systems/System.Embedded.1/Processors/CPU.Socket.1"
                }
            ],
            "Status": {
                "Health": "OK",
                "State": "Enabled"
            },
            "UpperThresholdCritical": null,
            "UpperThresholdFatal": null,
            "UpperThresholdNonCritical": null
        },
        {
            "@odata.context": "/redfish/v1/$metadata#Power.Power",
            "@odata.type": "#Power.v1_7_1.Voltage",
            "@odata.id": "/redfish/v1/Chassis/System.Embedded.1/Power#/Voltages/15",
            "Name": "CPU1 VSA PG",
            "MemberId": "15",
            "LowerThresholdCritical": null,
            "LowerThresholdFatal": null,
            "LowerThresholdNonCritical": null,
            "PhysicalContext": "CPU",
            "ReadingVolts": null,
            "SensorNumber": 20,
            "RelatedItem": [
                {
                    "@odata.id": "/redfish/v1/Systems/System.Embedded.1/Processors/CPU.Socket.1"
                }
            ],
            "Status": {
                "Health": "OK",
                "State": "Enabled"
            },
            "UpperThresholdCritical": null,
            "UpperThresholdFatal": null,
            "UpperThresholdNonCritical": null
        },
        {
            "@odata.context": "/redfish/v1/$metadata#Power.Power",
            "@odata.type": "#Power.v1_7_1.Voltage",
            "@odata.id": "/redfish/v1/Chassis/System.Embedded.1/Power#/Voltages/16",
            "Name": "CPU1 FIVR PG",
            "MemberId": "16",
            "LowerThresholdCritical": null,
            "LowerThresholdFatal": null,
            "LowerThresholdNonCritical": null,
            "PhysicalContext": "CPU",
            "ReadingVolts": null,
            "SensorNumber": 21,
            "RelatedItem": [
                {
                    "@odata.id": "/redfish/v1/Systems/System.Embedded.1/Processors/CPU.Socket.1"
                }
            ],
            "Status": {
                "Health": "OK",
                "State": "Enabled"
            },
            "UpperThresholdCritical": null,
            "UpperThresholdFatal": null,
            "UpperThresholdNonCritical": null
        },
        {
            "@odata.context": "/redfish/v1/$metadata#Power.Power",
            "@odata.type": "#Power.v1_7_1.Voltage",
            "@odata.id": "/redfish/v1/Chassis/System.Embedded.1/Power#/Voltages/17",
            "Name": "CPU2 MEMABCD VDD PG",
            "MemberId": "17",
            "LowerThresholdCritical": null,
            "LowerThresholdFatal": null,
            "LowerThresholdNonCritical": null,
            "PhysicalContext": "CPU",
            "ReadingVolts": null,
            "SensorNumber": 22,
            "RelatedItem": [
                {
                    "@odata.id": "/redfish/v1/Systems/System.Embedded.1/Processors/CPU.Socket.2"
                }
            ],
            "Status": {
                "Health": "OK",
                "State": "Enabled"
            },
            "UpperThresholdCritical": null,
            "UpperThresholdFatal": null,
            "UpperThresholdNonCritical": null
        },
        {
            "@odata.context": "/redfish/v1/$metadata#Power.Power",
            "@odata.type": "#Power.v1_7_1.Voltage",
            "@odata.id": "/redfish/v1/Chassis/System.Embedded.1/Power#/Voltages/18",
            "Name": "CPU2 MEMABCD VPP PG",
            "MemberId": "18",
            "LowerThresholdCritical": null,
            "LowerThresholdFatal": null,
            "LowerThresholdNonCritical": null,
            "PhysicalContext": "CPU",
            "ReadingVolts": null,
            "SensorNumber": 23,
            "RelatedItem": [
                {
                    "@odata.id": "/redfish/v1/Systems/System.Embedded.1/Processors/CPU.Socket.2"
                }
            ],
            "Status": {
                "Health": "OK",
                "State": "Enabled"
            },
            "UpperThresholdCritical": null,
            "UpperThresholdFatal": null,
            "UpperThresholdNonCritical": null
        },
        {
            "@odata.context": "/redfish/v1/$metadata#Power.Power",
            "@odata.type": "#Power.v1_7_1.Voltage",
            "@odata.id": "/redfish/v1/Chassis/System.Embedded.1/Power#/Voltages/19",
            "Name": "CPU2 MEMABCD VTT PG",
            "MemberId": "19",
            "LowerThresholdCritical": null,
            "LowerThresholdFatal": null,
            "LowerThresholdNonCritical": null,
            "PhysicalContext": "CPU",
            "ReadingVolts": null,
            "SensorNumber": 24,
            "RelatedItem": [
                {
                    "@odata.id": "/redfish/v1/Systems/System.Embedded.1/Processors/CPU.Socket.2"
                }
            ],
            "Status": {
                "Health": "OK",
                "State": "Enabled"
            },
            "UpperThresholdCritical": null,
            "UpperThresholdFatal": null,
            "UpperThresholdNonCritical": null
        },
        {
            "@odata.context": "/redfish/v1/$metadata#Power.Power",
            "@odata.type": "#Power.v1_7_1.Voltage",
            "@odata.id": "/redfish/v1/Chassis/System.Embedded.1/Power#/Voltages/20",
            "Name": "CPU2 MEMEFGH VDD PG",
            "MemberId": "20",
            "LowerThresholdCritical": null,
            "LowerThresholdFatal": null,
            "LowerThresholdNonCritical": null,
            "PhysicalContext": "CPU",
            "ReadingVolts": null,
            "SensorNumber": 25,
            "RelatedItem": [
                {
                    "@odata.id": "/redfish/v1/Systems/System.Embedded.1/Processors/CPU.Socket.2"
                }
            ],
            "Status": {
                "Health": "OK",
                "State": "Enabled"
            },
            "UpperThresholdCritical": null,
            "UpperThresholdFatal": null,
            "UpperThresholdNonCritical": null
        },
        {
            "@odata.context": "/redfish/v1/$metadata#Power.Power",
            "@odata.type": "#Power.v1_7_1.Voltage",
            "@odata.id": "/redfish/v1/Chassis/System.Embedded.1/Power#/Voltages/21",
            "Name": "CPU2 MEMEFGH VPP PG",
            "MemberId": "21",
            "LowerThresholdCritical": null,
            "LowerThresholdFatal": null,
            "LowerThresholdNonCritical": null,
            "PhysicalContext": "CPU",
            "ReadingVolts": null,
            "SensorNumber": 26,
            "RelatedItem": [
                {
                    "@odata.id": "/redfish/v1/Systems/System.Embedded.1/Processors/CPU.Socket.2"
                }
            ],
            "Status": {
                "Health": "OK",
                "State": "Enabled"
            },
            "UpperThresholdCritical": null,
            "UpperThresholdFatal": null,
            "UpperThresholdNonCritical": null
        },
        {
            "@odata.context": "/redfish/v1/$metadata#Power.Power",
            "@odata.type": "#Power.v1_7_1.Voltage",
            "@odata.id": "/redfish/v1/Chassis/System.Embedded.1/Power#/Voltages/22",
            "Name": "CPU2 MEMEFGH VTT PG",
            "MemberId": "22",
            "LowerThresholdCritical": null,
            "LowerThresholdFatal": null,
            "LowerThresholdNonCritical": null,
            "PhysicalContext": "CPU",
            "ReadingVolts": null,
            "SensorNumber": 27,
            "RelatedItem": [
                {
                    "@odata.id": "/redfish/v1/Systems/System.Embedded.1/Processors/CPU.Socket.2"
                }
            ],
            "Status": {
                "Health": "OK",
                "State": "Enabled"
            },
            "UpperThresholdCritical": null,
            "UpperThresholdFatal": null,
            "UpperThresholdNonCritical": null
        },
        {
            "@odata.context": "/redfish/v1/$metadata#Power.Power",
            "@odata.type": "#Power.v1_7_1.Voltage",
            "@odata.id": "/redfish/v1/Chassis/System.Embedded.1/Power#/Voltages/23",
            "Name": "CPU2 1P8 PG",
            "MemberId": "23",
            "LowerThresholdCritical": null,
            "LowerThresholdFatal": null,
            "LowerThresholdNonCritical": null,
            "PhysicalContext": "CPU",
            "ReadingVolts": null,
            "SensorNumber": 28,
            "RelatedItem": [
                {
                    "@odata.id": "/redfish/v1/Systems/System.Embedded.1/Processors/CPU.Socket.2"
                }
            ],
            "Status": {
                "Health": "OK",
                "State": "Enabled"
            },
            "UpperThresholdCritical": null,
            "UpperThresholdFatal": null,
            "UpperThresholdNonCritical": null
        },
        {
            "@odata.context": "/redfish/v1/$metadata#Power.Power",
            "@odata.type": "#Power.v1_7_1.Voltage",
            "@odata.id": "/redfish/v1/Chassis/System.Embedded.1/Power#/Voltages/24",
            "Name": "CPU2 ANA PG",
            "MemberId": "24",
            "LowerThresholdCritical": null,
            "LowerThresholdFatal": null,
            "LowerThresholdNonCritical": null,
            "PhysicalContext": "CPU",
            "ReadingVolts": null,
            "SensorNumber": 29,
            "RelatedItem": [
                {
                    "@odata.id": "/redfish/v1/Systems/System.Embedded.1/Processors/CPU.Socket.2"
                }
            ],
            "Status": {
                "Health": "OK",
                "State": "Enabled"
            },
            "UpperThresholdCritical": null,
            "UpperThresholdFatal": null,
            "UpperThresholdNonCritical": null
        },
        {
            "@odata.context": "/redfish/v1/$metadata#Power.Power",
            "@odata.type": "#Power.v1_7_1.Voltage",
            "@odata.id": "/redfish/v1/Chassis/System.Embedded.1/Power#/Voltages/25",
            "Name": "CPU2 VCCIN PG",
            "MemberId": "25",
            "LowerThresholdCritical": null,
            "LowerThresholdFatal": null,
            "LowerThresholdNonCritical": null,
            "PhysicalContext": "CPU",
            "ReadingVolts": null,
            "SensorNumber": 30,
            "RelatedItem": [
                {
                    "@odata.id": "/redfish/v1/Systems/System.Embedded.1/Processors/CPU.Socket.2"
                }
            ],
            "Status": {
                "Health": "OK",
                "State": "Enabled"
            },
            "UpperThresholdCritical": null,
            "UpperThresholdFatal": null,
            "UpperThresholdNonCritical": null
        },
        {
            "@odata.context": "/redfish/v1/$metadata#Power.Power",
            "@odata.type": "#Power.v1_7_1.Voltage",
            "@odata.id": "/redfish/v1/Chassis/System.Embedded.1/Power#/Voltages/26",
            "Name": "CPU2 VCCIO PG",
            "MemberId": "26",
            "LowerThresholdCritical": null,
            "LowerThresholdFatal": null,
            "LowerThresholdNonCritical": null,
            "PhysicalContext": "CPU",
            "ReadingVolts": null,
            "SensorNumber": 31,
            "RelatedItem": [
                {
                    "@odata.id": "/redfish/v1/Systems/System.Embedded.1/Processors/CPU.Socket.2"
                }
            ],
            "Status": {
                "Health": "OK",
                "State": "Enabled"
            },
            "UpperThresholdCritical": null,
            "UpperThresholdFatal": null,
            "UpperThresholdNonCritical": null
        },
        {
            "@odata.context": "/redfish/v1/$metadata#Power.Power",
            "@odata.type": "#Power.v1_7_1.Voltage",
            "@odata.id": "/redfish/v1/Chassis/System.Embedded.1/Power#/Voltages/27",
            "Name": "CPU2 VSA PG",
            "MemberId": "27",
            "LowerThresholdCritical": null,
            "LowerThresholdFatal": null,
            "LowerThresholdNonCritical": null,
            "PhysicalContext": "CPU",
            "ReadingVolts": null,
            "SensorNumber": 32,
            "RelatedItem": [
                {
                    "@odata.id": "/redfish/v1/Systems/System.Embedded.1/Processors/CPU.Socket.2"
                }
            ],
            "Status": {
                "Health": "OK",
                "State": "Enabled"
            },
            "UpperThresholdCritical": null,
            "UpperThresholdFatal": null,
            "UpperThresholdNonCritical": null
        },
        {
            "@odata.context": "/redfish/v1/$metadata#Power.Power",
            "@odata.type": "#Power.v1_7_1.Voltage",
            "@odata.id": "/redfish/v1/Chassis/System.Embedded.1/Power#/Voltages/28",
            "Name": "CPU2 FIVR PG",
            "MemberId": "28",
            "LowerThresholdCritical": null,
            "LowerThresholdFatal": null,
            "LowerThresholdNonCritical": null,
            "PhysicalContext": "CPU",
            "ReadingVolts": null,
            "SensorNumber": 33,
            "RelatedItem": [
                {
                    "@odata.id": "/redfish/v1/Systems/System.Embedded.1/Processors/CPU.Socket.2"
                }
            ],
            "Status": {
                "Health": "OK",
                "State": "Enabled"
            },
            "UpperThresholdCritical": null,
            "UpperThresholdFatal": null,
            "UpperThresholdNonCritical": null
        },
        {
            "@odata.context": "/redfish/v1/$metadata#Power.Power",
            "@odata.type": "#Power.v1_7_1.Voltage",
            "@odata.id": "/redfish/v1/Chassis/System.Embedded.1/Power#/Voltages/29",
            "Name": "System Board BP0 PG",
            "MemberId": "29",
            "LowerThresholdCritical": null,
            "LowerThresholdFatal": null,
            "LowerThresholdNonCritical": null,
            "PhysicalContext": "SystemBoard",
            "ReadingVolts": null,
            "SensorNumber": 34,
            "RelatedItem": [
                {
                    "@odata.id": "/redfish/v1/Chassis/System.Embedded.1"
                }
            ],
            "Status": {
                "Health": "OK",
                "State": "Enabled"
            },
            "UpperThresholdCritical": null,
            "UpperThresholdFatal": null,
            "UpperThresholdNonCritical": null
        },
        {
            "@odata.context": "/redfish/v1/$metadata#Power.Power",
            "@odata.type": "#Power.v1_7_1.Voltage",
            "@odata.id": "/redfish/v1/Chassis/System.Embedded.1/Power#/Voltages/30",
            "Name": "System Board BP1 PG",
            "MemberId": "30",
            "LowerThresholdCritical": null,
            "LowerThresholdFatal": null,
            "LowerThresholdNonCritical": null,
            "PhysicalContext": "SystemBoard",
            "ReadingVolts": null,
            "SensorNumber": 35,
            "RelatedItem": [
                {
                    "@odata.id": "/redfish/v1/Chassis/System.Embedded.1"
                }
            ],
            "Status": {
                "Health": "OK",
                "State": "Enabled"
            },
            "UpperThresholdCritical": null,
            "UpperThresholdFatal": null,
            "UpperThresholdNonCritical": null
        },
        {
            "@odata.context": "/redfish/v1/$metadata#Power.Power",
            "@odata.type": "#Power.v1_7_1.Voltage",
            "@odata.id": "/redfish/v1/Chassis/System.Embedded.1/Power#/Voltages/31",
            "Name": "System Board BP3 PG",
            "MemberId": "31",
            "LowerThresholdCritical": null,
            "LowerThresholdFatal": null,
            "LowerThresholdNonCritical": null,
            "PhysicalContext": "SystemBoard",
            "ReadingVolts": null,
            "SensorNumber": 36,
            "RelatedItem": [
                {
                    "@odata.id": "/redfish/v1/Chassis/System.Embedded.1"
                }
            ],
            "Status": {
                "Health": "OK",
                "State": "Enabled"
            },
            "UpperThresholdCritical": null,
            "UpperThresholdFatal": null,
            "UpperThresholdNonCritical": null
        },
        {
            "@odata.context": "/redfish/v1/$metadata#Power.Power",
            "@odata.type": "#Power.v1_7_1.Voltage",
            "@odata.id": "/redfish/v1/Chassis/System.Embedded.1/Power#/Voltages/32",
            "Name": "System Board BP4 PG",
            "MemberId": "32",
            "LowerThresholdCritical": null,
            "LowerThresholdFatal": null,
            "LowerThresholdNonCritical": null,
            "PhysicalContext": "SystemBoard",
            "ReadingVolts": null,
            "SensorNumber": 37,
            "RelatedItem": [
                {
                    "@odata.id": "/redfish/v1/Chassis/System.Embedded.1"
                }
            ],
            "Status": {
                "Health": "OK",
                "State": "Enabled"
            },
            "UpperThresholdCritical": null,
            "UpperThresholdFatal": null,
            "UpperThresholdNonCritical": null
        },
        {
            "@odata.context": "/redfish/v1/$metadata#Power.Power",
            "@odata.type": "#Power.v1_7_1.Voltage",
            "@odata.id": "/redfish/v1/Chassis/System.Embedded.1/Power#/Voltages/33",
            "Name": "System Board 1V05 SW PG",
            "MemberId": "33",
            "LowerThresholdCritical": null,
            "LowerThresholdFatal": null,
            "LowerThresholdNonCritical": null,
            "PhysicalContext": "SystemBoard",
            "ReadingVolts": null,
            "SensorNumber": 38,
            "RelatedItem": [
                {
                    "@odata.id": "/redfish/v1/Chassis/System.Embedded.1"
                }
            ],
            "Status": {
                "Health": "OK",
                "State": "Enabled"
            },
            "UpperThresholdCritical": null,
            "UpperThresholdFatal": null,
            "UpperThresholdNonCritical": null
        },
        {
            "@odata.context": "/redfish/v1/$metadata#Power.Power",
            "@odata.type": "#Power.v1_7_1.Voltage",
            "@odata.id": "/redfish/v1/Chassis/System.Embedded.1/Power#/Voltages/34",
            "Name": "System Board 3.3V A PG",
            "MemberId": "34",
            "LowerThresholdCritical": null,
            "LowerThresholdFatal": null,
            "LowerThresholdNonCritical": null,
            "PhysicalContext": "SystemBoard",
            "ReadingVolts": null,
            "SensorNumber": 39,
            "RelatedItem": [
                {
                    "@odata.id": "/redfish/v1/Chassis/System.Embedded.1"
                }
            ],
            "Status": {
                "Health": "OK",
                "State": "Enabled"
            },
            "UpperThresholdCritical": null,
            "UpperThresholdFatal": null,
            "UpperThresholdNonCritical": null
        },
        {
            "@odata.context": "/redfish/v1/$metadata#Power.Power",
            "@odata.type": "#Power.v1_7_1.Voltage",
            "@odata.id": "/redfish/v1/Chassis/System.Embedded.1/Power#/Voltages/35",
            "Name": "System Board 5V SW PG",
            "MemberId": "35",
            "LowerThresholdCritical": null,
            "LowerThresholdFatal": null,
            "LowerThresholdNonCritical": null,
            "PhysicalContext": "SystemBoard",
            "ReadingVolts": null,
            "SensorNumber": 40,
            "RelatedItem": [
                {
                    "@odata.id": "/redfish/v1/Chassis/System.Embedded.1"
                }
            ],
            "Status": {
                "Health": "OK",
                "State": "Enabled"
            },
            "UpperThresholdCritical": null,
            "UpperThresholdFatal": null,
            "UpperThresholdNonCritical": null
        },
        {
            "@odata.context": "/redfish/v1/$metadata#Power.Power",
            "@odata.type": "#Power.v1_7_1.Voltage",
            "@odata.id": "/redfish/v1/Chassis/System.Embedded.1/Power#/Voltages/36",
            "Name": "System Board BMC SW PG",
            "MemberId": "36",
            "LowerThresholdCritical": null,
            "LowerThresholdFatal": null,
            "LowerThresholdNonCritical": null,
            "PhysicalContext": "SystemBoard",
            "ReadingVolts": null,
            "SensorNumber": 41,
            "RelatedItem": [
                {
                    "@odata.id": "/redfish/v1/Chassis/System.Embedded.1"
                }
            ],
            "Status": {
                "Health": "OK",
                "State": "Enabled"
            },
            "UpperThresholdCritical": null,
            "UpperThresholdFatal": null,
            "UpperThresholdNonCritical": null
        },
        {
            "@odata.context": "/redfish/v1/$metadata#Power.Power",
            "@odata.type": "#Power.v1_7_1.Voltage",
            "@odata.id": "/redfish/v1/Chassis/System.Embedded.1/Power#/Voltages/37",
            "Name": "System Board OCP1 PG",
            "MemberId": "37",
            "LowerThresholdCritical": null,
            "LowerThresholdFatal": null,
            "LowerThresholdNonCritical": null,
            "PhysicalContext": "SystemBoard",
            "ReadingVolts": null,
            "SensorNumber": 42,
            "RelatedItem": [
                {
                    "@odata.id": "/redfish/v1/Chassis/System.Embedded.1"
                }
            ],
            "Status": {
                "Health": "OK",
                "State": "Enabled"
            },
            "UpperThresholdCritical": null,
            "UpperThresholdFatal": null,
            "UpperThresholdNonCritical": null
        },
        {
            "@odata.context": "/redfish/v1/$metadata#Power.Power",
            "@odata.type": "#Power.v1_7_1.Voltage",
            "@odata.id": "/redfish/v1/Chassis/System.Embedded.1/Power#/Voltages/38",
            "Name": "System Board OCP1 HP SW PG",
            "MemberId": "38",
            "LowerThresholdCritical": null,
            "LowerThresholdFatal": null,
            "LowerThresholdNonCritical": null,
            "PhysicalContext": "SystemBoard",
            "ReadingVolts": null,
            "SensorNumber": 43,
            "RelatedItem": [
                {
                    "@odata.id": "/redfish/v1/Chassis/System.Embedded.1"
                }
            ],
            "Status": {
                "Health": "OK",
                "State": "Enabled"
            },
            "UpperThresholdCritical": null,
            "UpperThresholdFatal": null,
            "UpperThresholdNonCritical": null
        },
        {
            "@odata.context": "/redfish/v1/$metadata#Power.Power",
            "@odata.type": "#Power.v1_7_1.Voltage",
            "@odata.id": "/redfish/v1/Chassis/System.Embedded.1/Power#/Voltages/39",
            "Name": "System Board BATT PG",
            "MemberId": "39",
            "LowerThresholdCritical": null,
            "LowerThresholdFatal": null,
            "LowerThresholdNonCritical": null,
            "PhysicalContext": "SystemBoard",
            "ReadingVolts": null,
            "SensorNumber": 44,
            "RelatedItem": [
                {
                    "@odata.id": "/redfish/v1/Chassis/System.Embedded.1"
                }
            ],
            "Status": {
                "Health": "OK",
                "State": "Enabled"
            },
            "UpperThresholdCritical": null,
            "UpperThresholdFatal": null,
            "UpperThresholdNonCritical": null
        },
        {
            "@odata.context": "/redfish/v1/$metadata#Power.Power",
            "@odata.type": "#Power.v1_7_1.Voltage",
            "@odata.id": "/redfish/v1/Chassis/System.Embedded.1/Power#/Voltages/40",
            "Name": "System Board PVNN SW PG",
            "MemberId": "40",
            "LowerThresholdCritical": null,
            "LowerThresholdFatal": null,
            "LowerThresholdNonCritical": null,
            "PhysicalContext": "SystemBoard",
            "ReadingVolts": null,
            "SensorNumber": 45,
            "RelatedItem": [
                {
                    "@odata.id": "/redfish/v1/Chassis/System.Embedded.1"
                }
            ],
            "Status": {
                "Health": "OK",
                "State": "Enabled"
            },
            "UpperThresholdCritical": null,
            "UpperThresholdFatal": null,
            "UpperThresholdNonCritical": null
        },
        {
            "@odata.context": "/redfish/v1/$metadata#Power.Power",
            "@odata.type": "#Power.v1_7_1.Voltage",
            "@odata.id": "/redfish/v1/Chassis/System.Embedded.1/Power#/Voltages/41",
            "Name": "CPU1 VCORE VR",
            "MemberId": "41",
            "LowerThresholdCritical": null,
            "LowerThresholdFatal": null,
            "LowerThresholdNonCritical": null,
            "PhysicalContext": "CPU",
            "ReadingVolts": 1.81,
            "SensorNumber": 50,
            "RelatedItem": [
                {
                    "@odata.id": "/redfish/v1/Systems/System.Embedded.1/Processors/CPU.Socket.1"
                }
            ],
            "Status": {
                "Health": "OK",
                "State": "Enabled"
            },
            "UpperThresholdCritical": null,
            "UpperThresholdFatal": null,
            "UpperThresholdNonCritical": null
        },
        {
            "@odata.context": "/redfish/v1/$metadata#Power.Power",
            "@odata.type": "#Power.v1_7_1.Voltage",
            "@odata.id": "/redfish/v1/Chassis/System.Embedded.1/Power#/Voltages/42",
            "Name": "CPU2 VCORE VR",
            "MemberId": "42",
            "LowerThresholdCritical": null,
            "LowerThresholdFatal": null,
            "LowerThresholdNonCritical": null,
            "PhysicalContext": "CPU",
            "ReadingVolts": 1.81,
            "SensorNumber": 51,
            "RelatedItem": [
                {
                    "@odata.id": "/redfish/v1/Systems/System.Embedded.1/Processors/CPU.Socket.2"
                }
            ],
            "Status": {
                "Health": "OK",
                "State": "Enabled"
            },
            "UpperThresholdCritical": null,
            "UpperThresholdFatal": null,
            "UpperThresholdNonCritical": null
        },
        {
            "@odata.context": "/redfish/v1/$metadata#Power.Power",
            "@odata.type": "#Power.v1_7_1.Voltage",
            "@odata.id": "/redfish/v1/Chassis/System.Embedded.1/Power#/Voltages/43",
            "Name": "CPU1 MEM0123 VR",
            "MemberId": "43",
            "LowerThresholdCritical": null,
            "LowerThresholdFatal": null,
            "LowerThresholdNonCritical": null,
            "PhysicalContext": "CPU",
            "ReadingVolts": 1.22,
            "SensorNumber": 52,
            "RelatedItem": [
                {
                    "@odata.id": "/redfish/v1/Systems/System.Embedded.1/Processors/CPU.Socket.1"
                }
            ],
            "Status": {
                "Health": "OK",
                "State": "Enabled"
            },
            "UpperThresholdCritical": null,
            "UpperThresholdFatal": null,
            "UpperThresholdNonCritical": null
        },
        {
            "@odata.context": "/redfish/v1/$metadata#Power.Power",
            "@odata.type": "#Power.v1_7_1.Voltage",
            "@odata.id": "/redfish/v1/Chassis/System.Embedded.1/Power#/Voltages/44",
            "Name": "CPU1 MEM4567 VR",
            "MemberId": "44",
            "LowerThresholdCritical": null,
            "LowerThresholdFatal": null,
            "LowerThresholdNonCritical": null,
            "PhysicalContext": "CPU",
            "ReadingVolts": 1.22,
            "SensorNumber": 53,
            "RelatedItem": [
                {
                    "@odata.id": "/redfish/v1/Systems/System.Embedded.1/Processors/CPU.Socket.1"
                }
            ],
            "Status": {
                "Health": "OK",
                "State": "Enabled"
            },
            "UpperThresholdCritical": null,
            "UpperThresholdFatal": null,
            "UpperThresholdNonCritical": null
        },
        {
            "@odata.context": "/redfish/v1/$metadata#Power.Power",
            "@odata.type": "#Power.v1_7_1.Voltage",
            "@odata.id": "/redfish/v1/Chassis/System.Embedded.1/Power#/Voltages/45",
            "Name": "CPU2 MEM0123 VR",
            "MemberId": "45",
            "LowerThresholdCritical": null,
            "LowerThresholdFatal": null,
            "LowerThresholdNonCritical": null,
            "PhysicalContext": "CPU",
            "ReadingVolts": 1.22,
            "SensorNumber": 54,
            "RelatedItem": [
                {
                    "@odata.id": "/redfish/v1/Systems/System.Embedded.1/Processors/CPU.Socket.2"
                }
            ],
            "Status": {
                "Health": "OK",
                "State": "Enabled"
            },
            "UpperThresholdCritical": null,
            "UpperThresholdFatal": null,
            "UpperThresholdNonCritical": null
        },
        {
            "@odata.context": "/redfish/v1/$metadata#Power.Power",
            "@odata.type": "#Power.v1_7_1.Voltage",
            "@odata.id": "/redfish/v1/Chassis/System.Embedded.1/Power#/Voltages/46",
            "Name": "CPU2 MEM4567 VR",
            "MemberId": "46",
            "LowerThresholdCritical": null,
            "LowerThresholdFatal": null,
            "LowerThresholdNonCritical": null,
            "PhysicalContext": "CPU",
            "ReadingVolts": 1.22,
            "SensorNumber": 55,
            "RelatedItem": [
                {
                    "@odata.id": "/redfish/v1/Systems/System.Embedded.1/Processors/CPU.Socket.2"
                }
            ],
            "Status": {
                "Health": "OK",
                "State": "Enabled"
            },
            "UpperThresholdCritical": null,
            "UpperThresholdFatal": null,
            "UpperThresholdNonCritical": null
        }
    ],
    "Voltages@odata.count": 47
}