{
    "@odata.context": "/redfish/v1/$metadata#Job.Job",
    "@odata.id": "/redfish/v1/JobService/Jobs/JID_056718761220",
    "@odata.type": "#Job.v1_2_1.Job",
    "Description": "Represent a job in Redfish",
    "Id": "JID_056718761220",
    "Name": "Repository Update",
    "JobState": "Completed",
    "JobStatus": "OK",
    "PercentComplete": 100,
    "StartTime": "2024-01-19T07:44:36-06:00",
    "EndTime": "2024-01-19T08:05:01-06:00",
    "Messages": [
        {
            "Message": "Job completed successfully.",
            "MessageId": "IDRAC.2.9.RED001",
            "MessageArgs": [
                "NA"
            ],
            "MessageArgs@odata.count": 1
        }
    ],
    "Messages@odata.count": 1
}