{
    "@odata.type": "#Sensor.v1_9_0.Sensor",
    "Thresholds": {
        "LowerCritical": {
            "Reading": null
        },
        "UpperCaution": {
            "Reading": null
        },
        "UpperCritical": {
            "Reading": null
        },
        "LowerCaution": {
            "Reading": null
        }
    },
    "ReadingRangeMax": null,
    "@odata.context": "/redfish/v1/$metadata#Sensor.Sensor",
    "Reading": 119.875,
    "Oem": {
        "Dell": {
            "@odata.context": "/redfish/v1/$metadata#DellOemSensor.DellOemSensor",
            "@odata.type": "#DellOemSensor.v1_1_0.DellOemSensor",
            "CurrentState": "Normal",
            "DeviceID": "iDRAC.Embedded.1#PS2Voltage",
            "PossibleStates": [
                "Unknown",
                "Fatal",
                "Normal",
                "Upper Fatal",
                "Upper Critical",
                "Upper Non-Critical",
                "Lower Non-Critical",
                "Lower Critical",
                "Lower Fatal"
            ],
            "PossibleStates@odata.count": 9,
            "RequestedState": "NotApplicable"
        }
    },
    "ReadingUnits": "V",
    "@odata.id": "/redfish/v1/Chassis/System.Embedded.1/Sensors/PS2Voltage",
    "ReadingType": "Voltage",
    "Status": {
        "State": "Enabled",
        "Health": "OK"
    },
    "PhysicalContext": "PowerSupply",
    "Description": "Instance of Sensor Id",
    "ReadingBasis": "Zero",
    "Name": "PS2 Voltage 2",
    "ReadingRangeMin": null,
    "@odata.etag": "\"W/'gen-6'\"",
    "Id": "PS2Voltage"
}