{
    "@odata.context": "/redfish/v1/$metadata#JsonSchemaFile.JsonSchemaFile",
    "@odata.id": "/redfish/v1/JsonSchemas/AttributeRegistry",
    "@odata.type": "#JsonSchemaFile.v1_1_4.JsonSchemaFile",
    "Description": "AttributeRegistry Schema File Location",
    "Id": "AttributeRegistry",
    "Languages": [
        "en"
    ],
    "Languages@odata.count": 1,
    "Location": [
        {
            "Language": "en",
            "PublicationUri": "http://redfish.dmtf.org/schemas/v1/AttributeRegistry.json",
            "Uri": "/redfish/v1/Schemas/AttributeRegistry.json"
        }
    ],
    "Location@odata.count": 1,
    "Name": "AttributeRegistry Schema File",
    "Schema": "#AttributeRegistry.AttributeRegistry"
}