{
    "@odata.context": "/redfish/v1/$metadata#JsonSchemaFile.JsonSchemaFile",
    "@odata.id": "/redfish/v1/JsonSchemas/DellInfiniBand.v1_3_0",
    "@odata.type": "#JsonSchemaFile.v1_1_4.JsonSchemaFile",
    "Description": "DellInfiniBand Schema File Location",
    "Id": "DellInfiniBand.v1_3_0",
    "Languages": [
        "en"
    ],
    "Languages@odata.count": 1,
    "Location": [
        {
            "Language": "en",
            "PublicationUri": "http://downloads.dell.com/redfish/bmc/schemas/DellInfiniBand.v1_3_0.json",
            "Uri": "/redfish/v1/Schemas/DellInfiniBand.v1_3_0.json"
        }
    ],
    "Location@odata.count": 1,
    "Name": "DellInfiniBand Schema File",
    "Schema": "#DellInfiniBand.v1_3_0.DellInfiniBand"
}