{
    "@odata.etag": "W/\"gen-1\"",
    "Assemblies": [
        {
            "Vendor": "DELL",
            "Producer": "DELL",
            "SerialNumber": "CNFCP0055L001J",
            "MemberId": "0",
            "EngineeringChangeLevel": "X20",
            "Model": "DRIVE BACKPLANE",
            "PartNumber": "0W1Y0C",
            "Oem": {
                "Dell": {
                    "SlotCount": 8,
                    "DellAssembly": {
                        "Description": "This resource shall be used to represent an assembly information.",
                        "Id": "Enclosure.Internal.0-1_0x23_FRU",
                        "Name": "DellAssembly",
                        "PackageType": "CrossConnect/Backplane",
                        "@odata.context": "/redfish/v1/$metadata#DellAssembly.DellAssembly",
                        "SerialNumber": "CNFCP0055L001J",
                        "DeviceFQDD": "Enclosure.Internal.0-1",
                        "@odata.id": "/redfish/v1/Chassis/System.Embedded.1/Oem/Dell/DellAssembly/Enclosure.Internal.0-1_0x23_FRU",
                        "@odata.type": "#DellAssembly.v1_1_0.DellAssembly"
                    },
                    "BayId": 1,
                    "FormFactor": "E3.S",
                    "FirmwareVersion": "1.77",
                    "Location": 1,
                    "PICPowerIndex": 5,
                    "@odata.context": "/redfish/v1/$metadata#DellOemAssembly.DellOemAssembly",
                    "Type": "Backplane",
                    "@odata.type": "#DellOemAssembly.v1_1_0.DellOemAssemblyLinks"
                }
            },
            "Description": "DRIVE BACKPLANE",
            "@odata.id": "/redfish/v1/Chassis/System.Embedded.1/Assembly#/Assemblies/0",
            "ProductionDate": "2025-05-27T02:10:00Z",
            "Name": "BP1 FRU"
        },
        {
            "SerialNumber": "CNFCP0055F0003",
            "Description": "DRIVE BACKPLANE",
            "MemberId": "1",
            "Model": "DRIVE BACKPLANE",
            "EngineeringChangeLevel": "X20",
            "PartNumber": "0D9F8K",
            "Producer": "DELL",
            "ProductionDate": "2025-05-21T14:08:00Z",
            "Oem": {
                "Dell": {
                    "SlotCount": 8,
                    "Location": 1,
                    "DellAssembly": {
                        "@odata.id": "/redfish/v1/Chassis/System.Embedded.1/Oem/Dell/DellAssembly/Enclosure.Internal.0-2_0x23_FRU",
                        "Description": "This resource shall be used to represent an assembly information.",
                        "DeviceFQDD": "Enclosure.Internal.0-2",
                        "Id": "Enclosure.Internal.0-2_0x23_FRU",
                        "SerialNumber": "CNFCP0055F0003",
                        "PackageType": "CrossConnect/Backplane",
                        "Name": "DellAssembly",
                        "@odata.type": "#DellAssembly.v1_1_0.DellAssembly",
                        "@odata.context": "/redfish/v1/$metadata#DellAssembly.DellAssembly"
                    },
                    "FormFactor": "E3.S",
                    "@odata.type": "#DellOemAssembly.v1_1_0.DellOemAssemblyLinks",
                    "FirmwareVersion": "1.77",
                    "PICPowerIndex": 6,
                    "@odata.context": "/redfish/v1/$metadata#DellOemAssembly.DellOemAssembly",
                    "Type": "Backplane",
                    "BayId": 2
                }
            },
            "Vendor": "DELL",
            "@odata.id": "/redfish/v1/Chassis/System.Embedded.1/Assembly#/Assemblies/1",
            "Name": "BP2 FRU"
        },
        {
            "PartNumber": "0MY1G0",
            "Name": "BP3 FRU",
            "Oem": {
                "Dell": {
                    "Location": 1,
                    "@odata.context": "/redfish/v1/$metadata#DellOemAssembly.DellOemAssembly",
                    "DellAssembly": {
                        "@odata.type": "#DellAssembly.v1_1_0.DellAssembly",
                        "SerialNumber": "CNFCP0055F001F",
                        "@odata.context": "/redfish/v1/$metadata#DellAssembly.DellAssembly",
                        "Id": "Enclosure.Internal.0-3_0x23_FRU",
                        "PackageType": "CrossConnect/Backplane",
                        "DeviceFQDD": "Enclosure.Internal.0-3",
                        "Name": "DellAssembly",
                        "Description": "This resource shall be used to represent an assembly information.",
                        "@odata.id": "/redfish/v1/Chassis/System.Embedded.1/Oem/Dell/DellAssembly/Enclosure.Internal.0-3_0x23_FRU"
                    },
                    "BayId": 3,
                    "FormFactor": "E3.S",
                    "PICPowerIndex": 1,
                    "SlotCount": 8,
                    "@odata.type": "#DellOemAssembly.v1_1_0.DellOemAssemblyLinks",
                    "FirmwareVersion": "1.77",
                    "Type": "Backplane"
                }
            },
            "Producer": "DELL",
            "@odata.id": "/redfish/v1/Chassis/System.Embedded.1/Assembly#/Assemblies/2",
            "SerialNumber": "CNFCP0055F001F",
            "Vendor": "DELL",
            "Description": "DRIVE BACKPLANE",
            "Model": "DRIVE BACKPLANE",
            "ProductionDate": "2025-05-29T19:40:00Z",
            "MemberId": "2",
            "EngineeringChangeLevel": "X20"
        },
        {
            "PartNumber": "0TVPR9",
            "Description": "DRIVE BACKPLANE",
            "MemberId": "3",
            "Oem": {
                "Dell": {
                    "FirmwareVersion": "1.77",
                    "@odata.context": "/redfish/v1/$metadata#DellOemAssembly.DellOemAssembly",
                    "DellAssembly": {
                        "@odata.id": "/redfish/v1/Chassis/System.Embedded.1/Oem/Dell/DellAssembly/Enclosure.Internal.0-4_0x23_FRU",
                        "@odata.type": "#DellAssembly.v1_1_0.DellAssembly",
                        "@odata.context": "/redfish/v1/$metadata#DellAssembly.DellAssembly",
                        "Id": "Enclosure.Internal.0-4_0x23_FRU",
                        "PackageType": "CrossConnect/Backplane",
                        "DeviceFQDD": "Enclosure.Internal.0-4",
                        "Name": "DellAssembly",
                        "Description": "This resource shall be used to represent an assembly information.",
                        "SerialNumber": "CNFCP0055F000N"
                    },
                    "Type": "Backplane",
                    "Location": 1,
                    "BayId": 4,
                    "FormFactor": "E3.S",
                    "SlotCount": 8,
                    "@odata.type": "#DellOemAssembly.v1_1_0.DellOemAssemblyLinks",
                    "PICPowerIndex": 2
                }
            },
            "Name": "BP4 FRU",
            "Producer": "DELL",
            "@odata.id": "/redfish/v1/Chassis/System.Embedded.1/Assembly#/Assemblies/3",
            "ProductionDate": "2025-05-22T17:58:00Z",
            "SerialNumber": "CNFCP0055F000N",
            "Vendor": "DELL",
            "EngineeringChangeLevel": "X20",
            "Model": "DRIVE BACKPLANE"
        },
        {
            "MemberId": "4",
            "SerialNumber": "CNFCP0055F0022",
            "Vendor": "DELL",
            "Model": "DRIVE BACKPLANE",
            "@odata.id": "/redfish/v1/Chassis/System.Embedded.1/Assembly#/Assemblies/4",
            "PartNumber": "0KKK30",
            "Producer": "DELL",
            "EngineeringChangeLevel": "X20",
            "ProductionDate": "2025-05-23T09:45:00Z",
            "Oem": {
                "Dell": {
                    "@odata.type": "#DellOemAssembly.v1_1_0.DellOemAssemblyLinks",
                    "PICPowerIndex": 23,
                    "FirmwareVersion": "1.77",
                    "BayId": 5,
                    "DellAssembly": {
                        "Description": "This resource shall be used to represent an assembly information.",
                        "@odata.context": "/redfish/v1/$metadata#DellAssembly.DellAssembly",
                        "@odata.type": "#DellAssembly.v1_1_0.DellAssembly",
                        "DeviceFQDD": "Enclosure.Internal.0-5",
                        "Name": "DellAssembly",
                        "Id": "Enclosure.Internal.0-5_0x23_FRU",
                        "PackageType": "CrossConnect/Backplane",
                        "SerialNumber": "CNFCP0055F0022",
                        "@odata.id": "/redfish/v1/Chassis/System.Embedded.1/Oem/Dell/DellAssembly/Enclosure.Internal.0-5_0x23_FRU"
                    },
                    "FormFactor": "E3.S",
                    "Location": 1,
                    "SlotCount": 8,
                    "Type": "Backplane",
                    "@odata.context": "/redfish/v1/$metadata#DellOemAssembly.DellOemAssembly"
                }
            },
            "Name": "BP5 FRU",
            "Description": "DRIVE BACKPLANE"
        },
        {
            "Description": "DDR5 DIMM",
            "Model": "DDR5 DIMM",
            "ProductionDate": "2023-11-13T06:00:00Z",
            "MemberId": "5",
            "PartNumber": "HMCG88AHBRA286N",
            "@odata.id": "/redfish/v1/Chassis/System.Embedded.1/Assembly#/Assemblies/5",
            "EngineeringChangeLevel": "",
            "Name": "DIMM.Socket.A1#FRU",
            "SerialNumber": "468E12E1",
            "Vendor": "DELL",
            "Oem": {
                "Dell": {
                    "@odata.context": "/redfish/v1/$metadata#DellOemAssembly.DellOemAssembly",
                    "@odata.type": "#DellOemAssembly.v1_1_0.DellOemAssemblyLinks",
                    "DellAssembly": {
                        "DeviceFQDD": "DIMM.Socket.A1",
                        "@odata.type": "#DellAssembly.v1_1_0.DellAssembly",
                        "SerialNumber": "468E12E1",
                        "@odata.context": "/redfish/v1/$metadata#DellAssembly.DellAssembly",
                        "PackageType": "Memory",
                        "Description": "This resource shall be used to represent an assembly information.",
                        "Id": "DIMM.Socket.A1_0x23_FRU",
                        "Name": "DellAssembly",
                        "@odata.id": "/redfish/v1/Chassis/System.Embedded.1/Oem/Dell/DellAssembly/DIMM.Socket.A1_0x23_FRU"
                    }
                }
            },
            "Producer": "Hynix Semiconductor"
        },
        {
            "MemberId": "6",
            "ProductionDate": "2024-11-09T18:00:00Z",
            "Producer": "Dell",
            "PartNumber": "059Y5J",
            "EngineeringChangeLevel": "A00",
            "Model": "Dell DC NVMe CD8P E3.S 1.92TB",
            "@odata.id": "/redfish/v1/Chassis/System.Embedded.1/Assembly#/Assemblies/6",
            "Vendor": "DELL",
            "Description": "Dell DC NVMe CD8P E3.S 1.92TB",
            "SerialNumber": "PHTBPKK4BA03P9",
            "Oem": {
                "Dell": {
                    "@odata.context": "/redfish/v1/$metadata#DellOemAssembly.DellOemAssembly",
                    "@odata.type": "#DellOemAssembly.v1_1_0.DellOemAssemblyLinks",
                    "DellAssembly": {
                        "PackageType": "StorageMediaPackage(E.GDiskOrTapeDrive)",
                        "@odata.context": "/redfish/v1/$metadata#DellAssembly.DellAssembly",
                        "Name": "DellAssembly",
                        "@odata.type": "#DellAssembly.v1_1_0.DellAssembly",
                        "Id": "Disk.Bay.0:Enclosure.Internal.0-1_0x23_FRU",
                        "Description": "This resource shall be used to represent an assembly information.",
                        "DeviceFQDD": "Disk.Bay.0:Enclosure.Internal.0-1",
                        "SerialNumber": "PHTBPKK4BA03P9",
                        "@odata.id": "/redfish/v1/Chassis/System.Embedded.1/Oem/Dell/DellAssembly/Disk.Bay.0_Enclosure.Internal.0-1_0x23_FRU"
                    }
                }
            },
            "Name": "Disk.Bay.0:Enclosure.Internal.0-1#FRU"
        },
        {
            "Vendor": "DELL",
            "Name": "SystemHPM.Embedded.1#FRU",
            "MemberId": "7",
            "Model": "HPM",
            "PartNumber": "0WV6RW",
            "Description": "HPM",
            "SerialNumber": "CNFCP0055C003K",
            "@odata.id": "/redfish/v1/Chassis/System.Embedded.1/Assembly#/Assemblies/7",
            "Producer": "DELL",
            "Oem": {
                "Dell": {
                    "@odata.type": "#DellOemAssembly.v1_1_0.DellOemAssemblyLinks",
                    "DellAssembly": {
                        "SerialNumber": "CNFCP0055C003K",
                        "PackageType": "Module/Card",
                        "Name": "DellAssembly",
                        "@odata.type": "#DellAssembly.v1_1_0.DellAssembly",
                        "Id": "SystemHPM.Embedded.1_0x23_FRU",
                        "@odata.id": "/redfish/v1/Chassis/System.Embedded.1/Oem/Dell/DellAssembly/SystemHPM.Embedded.1_0x23_FRU",
                        "@odata.context": "/redfish/v1/$metadata#DellAssembly.DellAssembly",
                        "DeviceFQDD": "SystemHPM.Embedded.1",
                        "Description": "This resource shall be used to represent an assembly information."
                    },
                    "@odata.context": "/redfish/v1/$metadata#DellOemAssembly.DellOemAssembly"
                }
            },
            "EngineeringChangeLevel": "A00",
            "ProductionDate": "2025-05-27T04:09:00Z"
        },
        {
            "ProductionDate": "2022-12-16T07:59:00Z",
            "Oem": {
                "Dell": {
                    "DellAssembly": {
                        "PackageType": "Module/Card",
                        "@odata.context": "/redfish/v1/$metadata#DellAssembly.DellAssembly",
                        "@odata.id": "/redfish/v1/Chassis/System.Embedded.1/Oem/Dell/DellAssembly/NIC.Slot.10_0x23_FRU",
                        "@odata.type": "#DellAssembly.v1_1_0.DellAssembly",
                        "SerialNumber": "VNFCBBA2CD04S3",
                        "DeviceFQDD": "NIC.Slot.10",
                        "Description": "This resource shall be used to represent an assembly information.",
                        "Name": "DellAssembly",
                        "Id": "NIC.Slot.10_0x23_FRU"
                    },
                    "@odata.context": "/redfish/v1/$metadata#DellOemAssembly.DellOemAssembly",
                    "@odata.type": "#DellOemAssembly.v1_1_0.DellOemAssemblyLinks"
                }
            },
            "PartNumber": "03Y64D",
            "MemberId": "8",
            "Producer": "DELL",
            "@odata.id": "/redfish/v1/Chassis/System.Embedded.1/Assembly#/Assemblies/8",
            "Name": "NIC.Slot.10#FRU",
            "Model": "BRCM 4P 25G SFP 57504S OCP NIC",
            "Vendor": "DELL",
            "EngineeringChangeLevel": "A00",
            "Description": "BRCM 4P 25G SFP 57504S OCP NIC",
            "SerialNumber": "VNFCBBA2CD04S3"
        },
        {
            "SerialNumber": "CNDED0051E00VY",
            "Vendor": "DELL",
            "EngineeringChangeLevel": "A02",
            "Description": "PWR SPLY,1500W,RDNT,DELTA",
            "Producer": "DELL",
            "Name": "PSU.Slot.1#FRU",
            "MemberId": "9",
            "@odata.id": "/redfish/v1/Chassis/System.Embedded.1/Assembly#/Assemblies/9",
            "Model": "PWR SPLY,1500W,RDNT,DELTA",
            "Oem": {
                "Dell": {
                    "@odata.type": "#DellOemAssembly.v1_1_0.DellOemAssemblyLinks",
                    "DellAssembly": {
                        "Id": "PSU.Slot.1_0x23_FRU",
                        "@odata.id": "/redfish/v1/Chassis/System.Embedded.1/Oem/Dell/DellAssembly/PSU.Slot.1_0x23_FRU",
                        "Name": "DellAssembly",
                        "@odata.type": "#DellAssembly.v1_1_0.DellAssembly",
                        "SerialNumber": "CNDED0051E00VY",
                        "Description": "This resource shall be used to represent an assembly information.",
                        "PackageType": "PowerSupply",
                        "@odata.context": "/redfish/v1/$metadata#DellAssembly.DellAssembly",
                        "DeviceFQDD": "PSU.Slot.1"
                    },
                    "@odata.context": "/redfish/v1/$metadata#DellOemAssembly.DellOemAssembly"
                }
            },
            "PartNumber": "0GRD17",
            "ProductionDate": null
        },
        {
            "@odata.id": "/redfish/v1/Chassis/System.Embedded.1/Assembly#/Assemblies/10",
            "EngineeringChangeLevel": "A00",
            "Oem": {
                "Dell": {
                    "@odata.context": "/redfish/v1/$metadata#DellOemAssembly.DellOemAssembly",
                    "@odata.type": "#DellOemAssembly.v1_1_0.DellOemAssemblyLinks",
                    "DellAssembly": {
                        "@odata.type": "#DellAssembly.v1_1_0.DellAssembly",
                        "PackageType": "Module/Card",
                        "@odata.id": "/redfish/v1/Chassis/System.Embedded.1/Oem/Dell/DellAssembly/RFC.Integrated.1_0x23_FRU",
                        "Description": "This resource shall be used to represent an assembly information.",
                        "Id": "RFC.Integrated.1_0x23_FRU",
                        "@odata.context": "/redfish/v1/$metadata#DellAssembly.DellAssembly",
                        "DeviceFQDD": "RFC.Integrated.1",
                        "SerialNumber": "05FANBRD",
                        "Name": "DellAssembly"
                    }
                }
            },
            "Model": "",
            "Description": "",
            "ProductionDate": null,
            "MemberId": "10",
            "Name": "RFC.Integrated.1#FRU",
            "PartNumber": "0Y516W",
            "Producer": "",
            "SerialNumber": "05FANBRD",
            "Vendor": "DELL"
        },
        {
            "Oem": {
                "Dell": {
                    "DellAssembly": {
                        "Id": "RSR.Integrated.11_0x23_FRU",
                        "@odata.type": "#DellAssembly.v1_1_0.DellAssembly",
                        "@odata.context": "/redfish/v1/$metadata#DellAssembly.DellAssembly",
                        "SerialNumber": "23R5e",
                        "Description": "This resource shall be used to represent an assembly information.",
                        "Name": "DellAssembly",
                        "@odata.id": "/redfish/v1/Chassis/System.Embedded.1/Oem/Dell/DellAssembly/RSR.Integrated.11_0x23_FRU",
                        "PackageType": "Module/Card",
                        "DeviceFQDD": "RSR.Integrated.11"
                    },
                    "ModuleClass": 3,
                    "HardwareId": 163,
                    "FirmwareMinor": 0,
                    "EndpointCount": 1,
                    "@odata.type": "#DellOemAssembly.v1_1_0.DellOemAssemblyLinks",
                    "Type": "Riser",
                    "@odata.context": "/redfish/v1/$metadata#DellOemAssembly.DellOemAssembly",
                    "PICPowerIndex": 11,
                    "FirmwareMajor": 0
                }
            },
            "ProductionDate": null,
            "EngineeringChangeLevel": "A00",
            "PartNumber": "0D99RJ",
            "Description": "",
            "SerialNumber": "23R5e",
            "Vendor": "DELL",
            "Name": "RSR11 FRU",
            "@odata.id": "/redfish/v1/Chassis/System.Embedded.1/Assembly#/Assemblies/11",
            "MemberId": "11"
        },
        {
            "MemberId": "12",
            "@odata.id": "/redfish/v1/Chassis/System.Embedded.1/Assembly#/Assemblies/12",
            "EngineeringChangeLevel": "A00",
            "SerialNumber": "23R5e",
            "Description": "",
            "Oem": {
                "Dell": {
                    "ModuleClass": 3,
                    "FirmwareMinor": 0,
                    "@odata.context": "/redfish/v1/$metadata#DellOemAssembly.DellOemAssembly",
                    "Type": "Riser",
                    "PICPowerIndex": 12,
                    "@odata.type": "#DellOemAssembly.v1_1_0.DellOemAssemblyLinks",
                    "HardwareId": 163,
                    "FirmwareMajor": 0,
                    "DellAssembly": {
                        "Description": "This resource shall be used to represent an assembly information.",
                        "DeviceFQDD": "RSR.Integrated.12",
                        "@odata.context": "/redfish/v1/$metadata#DellAssembly.DellAssembly",
                        "@odata.type": "#DellAssembly.v1_1_0.DellAssembly",
                        "PackageType": "Module/Card",
                        "Name": "DellAssembly",
                        "Id": "RSR.Integrated.12_0x23_FRU",
                        "SerialNumber": "23R5e",
                        "@odata.id": "/redfish/v1/Chassis/System.Embedded.1/Oem/Dell/DellAssembly/RSR.Integrated.12_0x23_FRU"
                    },
                    "EndpointCount": 1
                }
            },
            "ProductionDate": null,
            "PartNumber": "0D99RJ",
            "Name": "RSR12 FRU",
            "Vendor": "DELL"
        },
        {
            "MemberId": "13",
            "Vendor": "DELL",
            "Description": "",
            "@odata.id": "/redfish/v1/Chassis/System.Embedded.1/Assembly#/Assemblies/13",
            "Name": "RSR15 FRU",
            "ProductionDate": null,
            "EngineeringChangeLevel": "A00",
            "SerialNumber": "26R3b",
            "Oem": {
                "Dell": {
                    "FirmwareMajor": 0,
                    "HardwareId": 163,
                    "ModuleClass": 3,
                    "@odata.context": "/redfish/v1/$metadata#DellOemAssembly.DellOemAssembly",
                    "Type": "Riser",
                    "FirmwareMinor": 0,
                    "EndpointCount": 1,
                    "PICPowerIndex": 15,
                    "@odata.type": "#DellOemAssembly.v1_1_0.DellOemAssemblyLinks",
                    "DellAssembly": {
                        "DeviceFQDD": "RSR.Integrated.15",
                        "Id": "RSR.Integrated.15_0x23_FRU",
                        "SerialNumber": "26R3b",
                        "Name": "DellAssembly",
                        "@odata.type": "#DellAssembly.v1_1_0.DellAssembly",
                        "Description": "This resource shall be used to represent an assembly information.",
                        "PackageType": "Module/Card",
                        "@odata.id": "/redfish/v1/Chassis/System.Embedded.1/Oem/Dell/DellAssembly/RSR.Integrated.15_0x23_FRU",
                        "@odata.context": "/redfish/v1/$metadata#DellAssembly.DellAssembly"
                    }
                }
            },
            "PartNumber": "05YM74"
        },
        {
            "SerialNumber": "05R1b",
            "@odata.id": "/redfish/v1/Chassis/System.Embedded.1/Assembly#/Assemblies/14",
            "EngineeringChangeLevel": "A00",
            "MemberId": "14",
            "ProductionDate": null,
            "Name": "RSR17 FRU",
            "Vendor": "DELL",
            "Description": "",
            "Oem": {
                "Dell": {
                    "@odata.context": "/redfish/v1/$metadata#DellOemAssembly.DellOemAssembly",
                    "HardwareId": 169,
                    "PICPowerIndex": 17,
                    "ModuleClass": 3,
                    "Type": "Riser",
                    "EndpointCount": 1,
                    "FirmwareMajor": 0,
                    "@odata.type": "#DellOemAssembly.v1_1_0.DellOemAssemblyLinks",
                    "DellAssembly": {
                        "Id": "RSR.Integrated.17_0x23_FRU",
                        "SerialNumber": "05R1b",
                        "@odata.type": "#DellAssembly.v1_1_0.DellAssembly",
                        "DeviceFQDD": "RSR.Integrated.17",
                        "Name": "DellAssembly",
                        "Description": "This resource shall be used to represent an assembly information.",
                        "@odata.id": "/redfish/v1/Chassis/System.Embedded.1/Oem/Dell/DellAssembly/RSR.Integrated.17_0x23_FRU",
                        "PackageType": "Module/Card",
                        "@odata.context": "/redfish/v1/$metadata#DellAssembly.DellAssembly"
                    },
                    "FirmwareMinor": 0
                }
            },
            "PartNumber": "0TCX95"
        },
        {
            "PartNumber": "0NXVMY",
            "EngineeringChangeLevel": "A00",
            "Name": "RSR19 FRU",
            "Description": "",
            "Oem": {
                "Dell": {
                    "ModuleClass": 1,
                    "DellAssembly": {
                        "Id": "RSR.Integrated.19_0x23_FRU",
                        "@odata.id": "/redfish/v1/Chassis/System.Embedded.1/Oem/Dell/DellAssembly/RSR.Integrated.19_0x23_FRU",
                        "@odata.type": "#DellAssembly.v1_1_0.DellAssembly",
                        "DeviceFQDD": "RSR.Integrated.19",
                        "PackageType": "Module/Card",
                        "Name": "DellAssembly",
                        "Description": "This resource shall be used to represent an assembly information.",
                        "SerialNumber": "04R2b",
                        "@odata.context": "/redfish/v1/$metadata#DellAssembly.DellAssembly"
                    },
                    "FirmwareMinor": 0,
                    "PICPowerIndex": 19,
                    "Type": "Riser",
                    "@odata.type": "#DellOemAssembly.v1_1_0.DellOemAssemblyLinks",
                    "@odata.context": "/redfish/v1/$metadata#DellOemAssembly.DellOemAssembly",
                    "HardwareId": 160,
                    "FirmwareMajor": 0,
                    "EndpointCount": 1
                }
            },
            "MemberId": "15",
            "@odata.id": "/redfish/v1/Chassis/System.Embedded.1/Assembly#/Assemblies/15",
            "SerialNumber": "04R2b",
            "ProductionDate": null,
            "Vendor": "DELL"
        },
        {
            "PartNumber": "048T7M",
            "Producer": "DELL",
            "EngineeringChangeLevel": "X32",
            "SerialNumber": "CNWS30055K0050",
            "Vendor": "DELL",
            "MemberId": "16",
            "Model": "PowerEdge R7725xd",
            "@odata.id": "/redfish/v1/Chassis/System.Embedded.1/Assembly#/Assemblies/16",
            "Name": "System.Embedded.1#FRU",
            "ProductionDate": "2025-06-03T01:24:00Z",
            "Oem": {
                "Dell": {
                    "@odata.context": "/redfish/v1/$metadata#DellOemAssembly.DellOemAssembly",
                    "@odata.type": "#DellOemAssembly.v1_1_0.DellOemAssemblyLinks",
                    "DellAssembly": {
                        "Id": "System.Embedded.1_0x23_FRU",
                        "PackageType": "Module/Card",
                        "@odata.id": "/redfish/v1/Chassis/System.Embedded.1/Oem/Dell/DellAssembly/System.Embedded.1_0x23_FRU",
                        "Name": "DellAssembly",
                        "@odata.type": "#DellAssembly.v1_1_0.DellAssembly",
                        "SerialNumber": "CNWS30055K0050",
                        "Description": "This resource shall be used to represent an assembly information.",
                        "@odata.context": "/redfish/v1/$metadata#DellAssembly.DellAssembly",
                        "DeviceFQDD": "System.Embedded.1"
                    }
                }
            },
            "Description": "PowerEdge R7725xd"
        }
    ],
    "Assemblies@odata.count": 17,
    "Name": "Assembly",
    "@odata.context": "/redfish/v1/$metadata#Assembly.Assembly",
    "Id": "Assembly",
    "Actions": {
        "Oem": {
            "#DellFRUAssembly.UpdateOemFRUData": {
                "target": "/redfish/v1/Chassis/System.Embedded.1/Assembly/Actions/Oem/DellFRUAssembly.UpdateOemFRUData",
                "Area@Redfish.AllowableValues": [
                    "BoardManufacturer",
                    "BoardProductName",
                    "BoardSerialNumber",
                    "BoardPartNumber",
                    "BoardCustomData",
                    "Vendor",
                    "Model",
                    "Version",
                    "SKU",
                    "ProductSerialNumber",
                    "ProductCustomData",
                    "ChassisPartNumber",
                    "ChassisSerialNumber",
                    "ChassisCustomData"
                ]
            }
        }
    },
    "@odata.type": "#Assembly.v1_5_1.Assembly",
    "Description": "Represents the properties of Assembly for the device",
    "@odata.id": "/redfish/v1/Chassis/System.Embedded.1/Assembly"
}