{
    "Id": "0-254-5-7",
    "Oem": {
        "Dell": {
            "@odata.type": "#DellChassisPCIeFunction.v1_1_0.DellPCIeFunction",
            "DellPCIeFunction": {
                "LastSystemInventoryTime": "2025-02-21T23:53:00+00:00",
                "LastUpdateTime": "2025-02-21T21:24:07+00:00",
                "SlotLength": "Unknown",
                "SlotType": "Unknown",
                "DataBusWidth": "Unknown",
                "Id": "HostBridge.Embedded.7-1"
            },
            "@odata.context": "/redfish/v1/$metadata#DellChassisPCIeFunction.DellChassisPCIeFunction"
        }
    },
    "Links": {
        "Drives": [],
        "Drives@odata.count": 0,
        "PCIeDevice": {
            "@odata.id": "/redfish/v1/Chassis/System.Embedded.1/PCIeDevices/0-254-5"
        }
    },
    "Enabled": true,
    "Status": {
        "State": "Enabled",
        "Health": "OK",
        "HealthRollup": "OK"
    },
    "SubsystemId": "0x09a2",
    "@odata.type": "#PCIeFunction.v1_6_0.PCIeFunction",
    "DeviceClass": "SignalProcessingController",
    "Description": "Intel Corporation",
    "DeviceId": "0x324a",
    "FunctionProtocol": "PCIe",
    "@odata.id": "/redfish/v1/Chassis/System.Embedded.1/PCIeDevices/0-254-5/PCIeFunctions/0-254-5-7",
    "FunctionId": 7,
    "@odata.context": "/redfish/v1/$metadata#PCIeFunction.PCIeFunction",
    "FunctionType": "Physical",
    "@odata.etag": "\"W/'gen-2'\"",
    "Name": "Intel Corporation",
    "VendorId": "0x8086",
    "SubsystemVendorId": "0x8086",
    "ClassCode": "0x000011",
    "RevisionId": "0x00"
}