{
    "@odata.context": "/redfish/v1/$metadata#Role.Role",
    "AssignedPrivileges": [
        "ConfigureComponents",
        "ConfigureSelf",
        "Login"
    ],
    "AssignedPrivileges@odata.count": 3,
    "@odata.etag": "\"W/'gen-1'\"",
    "@odata.type": "#Role.v1_3_2.Role",
    "IsPredefined": true,
    "Id": "Operator",
    "Name": "User Role",
    "RoleId": "Operator",
    "@odata.id": "/redfish/v1/AccountService/Roles/Operator",
    "Description": "Operator User Role"
}