{
    "DeviceNumber": "0x00",
    "FunctionType": "Physical",
    "Oem": {
        "Dell": {
            "@odata.context": "/redfish/v1/$metadata#DellChassisPCIeFunction.DellChassisPCIeFunction",
            "@odata.type": "#DellChassisPCIeFunction.v1_1_0.DellPCIeFunction",
            "DellPCIeFunction": {
                "LastUpdateTime": "2025-11-06T17:28:45+00:00",
                "SlotLength": "Unknown",
                "SlotType": "Unknown",
                "DataBusWidth": "Unknown",
                "Id": "USBXHCI.Embedded.8-1",
                "LastSystemInventoryTime": "2025-11-06T19:28:47+00:00"
            }
        }
    },
    "@odata.type": "#PCIeFunction.v1_6_0.PCIeFunction",
    "Name": "Turin USB 3.1 xHCI",
    "DeviceId": "0x1557",
    "FunctionNumber": "0x4",
    "@odata.etag": "W/\"gen-3\"",
    "FunctionProtocol": "PCIe",
    "BusNumber": "0xd1",
    "ClassCode": "0x00000c",
    "SegmentNumber": "0x0000",
    "VendorId": "0x1022",
    "Enabled": true,
    "FunctionId": 4,
    "Status": {
        "Health": "OK",
        "HealthRollup": "OK",
        "State": "Enabled"
    },
    "SubsystemVendorId": "0x1022",
    "@odata.id": "/redfish/v1/Chassis/System.Embedded.1/PCIeDevices/0-209-0/PCIeFunctions/0-209-0-4",
    "Links": {
        "MemoryDomains": [],
        "MemoryDomains@odata.count": 0,
        "PCIeDevice": {
            "@odata.id": "/redfish/v1/Chassis/System.Embedded.1/PCIeDevices/0-209-0"
        },
        "Drives": [],
        "Drives@odata.count": 0
    },
    "RevisionId": "0xda",
    "@odata.context": "/redfish/v1/$metadata#PCIeFunction.PCIeFunction",
    "DeviceClass": "SerialBusController",
    "Description": "Turin USB 3.1 xHCI",
    "Id": "0-209-0-4",
    "SubsystemId": "0x1557"
}