{
    "@odata.context": "/redfish/v1/$metadata#JsonSchemaFile.JsonSchemaFile",
    "@odata.id": "/redfish/v1/JsonSchemas/DellInfiniBandPortMetrics",
    "@odata.type": "#JsonSchemaFile.v1_1_4.JsonSchemaFile",
    "Description": "DellInfiniBandPortMetrics Schema File Location",
    "Id": "DellInfiniBandPortMetrics",
    "Languages": [
        "en"
    ],
    "Languages@odata.count": 1,
    "Location": [
        {
            "Language": "en",
            "PublicationUri": "http://downloads.dell.com/redfish/bmc/schemas/DellInfiniBandPortMetrics.json",
            "Uri": "/redfish/v1/Schemas/DellInfiniBandPortMetrics.json"
        }
    ],
    "Location@odata.count": 1,
    "Name": "DellInfiniBandPortMetrics Schema File",
    "Schema": "#DellInfiniBandPortMetrics.DellInfiniBandPortMetrics"
}