{
    "@odata.context": "/redfish/v1/$metadata#PCIeFunction.PCIeFunction",
    "@odata.etag": "\"1707801115\"",
    "@odata.type": "#PCIeFunction.v1_5_0.PCIeFunction",
    "@odata.id": "/redfish/v1/Chassis/System.Embedded.1/PCIeDevices/34-0/PCIeFunctions/34-0-1",
    "ClassCode": "0x020000",
    "Description": "Ethernet 1G 4P I350-t OCP",
    "DeviceClass": "NetworkController",
    "DeviceId": "0x1521",
    "Enabled": true,
    "FunctionId": 1,
    "FunctionType": "Physical",
    "Id": "34-0-1",
    "Links": {
        "StorageControllers": [],
        "StorageControllers@odata.count": 0,
        "Drives": [],
        "Drives@odata.count": 0,
        "EthernetInterfaces": [
            {
                "@odata.id": "/redfish/v1/Systems/System.Embedded.1/EthernetInterfaces/NIC.Integrated.1-2-1"
            }
        ],
        "EthernetInterfaces@odata.count": 1,
        "PCIeDevice": {
            "@odata.id": "/redfish/v1/Chassis/System.Embedded.1/PCIeDevices/34-0"
        }
    },
    "Name": "Ethernet 1G 4P I350-t OCP",
    "Oem": {
        "Dell": {
            "@odata.type": "#DellChassisPCIeFunction.v1_1_0.DellPCIeFunction",
            "DellPCIeFunction": {
                "DataBusWidth": "Unknown",
                "LastSystemInventoryTime": "2024-02-13T05:11:00+00:00",
                "LastUpdateTime": "2024-02-07T14:07:59+00:00",
                "SlotLength": "Unknown",
                "SlotType": "Unknown",
                "Id": "NIC.Integrated.1-2-1"
            }
        }
    },
    "RevisionId": "0x01",
    "Status": {
        "State": "Enabled",
        "Health": "OK",
        "HealthRollup": "OK"
    },
    "SubsystemId": "0x5003",
    "SubsystemVendorId": "0x8086",
    "VendorId": "0x8086"
}