{
    "Oem": {
        "Dell": {
            "RequestedState": "NotApplicable",
            "CurrentState": "Normal",
            "DeviceID": "iDRAC.Embedded.1#CPU1Temp",
            "@odata.context": "/redfish/v1/$metadata#DellOemSensor.DellOemSensor",
            "@odata.type": "#DellOemSensor.v1_2_0.DellOemSensor",
            "PossibleStates": [
                "Unknown",
                "Fatal",
                "Normal",
                "Upper Fatal",
                "Upper Critical",
                "Upper Non-Critical",
                "Lower Non-Critical",
                "Lower Critical",
                "Lower Fatal"
            ],
            "PossibleStates@odata.count": 9
        }
    },
    "Description": "Instance of Sensor Id",
    "ReadingType": "Temperature",
    "ReadingUnits": "Cel",
    "ReadingRangeMin": 3,
    "Reading": 26,
    "Id": "CPU1Temp",
    "Name": "CPU1 Temp",
    "@odata.id": "/redfish/v1/Chassis/System.Embedded.1/Sensors/CPU1Temp",
    "@odata.context": "/redfish/v1/$metadata#Sensor.Sensor",
    "Status": {
        "State": "Enabled",
        "Health": "OK"
    },
    "@odata.type": "#Sensor.v1_10_1.Sensor",
    "Thresholds": {
        "LowerCaution": {
            "Reading": null
        },
        "LowerCritical": {
            "Reading": 3
        },
        "UpperCaution": {
            "Reading": null
        },
        "UpperCritical": {
            "Reading": 100
        }
    },
    "ReadingRangeMax": 100,
    "ReadingBasis": "Zero",
    "@odata.etag": "W/\"gen-118\"",
    "PhysicalContext": "CPU"
}