{
    "@odata.etag": "\"W/'gen-252'\"",
    "Location": {
        "PartLocation": {
            "LocationOrdinalValue": 2,
            "LocationType": "Slot"
        }
    },
    "SpeedPercent": {
        "DataSourceUri": "/redfish/v1/Chassis/System.Embedded.1/Sensors/Fan2_1",
        "SpeedRPM": 5130
    },
    "Status": {
        "State": "Enabled",
        "Health": "OK"
    },
    "Description": "Represents fan properties of the chassis",
    "Id": "CoolingController.1.Fan2",
    "@odata.context": "/redfish/v1/$metadata#Fan.Fan",
    "@odata.type": "#Fan.v1_5_2.Fan",
    "@odata.id": "/redfish/v1/Chassis/System.Embedded.1/ThermalSubsystem/Fans/CoolingController.1.Fan2",
    "Oem": {
        "Dell": {
            "@odata.context": "/redfish/v1/$metadata#DellFan.DellFan",
            "@odata.type": "#DellFan.v1_1_0.DellFan",
            "FanPWM": 17,
            "FanType": "Gold"
        }
    },
    "PhysicalContext": "SystemBoard",
    "HotPluggable": true,
    "Name": "Fan2",
    "SecondarySpeedPercent": {
        "DataSourceUri": "/redfish/v1/Chassis/System.Embedded.1/Sensors/Fan2_2",
        "SpeedRPM": 4050
    }
}