{
    "@odata.context": "/redfish/v1/$metadata#DellNIC.DellNIC",
    "@odata.id": "/redfish/v1/Chassis/System.Embedded.1/NetworkAdapters/NIC.Integrated.1/NetworkDeviceFunctions/NIC.Integrated.1-2-1/Oem/Dell/DellNIC/NIC.Integrated.1-2-1",
    "@odata.type": "#DellNIC.v1_7_0.DellNIC",
    "BusNumber": 49,
    "CableLengthMetres": null,
    "ControllerBIOSVersion": null,
    "DataBusWidth": "Unknown",
    "Description": "An instance of DellNIC will have NIC device specific data.",
    "DeviceDescription": "Integrated NIC 1 Port 2 Partition 1",
    "EFIVersion": "14.29.15",
    "FCOSDriverVersion": null,
    "FCoEOSDriverVersion": null,
    "FCoEOffloadMode": "Unknown",
    "FQDD": "NIC.Integrated.1-2-1",
    "FamilyVersion": "16.35.30.06",
    "ISCSIOSDriverVersion": null,
    "Id": "NIC.Integrated.1-2-1",
    "IdentifierType": null,
    "InstanceID": "NIC.Integrated.1-2-1",
    "LANDriverVersion": "4.21.71.101",
    "LastSystemInventoryTime": "2024-01-30T16:38:56+00:00",
    "LastUpdateTime": "2024-01-30T16:38:54+00:00",
    "LinkDuplex": "Unknown",
    "MaxBandwidthPercent": 0,
    "MediaType": "SFF_CAGE",
    "MinBandwidthPercent": 0,
    "Name": "DellNIC",
    "NicMode": "Enabled",
    "PCIDeviceID": "1017",
    "PCISubDeviceID": "0097",
    "PCISubVendorID": "15b3",
    "PCIVendorID": "15b3",
    "PartNumber": "04TRD3",
    "PermanentFCOEMACAddress": null,
    "PermanentFIPAddress": null,
    "PermanentiSCSIMACAddress": null,
    "ProductName": "Mellanox ConnectX-5 EN 25GbE Dual-port SFP28 Adapter - B8:CE:F6:96:26:0F",
    "Protocol": "NIC,RDMA",
    "RDMAOSDriverVersion": null,
    "Revision": null,
    "SNAPIState": "Disabled",
    "SNAPISupport": "NotAvailable",
    "SerialNumber": "INJBNM4154J0OR",
    "SlotLength": "Unknown",
    "SlotType": "Unknown",
    "TransceiverPartNumber": null,
    "TransceiverSerialNumber": null,
    "TransceiverVendorName": null,
    "VPISupport": "NotAvailable",
    "VendorName": "Mellanox Technologies, Inc.",
    "VirtualFIPAddress": null,
    "VirtualISCSIAddress": null,
    "iScsiOffloadMode": "Unknown"
}