{
    "@odata.context": "/redfish/v1/$metadata#JsonSchemaFile.JsonSchemaFile",
    "@odata.id": "/redfish/v1/JsonSchemas/AggregationSource",
    "@odata.type": "#JsonSchemaFile.v1_1_4.JsonSchemaFile",
    "Description": "AggregationSource Schema File Location",
    "Id": "AggregationSource",
    "Languages": [
        "en"
    ],
    "Languages@odata.count": 1,
    "Location": [
        {
            "Language": "en",
            "PublicationUri": "http://redfish.dmtf.org/schemas/v1/AggregationSource.json",
            "Uri": "/redfish/v1/Schemas/AggregationSource.json"
        }
    ],
    "Location@odata.count": 1,
    "Name": "AggregationSource Schema File",
    "Schema": "#AggregationSource.AggregationSource"
}