{
    "Description": "Represent a job in Redfish",
    "Messages": [
        {
            "MessageId": "IDRAC.2.9.SRV088",
            "Message": "The SupportAssist Collection Operation is completed successfully.",
            "MessageArgs": [],
            "MessageArgs@odata.count": 0
        }
    ],
    "Messages@odata.count": 1,
    "Name": "SupportAssist Collection",
    "MaxExecutionTime": "PT2H",
    "Id": "JID_400999397033",
    "StartTime": "2025-02-20T19:05:39-06:00",
    "@odata.context": "/redfish/v1/$metadata#Job.Job",
    "EndTime": "2025-02-20T19:11:35-06:00",
    "Oem": {
        "Dell": {
            "JobType": "SACollectHealthData",
            "OemJobState": "Completed",
            "UntilTime": null,
            "@odata.context": "/redfish/v1/$metadata#DellOemJob.DellOemJob",
            "@odata.type": "#DellOemJob.v1_0_0.DellOemJob",
            "ActualRunningStartTime": "2025-02-20T19:05:39",
            "ActualRunningStopTime": "2025-02-20T19:11:35"
        }
    },
    "@odata.type": "#Job.v1_2_4.Job",
    "JobState": "Completed",
    "PercentComplete": 100,
    "@odata.etag": "\"W/'gen-14'\"",
    "@odata.id": "/redfish/v1/JobService/Jobs/JID_400999397033",
    "JobStatus": "OK"
}