{
    "@odata.context": "/redfish/v1/$metadata#JsonSchemaFile.JsonSchemaFile",
    "@odata.id": "/redfish/v1/JsonSchemas/DellFCStatisticsCollection",
    "@odata.type": "#JsonSchemaFile.v1_1_4.JsonSchemaFile",
    "Description": "DellFCStatisticsCollection Schema File Location",
    "Id": "DellFCStatisticsCollection",
    "Languages": [
        "en"
    ],
    "Languages@odata.count": 1,
    "Location": [
        {
            "Language": "en",
            "PublicationUri": "http://downloads.dell.com/redfish/bmc/schemas/DellFCStatisticsCollection.json",
            "Uri": "/redfish/v1/Schemas/DellFCStatisticsCollection.json"
        }
    ],
    "Location@odata.count": 1,
    "Name": "DellFCStatisticsCollection Schema File",
    "Schema": "#DellFCStatisticsCollection.DellFCStatisticsCollection"
}