{
    "@odata.id": "/redfish/v1/JobService/Jobs/RID_534586973678",
    "EndTime": "2025-07-25T11:06:49-05:00",
    "Messages": [
        {
            "Message": "Reboot is complete.",
            "MessageArgs": [],
            "MessageArgs@odata.count": 1,
            "MessageId": "IDRAC.2.14.RED030"
        }
    ],
    "Messages@odata.count": 1,
    "@odata.etag": "W/\"gen-2\"",
    "JobState": "Completed",
    "Id": "RID_534586973678",
    "Oem": {
        "Dell": {
            "JobType": "RebootForce",
            "OemJobState": "RebootCompleted",
            "UntilTime": "TIME_NA",
            "@odata.context": "/redfish/v1/$metadata#DellOemJob.DellOemJob",
            "@odata.type": "#DellOemJob.v1_0_0.DellOemJob",
            "ActualRunningStartTime": "2025-07-25T10:51:41",
            "ActualRunningStopTime": "2025-07-25T11:06:49"
        }
    },
    "Description": "Represent a job in Redfish",
    "StartTime": "2025-07-25T10:51:37-05:00",
    "Name": "Reboot3",
    "@odata.context": "/redfish/v1/$metadata#Job.Job",
    "PercentComplete": 100,
    "@odata.type": "#Job.v1_2_4.Job",
    "MaxExecutionTime": "PT2H",
    "JobStatus": "OK"
}