{
    "ReadingRangeMax": null,
    "Reading": 7380,
    "Description": "Instance of Sensor Id",
    "@odata.context": "/redfish/v1/$metadata#Sensor.Sensor",
    "ReadingBasis": "Zero",
    "Status": {
        "Health": "OK",
        "State": "Enabled"
    },
    "ReadingUnits": "RPM",
    "Thresholds": {
        "LowerCaution": {
            "Reading": 840
        },
        "LowerCritical": {
            "Reading": 600
        },
        "UpperCaution": {
            "Reading": null
        },
        "UpperCritical": {
            "Reading": null
        }
    },
    "PhysicalContext": "SystemBoard",
    "@odata.id": "/redfish/v1/Chassis/System.Embedded.1/Sensors/Fan3_2",
    "Oem": {
        "Dell": {
            "PossibleStates@odata.count": 9,
            "RequestedState": "NotApplicable",
            "CurrentState": "Normal",
            "DeviceID": "iDRAC.Embedded.1#Fan3_2",
            "@odata.context": "/redfish/v1/$metadata#DellOemSensor.DellOemSensor",
            "@odata.type": "#DellOemSensor.v1_2_0.DellOemSensor",
            "PossibleStates": [
                "Unknown",
                "Fatal",
                "Normal",
                "Upper Fatal",
                "Upper Critical",
                "Upper Non-Critical",
                "Lower Non-Critical",
                "Lower Critical",
                "Lower Fatal"
            ]
        }
    },
    "@odata.type": "#Sensor.v1_10_1.Sensor",
    "Id": "Fan3_2",
    "@odata.etag": "W/\"gen-106\"",
    "Name": "Fan3_2",
    "ReadingType": "Rotational",
    "ReadingRangeMin": 600
}