{
    "@odata.context": "/redfish/v1/$metadata#PCIeFunction.PCIeFunction",
    "@odata.etag": "\"1706632770\"",
    "@odata.type": "#PCIeFunction.v1_5_0.PCIeFunction",
    "@odata.id": "/redfish/v1/Chassis/System.Embedded.1/PCIeDevices/0-28/PCIeFunctions/0-28-4",
    "ClassCode": "0x060400",
    "Description": "C620 Series Chipset Family PCI Express Root Port #5",
    "DeviceClass": "Bridge",
    "DeviceId": "0xa194",
    "Enabled": true,
    "FunctionId": 4,
    "FunctionType": "Physical",
    "Id": "0-28-4",
    "Links": {
        "StorageControllers": [],
        "StorageControllers@odata.count": 0,
        "Drives": [],
        "Drives@odata.count": 0,
        "EthernetInterfaces": [],
        "EthernetInterfaces@odata.count": 0,
        "PCIeDevice": {
            "@odata.id": "/redfish/v1/Chassis/System.Embedded.1/PCIeDevices/0-28"
        }
    },
    "Name": "C620 Series Chipset Family PCI Express Root Port #5",
    "Oem": {
        "Dell": {
            "@odata.type": "#DellChassisPCIeFunction.v1_1_0.DellPCIeFunction",
            "DellPCIeFunction": {
                "DataBusWidth": "Unknown",
                "LastSystemInventoryTime": "2024-01-30T16:38:56+00:00",
                "LastUpdateTime": "2024-01-30T16:38:54+00:00",
                "SlotLength": "Unknown",
                "SlotType": "Unknown",
                "Id": "P2PBridge.Embedded.2-1"
            }
        }
    },
    "RevisionId": "0xfa",
    "Status": {
        "State": "Enabled",
        "Health": "OK",
        "HealthRollup": "OK"
    },
    "SubsystemId": "0x0912",
    "SubsystemVendorId": "0x1028",
    "VendorId": "0x8086"
}