{
    "@odata.id": "/redfish/v1/Chassis/System.Embedded.1/Oem/Dell/DellAssembly/Enclosure.Internal.0-1_0x23_FRU",
    "@odata.type": "#DellAssembly.v1_1_0.DellAssembly",
    "Id": "Enclosure.Internal.0-1_0x23_FRU",
    "SerialNumber": "CNWS30048502S9",
    "@odata.etag": "\"W/'gen-1'\"",
    "PackageType": "CrossConnect/Backplane",
    "Description": "This resource shall be used to represent an assembly information.",
    "Name": "DellAssembly",
    "@odata.context": "/redfish/v1/$metadata#DellAssembly.DellAssembly",
    "DeviceFQDD": "Enclosure.Internal.0-1"
}