{
    "@odata.context": "/redfish/v1/$metadata#DellNICStatistics.DellNICStatistics",
    "@odata.id": "/redfish/v1/Chassis/System.Embedded.1/Oem/Dell/DellNICStatistics/NIC.Slot.10-4-1",
    "@odata.type": "#DellNICStatistics.v1_0_0.DellNICStatistics",
    "Description": "An instance of DellNICStatistics will have the statistics of the NIC, NIC port or partition.",
    "Id": "NIC.Slot.10-4-1",
    "Name": "DellNICStatistics",
    "RxBytes": 0,
    "RxMutlicastPackets": 0,
    "RxUnicastPackets": 0,
    "TxBytes": 0,
    "TxMutlicastPackets": 0,
    "TxUnicastPackets": 0
}