{
    "Status": {
        "Health": "OK",
        "HealthRollup": "OK",
        "State": "Enabled"
    },
    "Links": {
        "Drives": [],
        "Drives@odata.count": 0,
        "PCIeDevice": {
            "@odata.id": "/redfish/v1/Chassis/System.Embedded.1/PCIeDevices/0-59-0"
        }
    },
    "Enabled": true,
    "@odata.context": "/redfish/v1/$metadata#PCIeFunction.PCIeFunction",
    "ClassCode": "0x00000c",
    "SubsystemVendorId": "0x0000",
    "Id": "0-59-0-0",
    "RevisionId": "0x03",
    "VendorId": "0x1912",
    "FunctionType": "Physical",
    "@odata.type": "#PCIeFunction.v1_6_0.PCIeFunction",
    "DeviceClass": "SerialBusController",
    "FunctionId": 0,
    "@odata.id": "/redfish/v1/Chassis/System.Embedded.1/PCIeDevices/0-59-0/PCIeFunctions/0-59-0-0",
    "Description": "uPD720201 USB 3.0 Host Controller",
    "SubsystemId": "0x0000",
    "FunctionProtocol": "PCIe",
    "Oem": {
        "Dell": {
            "DellPCIeFunction": {
                "DataBusWidth": "Unknown",
                "Id": "USBXHCI.Embedded.1-1",
                "LastSystemInventoryTime": "2025-02-21T23:53:00+00:00",
                "LastUpdateTime": "2025-02-21T21:24:07+00:00",
                "SlotLength": "Unknown",
                "SlotType": "Unknown"
            },
            "@odata.context": "/redfish/v1/$metadata#DellChassisPCIeFunction.DellChassisPCIeFunction",
            "@odata.type": "#DellChassisPCIeFunction.v1_1_0.DellPCIeFunction"
        }
    },
    "Name": "uPD720201 USB 3.0 Host Controller",
    "@odata.etag": "\"W/'gen-3'\"",
    "DeviceId": "0x0014"
}