{
    "AccountService": {
        "@odata.id": "/redfish/v1/AccountService"
    },
    "@odata.context": "/redfish/v1/$metadata#ServiceRoot.ServiceRoot",
    "Product": "Integrated Dell Remote Access Controller",
    "Id": "RootService",
    "Name": "Root Service",
    "@odata.type": "#ServiceRoot.v1_18_0.ServiceRoot",
    "UpdateService": {
        "@odata.id": "/redfish/v1/UpdateService"
    },
    "Tasks": {
        "@odata.id": "/redfish/v1/TaskService"
    },
    "Links": {
        "Sessions": {
            "@odata.id": "/redfish/v1/SessionService/Sessions"
        }
    },
    "Description": "Root Service",
    "@odata.id": "/redfish/v1",
    "LicenseService": {
        "@odata.id": "/redfish/v1/LicenseService"
    },
    "@odata.etag": "W/\"gen-3\"",
    "ProtocolFeaturesSupported": {
        "FilterQuery": true,
        "OnlyMemberQuery": true,
        "SelectQuery": true,
        "DeepOperations": {
            "DeepPOST": false,
            "DeepPATCH": false
        },
        "ExcerptQuery": false,
        "ExpandQuery": {
            "Links": true,
            "MaxLevels": 1,
            "NoLinks": true,
            "ExpandAll": true,
            "Levels": true
        }
    },
    "JobService": {
        "@odata.id": "/redfish/v1/JobService"
    },
    "SessionService": {
        "@odata.id": "/redfish/v1/SessionService"
    },
    "Systems": {
        "@odata.id": "/redfish/v1/Systems"
    },
    "ComponentIntegrity": {
        "@odata.id": "/redfish/v1/ComponentIntegrity"
    },
    "Managers": {
        "@odata.id": "/redfish/v1/Managers"
    },
    "Chassis": {
        "@odata.id": "/redfish/v1/Chassis"
    },
    "JsonSchemas": {
        "@odata.id": "/redfish/v1/JsonSchemas"
    },
    "Registries": {
        "@odata.id": "/redfish/v1/Registries"
    },
    "Oem": {
        "Dell": {
            "IsBranded": 0,
            "ManagerMACAddress": "6c:3c:8c:94:34:68",
            "ServiceTag": "CRN2106",
            "@odata.context": "/redfish/v1/$metadata#DellServiceRoot.DellServiceRoot",
            "@odata.type": "#DellServiceRoot.v1_0_0.DellServiceRoot"
        }
    },
    "Vendor": "Dell",
    "RedfishVersion": "1.22.0",
    "Fabrics": {
        "@odata.id": "/redfish/v1/Fabrics"
    },
    "TelemetryService": {
        "@odata.id": "/redfish/v1/TelemetryService"
    },
    "ServiceIdentification": "CRN2106",
    "EventService": {
        "@odata.id": "/redfish/v1/EventService"
    },
    "CertificateService": {
        "@odata.id": "/redfish/v1/CertificateService"
    }
}