{
    "@odata.context": "/redfish/v1/$metadata#Assembly.Assembly",
    "@odata.type": "#Assembly.v1_4_0.Assembly",
    "@odata.id": "/redfish/v1/Chassis/System.Embedded.1/Assembly",
    "Assemblies": [
        {
            "@odata.context": "/redfish/v1/$metadata#Assembly.Assembly",
            "@odata.id": "/redfish/v1/Chassis/System.Embedded.1/Assembly#/Assemblies/0",
            "@odata.type": "#Assembly.v1_4_0.AssemblyData",
            "BinaryDataURI": null,
            "Description": "PWR SPLY,2400W,RDNT,DELTA",
            "EngineeringChangeLevel": "A01",
            "MemberId": "0",
            "Model": "PWR SPLY,2400W,RDNT,DELTA",
            "Name": "PSU.Slot.1#FRU",
            "Oem": {
                "Dell": {
                    "@odata.type": "#DellOem.v1_3_0.DellOemResources",
                    "DellAssembly": {
                        "Description": "This resource shall be used to represent an assembly information.",
                        "DeviceFQDD": "PSU.Slot.1",
                        "Id": "PSU.Slot.1_0x23_FRU",
                        "Name": "DellAssembly",
                        "PackageType": "PowerSupply",
                        "SerialNumber": "CNDED0032905DZ",
                        "@odata.context": "/redfish/v1/$metadata#DellAssembly.DellAssembly",
                        "@odata.type": "#DellAssembly.v1_0_0.DellAssembly",
                        "@odata.id": "/redfish/v1/Chassis/System.Embedded.1/Oem/Dell/DellAssembly/PSU.Slot.1_0x23_FRU"
                    }
                }
            },
            "PartNumber": "0M63JN",
            "Producer": "DELL",
            "ProductionDate": "2023-02-17T21:17:00Z",
            "SKU": null,
            "SparePartNumber": null,
            "Vendor": "DELL",
            "Version": null
        },
        {
            "@odata.context": "/redfish/v1/$metadata#Assembly.Assembly",
            "@odata.id": "/redfish/v1/Chassis/System.Embedded.1/Assembly#/Assemblies/1",
            "@odata.type": "#Assembly.v1_4_0.AssemblyData",
            "BinaryDataURI": null,
            "Description": "PWR SPLY,2400W,RDNT,DELTA",
            "EngineeringChangeLevel": "A01",
            "MemberId": "1",
            "Model": "PWR SPLY,2400W,RDNT,DELTA",
            "Name": "PSU.Slot.2#FRU",
            "Oem": {
                "Dell": {
                    "@odata.type": "#DellOem.v1_3_0.DellOemResources",
                    "DellAssembly": {
                        "Description": "This resource shall be used to represent an assembly information.",
                        "DeviceFQDD": "PSU.Slot.2",
                        "Id": "PSU.Slot.2_0x23_FRU",
                        "Name": "DellAssembly",
                        "PackageType": "PowerSupply",
                        "SerialNumber": "CNDED0032905J7",
                        "@odata.context": "/redfish/v1/$metadata#DellAssembly.DellAssembly",
                        "@odata.type": "#DellAssembly.v1_0_0.DellAssembly",
                        "@odata.id": "/redfish/v1/Chassis/System.Embedded.1/Oem/Dell/DellAssembly/PSU.Slot.2_0x23_FRU"
                    }
                }
            },
            "PartNumber": "0M63JN",
            "Producer": "DELL",
            "ProductionDate": "2023-02-17T13:49:00Z",
            "SKU": null,
            "SparePartNumber": null,
            "Vendor": "DELL",
            "Version": null
        },
        {
            "@odata.context": "/redfish/v1/$metadata#Assembly.Assembly",
            "@odata.id": "/redfish/v1/Chassis/System.Embedded.1/Assembly#/Assemblies/2",
            "@odata.type": "#Assembly.v1_4_0.AssemblyData",
            "BinaryDataURI": null,
            "Description": "DDR5 DIMM",
            "EngineeringChangeLevel": null,
            "MemberId": "2",
            "Model": "DDR5 DIMM",
            "Name": "DIMM.Socket.B1#FRU",
            "Oem": {
                "Dell": {
                    "@odata.type": "#DellOem.v1_3_0.DellOemResources",
                    "DellAssembly": {
                        "Description": "This resource shall be used to represent an assembly information.",
                        "DeviceFQDD": "DIMM.Socket.B1",
                        "Id": "DIMM.Socket.B1_0x23_FRU",
                        "Name": "DellAssembly",
                        "PackageType": "Memory",
                        "SerialNumber": "462DC908",
                        "@odata.context": "/redfish/v1/$metadata#DellAssembly.DellAssembly",
                        "@odata.type": "#DellAssembly.v1_0_0.DellAssembly",
                        "@odata.id": "/redfish/v1/Chassis/System.Embedded.1/Oem/Dell/DellAssembly/DIMM.Socket.B1_0x23_FRU"
                    }
                }
            },
            "PartNumber": "HMCG78AEBRA107N",
            "Producer": "Hynix Semiconductor",
            "ProductionDate": "2023-01-02T04:00:00Z",
            "SKU": null,
            "SparePartNumber": null,
            "Vendor": "DELL",
            "Version": null
        },
        {
            "@odata.context": "/redfish/v1/$metadata#Assembly.Assembly",
            "@odata.id": "/redfish/v1/Chassis/System.Embedded.1/Assembly#/Assemblies/3",
            "@odata.type": "#Assembly.v1_4_0.AssemblyData",
            "BinaryDataURI": null,
            "Description": "DDR5 DIMM",
            "EngineeringChangeLevel": null,
            "MemberId": "3",
            "Model": "DDR5 DIMM",
            "Name": "DIMM.Socket.A2#FRU",
            "Oem": {
                "Dell": {
                    "@odata.type": "#DellOem.v1_3_0.DellOemResources",
                    "DellAssembly": {
                        "Description": "This resource shall be used to represent an assembly information.",
                        "DeviceFQDD": "DIMM.Socket.A2",
                        "Id": "DIMM.Socket.A2_0x23_FRU",
                        "Name": "DellAssembly",
                        "PackageType": "Memory",
                        "SerialNumber": "462DC995",
                        "@odata.context": "/redfish/v1/$metadata#DellAssembly.DellAssembly",
                        "@odata.type": "#DellAssembly.v1_0_0.DellAssembly",
                        "@odata.id": "/redfish/v1/Chassis/System.Embedded.1/Oem/Dell/DellAssembly/DIMM.Socket.A2_0x23_FRU"
                    }
                }
            },
            "PartNumber": "HMCG78AEBRA107N",
            "Producer": "Hynix Semiconductor",
            "ProductionDate": "2023-01-02T04:00:00Z",
            "SKU": null,
            "SparePartNumber": null,
            "Vendor": "DELL",
            "Version": null
        },
        {
            "@odata.context": "/redfish/v1/$metadata#Assembly.Assembly",
            "@odata.id": "/redfish/v1/Chassis/System.Embedded.1/Assembly#/Assemblies/4",
            "@odata.type": "#Assembly.v1_4_0.AssemblyData",
            "BinaryDataURI": null,
            "Description": "DDR5 DIMM",
            "EngineeringChangeLevel": null,
            "MemberId": "4",
            "Model": "DDR5 DIMM",
            "Name": "DIMM.Socket.B2#FRU",
            "Oem": {
                "Dell": {
                    "@odata.type": "#DellOem.v1_3_0.DellOemResources",
                    "DellAssembly": {
                        "Description": "This resource shall be used to represent an assembly information.",
                        "DeviceFQDD": "DIMM.Socket.B2",
                        "Id": "DIMM.Socket.B2_0x23_FRU",
                        "Name": "DellAssembly",
                        "PackageType": "Memory",
                        "SerialNumber": "462DC955",
                        "@odata.context": "/redfish/v1/$metadata#DellAssembly.DellAssembly",
                        "@odata.type": "#DellAssembly.v1_0_0.DellAssembly",
                        "@odata.id": "/redfish/v1/Chassis/System.Embedded.1/Oem/Dell/DellAssembly/DIMM.Socket.B2_0x23_FRU"
                    }
                }
            },
            "PartNumber": "HMCG78AEBRA107N",
            "Producer": "Hynix Semiconductor",
            "ProductionDate": "2023-01-02T04:00:00Z",
            "SKU": null,
            "SparePartNumber": null,
            "Vendor": "DELL",
            "Version": null
        },
        {
            "@odata.context": "/redfish/v1/$metadata#Assembly.Assembly",
            "@odata.id": "/redfish/v1/Chassis/System.Embedded.1/Assembly#/Assemblies/5",
            "@odata.type": "#Assembly.v1_4_0.AssemblyData",
            "BinaryDataURI": null,
            "Description": "DDR5 DIMM",
            "EngineeringChangeLevel": null,
            "MemberId": "5",
            "Model": "DDR5 DIMM",
            "Name": "DIMM.Socket.A1#FRU",
            "Oem": {
                "Dell": {
                    "@odata.type": "#DellOem.v1_3_0.DellOemResources",
                    "DellAssembly": {
                        "Description": "This resource shall be used to represent an assembly information.",
                        "DeviceFQDD": "DIMM.Socket.A1",
                        "Id": "DIMM.Socket.A1_0x23_FRU",
                        "Name": "DellAssembly",
                        "PackageType": "Memory",
                        "SerialNumber": "462DC9D9",
                        "@odata.context": "/redfish/v1/$metadata#DellAssembly.DellAssembly",
                        "@odata.type": "#DellAssembly.v1_0_0.DellAssembly",
                        "@odata.id": "/redfish/v1/Chassis/System.Embedded.1/Oem/Dell/DellAssembly/DIMM.Socket.A1_0x23_FRU"
                    }
                }
            },
            "PartNumber": "HMCG78AEBRA107N",
            "Producer": "Hynix Semiconductor",
            "ProductionDate": "2023-01-02T04:00:00Z",
            "SKU": null,
            "SparePartNumber": null,
            "Vendor": "DELL",
            "Version": null
        },
        {
            "@odata.context": "/redfish/v1/$metadata#Assembly.Assembly",
            "@odata.id": "/redfish/v1/Chassis/System.Embedded.1/Assembly#/Assemblies/6",
            "@odata.type": "#Assembly.v1_4_0.AssemblyData",
            "BinaryDataURI": null,
            "Description": "SystemPlanar",
            "EngineeringChangeLevel": "A01",
            "MemberId": "6",
            "Model": "SystemPlanar",
            "Name": "System.Embedded.1#FRU",
            "Oem": {
                "Dell": {
                    "@odata.type": "#DellOem.v1_3_0.DellOemResources",
                    "DellAssembly": {
                        "Description": "This resource shall be used to represent an assembly information.",
                        "DeviceFQDD": "System.Embedded.1",
                        "Id": "System.Embedded.1_0x23_FRU",
                        "Name": "DellAssembly",
                        "PackageType": "Module/Card",
                        "SerialNumber": "CNIVC0034B0008",
                        "@odata.context": "/redfish/v1/$metadata#DellAssembly.DellAssembly",
                        "@odata.type": "#DellAssembly.v1_0_0.DellAssembly",
                        "@odata.id": "/redfish/v1/Chassis/System.Embedded.1/Oem/Dell/DellAssembly/System.Embedded.1_0x23_FRU"
                    }
                }
            },
            "PartNumber": "0CRRF2",
            "Producer": "Dell Inc.",
            "ProductionDate": "2023-04-12T18:27:00Z",
            "SKU": null,
            "SparePartNumber": null,
            "Vendor": "DELL",
            "Version": null
        },
        {
            "@odata.context": "/redfish/v1/$metadata#Assembly.Assembly",
            "@odata.id": "/redfish/v1/Chassis/System.Embedded.1/Assembly#/Assemblies/7",
            "@odata.type": "#Assembly.v1_4_0.AssemblyData",
            "BinaryDataURI": null,
            "Description": "Intel(R) GbE 4P I350-T Adapter",
            "EngineeringChangeLevel": "A00",
            "MemberId": "7",
            "Model": "Intel(R) GbE 4P I350-T Adapter",
            "Name": "NIC.Integrated.1#FRU",
            "Oem": {
                "Dell": {
                    "@odata.type": "#DellOem.v1_3_0.DellOemResources",
                    "DellAssembly": {
                        "Description": "This resource shall be used to represent an assembly information.",
                        "DeviceFQDD": "NIC.Integrated.1",
                        "Id": "NIC.Integrated.1_0x23_FRU",
                        "Name": "DellAssembly",
                        "PackageType": "Module/Card",
                        "SerialNumber": "MYFLMIT2AS01FW",
                        "@odata.context": "/redfish/v1/$metadata#DellAssembly.DellAssembly",
                        "@odata.type": "#DellAssembly.v1_0_0.DellAssembly",
                        "@odata.id": "/redfish/v1/Chassis/System.Embedded.1/Oem/Dell/DellAssembly/NIC.Integrated.1_0x23_FRU"
                    }
                }
            },
            "PartNumber": "0D1C51",
            "Producer": "Dell",
            "ProductionDate": "2022-10-29T12:00:00Z",
            "SKU": null,
            "SparePartNumber": null,
            "Vendor": "DELL",
            "Version": null
        },
        {
            "@odata.context": "/redfish/v1/$metadata#Assembly.Assembly",
            "@odata.id": "/redfish/v1/Chassis/System.Embedded.1/Assembly#/Assemblies/8",
            "@odata.type": "#Assembly.v1_4_0.AssemblyData",
            "BinaryDataURI": null,
            "Description": "DRIVE BACKPLANE",
            "EngineeringChangeLevel": "A09",
            "MemberId": "8",
            "Model": "DRIVE BACKPLANE",
            "Name": "Enclosure.Internal.0-0#FRU",
            "Oem": {
                "Dell": {
                    "@odata.type": "#DellOem.v1_3_0.DellOemResources",
                    "DellAssembly": {
                        "Description": "This resource shall be used to represent an assembly information.",
                        "DeviceFQDD": "Enclosure.Internal.0-0",
                        "Id": "Enclosure.Internal.0-0_0x23_FRU",
                        "Name": "DellAssembly",
                        "PackageType": "CrossConnect/Backplane",
                        "SerialNumber": "CNIVC002CC1389",
                        "@odata.context": "/redfish/v1/$metadata#DellAssembly.DellAssembly",
                        "@odata.type": "#DellAssembly.v1_0_0.DellAssembly",
                        "@odata.id": "/redfish/v1/Chassis/System.Embedded.1/Oem/Dell/DellAssembly/Enclosure.Internal.0-0_0x23_FRU"
                    }
                }
            },
            "PartNumber": "0YD2C2",
            "Producer": "Dell",
            "ProductionDate": "2022-12-18T03:23:00Z",
            "SKU": null,
            "SparePartNumber": null,
            "Vendor": "DELL",
            "Version": null
        },
        {
            "@odata.context": "/redfish/v1/$metadata#Assembly.Assembly",
            "@odata.id": "/redfish/v1/Chassis/System.Embedded.1/Assembly#/Assemblies/9",
            "@odata.type": "#Assembly.v1_4_0.AssemblyData",
            "BinaryDataURI": null,
            "Description": "BOSS-N1 Monolithic",
            "EngineeringChangeLevel": "A00",
            "MemberId": "9",
            "Model": "BOSS-N1 Monolithic",
            "Name": "BOSS.SL.16-1#FRU",
            "Oem": {
                "Dell": {
                    "@odata.type": "#DellOem.v1_3_0.DellOemResources",
                    "DellAssembly": {
                        "Description": "This resource shall be used to represent an assembly information.",
                        "DeviceFQDD": "BOSS.SL.16-1",
                        "Id": "BOSS.SL.16-1_0x23_FRU",
                        "Name": "DellAssembly",
                        "PackageType": "Module/Card",
                        "SerialNumber": "CNFCP0033M00WS",
                        "@odata.context": "/redfish/v1/$metadata#DellAssembly.DellAssembly",
                        "@odata.type": "#DellAssembly.v1_0_0.DellAssembly",
                        "@odata.id": "/redfish/v1/Chassis/System.Embedded.1/Oem/Dell/DellAssembly/BOSS.SL.16-1_0x23_FRU"
                    }
                }
            },
            "PartNumber": "0WW56V",
            "Producer": "Dell",
            "ProductionDate": "2023-03-30T01:25:00Z",
            "SKU": null,
            "SparePartNumber": null,
            "Vendor": "DELL",
            "Version": null
        },
        {
            "@odata.context": "/redfish/v1/$metadata#Assembly.Assembly",
            "@odata.id": "/redfish/v1/Chassis/System.Embedded.1/Assembly#/Assemblies/10",
            "@odata.type": "#Assembly.v1_4_0.AssemblyData",
            "BinaryDataURI": null,
            "Description": "HBA465e Adapter",
            "EngineeringChangeLevel": "X21",
            "MemberId": "10",
            "Model": "HBA465e Adapter",
            "Name": "NonRAID.Slot.1-1#FRU",
            "Oem": {
                "Dell": {
                    "@odata.type": "#DellOem.v1_3_0.DellOemResources",
                    "DellAssembly": {
                        "Description": "This resource shall be used to represent an assembly information.",
                        "DeviceFQDD": "NonRAID.Slot.1-1",
                        "Id": "NonRAID.Slot.1-1_0x23_FRU",
                        "Name": "DellAssembly",
                        "PackageType": "Module/Card",
                        "SerialNumber": "CNFCP003CB007R",
                        "@odata.context": "/redfish/v1/$metadata#DellAssembly.DellAssembly",
                        "@odata.type": "#DellAssembly.v1_0_0.DellAssembly",
                        "@odata.id": "/redfish/v1/Chassis/System.Embedded.1/Oem/Dell/DellAssembly/NonRAID.Slot.1-1_0x23_FRU"
                    }
                }
            },
            "PartNumber": "08Y0MW",
            "Producer": "Dell",
            "ProductionDate": "2023-12-12T15:15:00Z",
            "SKU": null,
            "SparePartNumber": null,
            "Vendor": "DELL",
            "Version": null
        },
        {
            "@odata.context": "/redfish/v1/$metadata#Assembly.Assembly",
            "@odata.id": "/redfish/v1/Chassis/System.Embedded.1/Assembly#/Assemblies/11",
            "@odata.type": "#Assembly.v1_4_0.AssemblyData",
            "BinaryDataURI": null,
            "Description": "Nvidia Bluefield-2 Dual Port 100 GbE QSFP Crypto DPU",
            "EngineeringChangeLevel": "A00",
            "MemberId": "11",
            "Model": "Nvidia Bluefield-2 Dual Port 100 GbE QSFP Crypto DPU",
            "Name": "NIC.Slot.2#FRU",
            "Oem": {
                "Dell": {
                    "@odata.type": "#DellOem.v1_3_0.DellOemResources",
                    "DellAssembly": {
                        "Description": "This resource shall be used to represent an assembly information.",
                        "DeviceFQDD": "NIC.Slot.2",
                        "Id": "NIC.Slot.2_0x23_FRU",
                        "Name": "DellAssembly",
                        "PackageType": "Module/Card",
                        "SerialNumber": "IL7403132E006X",
                        "@odata.context": "/redfish/v1/$metadata#DellAssembly.DellAssembly",
                        "@odata.type": "#DellAssembly.v1_0_0.DellAssembly",
                        "@odata.id": "/redfish/v1/Chassis/System.Embedded.1/Oem/Dell/DellAssembly/NIC.Slot.2_0x23_FRU"
                    }
                }
            },
            "PartNumber": "0PXDVR",
            "Producer": "Dell",
            "ProductionDate": "2023-05-03T21:34:00Z",
            "SKU": null,
            "SparePartNumber": null,
            "Vendor": "DELL",
            "Version": null
        },
        {
            "@odata.context": "/redfish/v1/$metadata#Assembly.Assembly",
            "@odata.id": "/redfish/v1/Chassis/System.Embedded.1/Assembly#/Assemblies/12",
            "@odata.type": "#Assembly.v1_4_0.AssemblyData",
            "BinaryDataURI": null,
            "Description": "Dell Ent NVMe P5620 MU 1.6TB",
            "EngineeringChangeLevel": "A00",
            "MemberId": "12",
            "Model": "Dell Ent NVMe P5620 MU 1.6TB",
            "Name": "Disk.Bay.0:Enclosure.Internal.0-1#FRU",
            "Oem": {
                "Dell": {
                    "@odata.type": "#DellOem.v1_3_0.DellOemResources",
                    "DellAssembly": {
                        "Description": "This resource shall be used to represent an assembly information.",
                        "DeviceFQDD": "Disk.Bay.0:Enclosure.Internal.0-1",
                        "Id": "Disk.Bay.0:Enclosure.Internal.0-1_0x23_FRU",
                        "Name": "DellAssembly",
                        "PackageType": "StorageMediaPackage(E.GDiskOrTapeDrive)",
                        "SerialNumber": "TWPIHIT31200MB",
                        "@odata.context": "/redfish/v1/$metadata#DellAssembly.DellAssembly",
                        "@odata.type": "#DellAssembly.v1_0_0.DellAssembly",
                        "@odata.id": "/redfish/v1/Chassis/System.Embedded.1/Oem/Dell/DellAssembly/Disk.Bay.0_Enclosure.Internal.0-1_0x23_FRU"
                    }
                }
            },
            "PartNumber": "082TVJ",
            "Producer": "Dell",
            "ProductionDate": "2023-01-02T00:00:00Z",
            "SKU": null,
            "SparePartNumber": null,
            "Vendor": "DELL",
            "Version": null
        },
        {
            "@odata.context": "/redfish/v1/$metadata#Assembly.Assembly",
            "@odata.id": "/redfish/v1/Chassis/System.Embedded.1/Assembly#/Assemblies/13",
            "@odata.type": "#Assembly.v1_4_0.AssemblyData",
            "BinaryDataURI": null,
            "Description": "Dell DC NVMe CD7 U.2 SED 960GB",
            "EngineeringChangeLevel": "X00",
            "MemberId": "13",
            "Model": "Dell DC NVMe CD7 U.2 SED 960GB",
            "Name": "Disk.Bay.1:Enclosure.Internal.0-1#FRU",
            "Oem": {
                "Dell": {
                    "@odata.type": "#DellOem.v1_3_0.DellOemResources",
                    "DellAssembly": {
                        "Description": "This resource shall be used to represent an assembly information.",
                        "DeviceFQDD": "Disk.Bay.1:Enclosure.Internal.0-1",
                        "Id": "Disk.Bay.1:Enclosure.Internal.0-1_0x23_FRU",
                        "Name": "DellAssembly",
                        "PackageType": "StorageMediaPackage(E.GDiskOrTapeDrive)",
                        "SerialNumber": "PHTBPKK19G001I",
                        "@odata.context": "/redfish/v1/$metadata#DellAssembly.DellAssembly",
                        "@odata.type": "#DellAssembly.v1_0_0.DellAssembly",
                        "@odata.id": "/redfish/v1/Chassis/System.Embedded.1/Oem/Dell/DellAssembly/Disk.Bay.1_Enclosure.Internal.0-1_0x23_FRU"
                    }
                }
            },
            "PartNumber": "0M8RT1",
            "Producer": "Dell",
            "ProductionDate": "2021-09-16T00:00:00Z",
            "SKU": null,
            "SparePartNumber": null,
            "Vendor": "DELL",
            "Version": null
        },
        {
            "@odata.context": "/redfish/v1/$metadata#Assembly.Assembly",
            "@odata.id": "/redfish/v1/Chassis/System.Embedded.1/Assembly#/Assemblies/14",
            "@odata.type": "#Assembly.v1_4_0.AssemblyData",
            "BinaryDataURI": null,
            "Description": "Dell DC NVMe SED PE8010 RI M.2 480GB",
            "EngineeringChangeLevel": "X00",
            "MemberId": "14",
            "Model": "Dell DC NVMe SED PE8010 RI M.2 480GB",
            "Name": "Disk.Direct.0-0:BOSS.SL.16-1#FRU",
            "Oem": {
                "Dell": {
                    "@odata.type": "#DellOem.v1_3_0.DellOemResources",
                    "DellAssembly": {
                        "Description": "This resource shall be used to represent an assembly information.",
                        "DeviceFQDD": "Disk.Direct.0-0:BOSS.SL.16-1",
                        "Id": "Disk.Direct.0-0:BOSS.SL.16-1_0x23_FRU",
                        "Name": "DellAssembly",
                        "PackageType": "StorageMediaPackage(E.GDiskOrTapeDrive)",
                        "SerialNumber": "KRSK50035M0IUC",
                        "@odata.context": "/redfish/v1/$metadata#DellAssembly.DellAssembly",
                        "@odata.type": "#DellAssembly.v1_0_0.DellAssembly",
                        "@odata.id": "/redfish/v1/Chassis/System.Embedded.1/Oem/Dell/DellAssembly/Disk.Direct.0-0_BOSS.SL.16-1_0x23_FRU"
                    }
                }
            },
            "PartNumber": "07KGMT",
            "Producer": "Dell",
            "ProductionDate": "2023-05-22T00:00:00Z",
            "SKU": null,
            "SparePartNumber": null,
            "Vendor": "DELL",
            "Version": null
        },
        {
            "@odata.context": "/redfish/v1/$metadata#Assembly.Assembly",
            "@odata.id": "/redfish/v1/Chassis/System.Embedded.1/Assembly#/Assemblies/15",
            "@odata.type": "#Assembly.v1_4_0.AssemblyData",
            "BinaryDataURI": null,
            "Description": "Dell DC NVMe SED PE8010 RI M.2 480GB",
            "EngineeringChangeLevel": "X00",
            "MemberId": "15",
            "Model": "Dell DC NVMe SED PE8010 RI M.2 480GB",
            "Name": "Disk.Direct.1-1:BOSS.SL.16-1#FRU",
            "Oem": {
                "Dell": {
                    "@odata.type": "#DellOem.v1_3_0.DellOemResources",
                    "DellAssembly": {
                        "Description": "This resource shall be used to represent an assembly information.",
                        "DeviceFQDD": "Disk.Direct.1-1:BOSS.SL.16-1",
                        "Id": "Disk.Direct.1-1:BOSS.SL.16-1_0x23_FRU",
                        "Name": "DellAssembly",
                        "PackageType": "StorageMediaPackage(E.GDiskOrTapeDrive)",
                        "SerialNumber": "KRSK50035M0IUD",
                        "@odata.context": "/redfish/v1/$metadata#DellAssembly.DellAssembly",
                        "@odata.type": "#DellAssembly.v1_0_0.DellAssembly",
                        "@odata.id": "/redfish/v1/Chassis/System.Embedded.1/Oem/Dell/DellAssembly/Disk.Direct.1-1_BOSS.SL.16-1_0x23_FRU"
                    }
                }
            },
            "PartNumber": "07KGMT",
            "Producer": "Dell",
            "ProductionDate": "2023-05-22T00:00:00Z",
            "SKU": null,
            "SparePartNumber": null,
            "Vendor": "DELL",
            "Version": null
        }
    ],
    "Assemblies@odata.count": 16,
    "Description": "Represents the properties of Assembly for the device",
    "Id": "Assembly",
    "Name": "Assembly"
}