{
    "@odata.context": "/redfish/v1/$metadata#DellEnclosureCollection.DellEnclosureCollection",
    "@odata.id": "/redfish/v1/Chassis/System.Embedded.1/Oem/Dell/DellEnclosures",
    "@odata.type": "#DellEnclosureCollection.DellEnclosureCollection",
    "Description": "A collection of DellEnclosure resource",
    "Members": [
        {
            "@odata.context": "/redfish/v1/$metadata#DellEnclosure.DellEnclosure",
            "@odata.id": "/redfish/v1/Chassis/System.Embedded.1/Oem/Dell/DellEnclosures/Enclosure.Internal.0-1",
            "@odata.type": "#DellEnclosure.v1_1_0.DellEnclosure",
            "AssetName": null,
            "Connector": null,
            "Description": "An instance of DellEnclosure will have storage enclosure specific data.",
            "Id": "Enclosure.Internal.0-1",
            "LastSystemInventoryTime": null,
            "LastUpdateTime": null,
            "Links": {
                "DellEnclosureEMMCollection": [],
                "DellEnclosureEMMCollection@odata.count": 0
            },
            "Name": "DellEnclosure",
            "ServiceTag": null,
            "SlotCount": 8,
            "TempProbeCount": null,
            "Version": null,
            "WiredOrder": 1
        },
        {
            "@odata.context": "/redfish/v1/$metadata#DellEnclosure.DellEnclosure",
            "@odata.id": "/redfish/v1/Chassis/System.Embedded.1/Oem/Dell/DellEnclosures/Enclosure.Internal.0-3",
            "@odata.type": "#DellEnclosure.v1_1_0.DellEnclosure",
            "AssetName": null,
            "Connector": null,
            "Description": "An instance of DellEnclosure will have storage enclosure specific data.",
            "Id": "Enclosure.Internal.0-3",
            "LastSystemInventoryTime": null,
            "LastUpdateTime": null,
            "Links": {
                "DellEnclosureEMMCollection": [],
                "DellEnclosureEMMCollection@odata.count": 0
            },
            "Name": "DellEnclosure",
            "ServiceTag": null,
            "SlotCount": 8,
            "TempProbeCount": null,
            "Version": null,
            "WiredOrder": 3
        },
        {
            "@odata.context": "/redfish/v1/$metadata#DellEnclosure.DellEnclosure",
            "@odata.id": "/redfish/v1/Chassis/System.Embedded.1/Oem/Dell/DellEnclosures/Enclosure.Internal.0-4",
            "@odata.type": "#DellEnclosure.v1_1_0.DellEnclosure",
            "AssetName": null,
            "Connector": null,
            "Description": "An instance of DellEnclosure will have storage enclosure specific data.",
            "Id": "Enclosure.Internal.0-4",
            "LastSystemInventoryTime": null,
            "LastUpdateTime": null,
            "Links": {
                "DellEnclosureEMMCollection": [],
                "DellEnclosureEMMCollection@odata.count": 0
            },
            "Name": "DellEnclosure",
            "ServiceTag": null,
            "SlotCount": 8,
            "TempProbeCount": null,
            "Version": null,
            "WiredOrder": 4
        },
        {
            "@odata.context": "/redfish/v1/$metadata#DellEnclosure.DellEnclosure",
            "@odata.id": "/redfish/v1/Chassis/System.Embedded.1/Oem/Dell/DellEnclosures/Enclosure.Internal.0-2",
            "@odata.type": "#DellEnclosure.v1_1_0.DellEnclosure",
            "AssetName": null,
            "Connector": null,
            "Description": "An instance of DellEnclosure will have storage enclosure specific data.",
            "Id": "Enclosure.Internal.0-2",
            "LastSystemInventoryTime": null,
            "LastUpdateTime": null,
            "Links": {
                "DellEnclosureEMMCollection": [],
                "DellEnclosureEMMCollection@odata.count": 0
            },
            "Name": "DellEnclosure",
            "ServiceTag": null,
            "SlotCount": 8,
            "TempProbeCount": null,
            "Version": null,
            "WiredOrder": 2
        },
        {
            "@odata.context": "/redfish/v1/$metadata#DellEnclosure.DellEnclosure",
            "@odata.id": "/redfish/v1/Chassis/System.Embedded.1/Oem/Dell/DellEnclosures/Enclosure.Internal.0-5",
            "@odata.type": "#DellEnclosure.v1_1_0.DellEnclosure",
            "AssetName": null,
            "Connector": null,
            "Description": "An instance of DellEnclosure will have storage enclosure specific data.",
            "Id": "Enclosure.Internal.0-5",
            "LastSystemInventoryTime": null,
            "LastUpdateTime": null,
            "Links": {
                "DellEnclosureEMMCollection": [],
                "DellEnclosureEMMCollection@odata.count": 0
            },
            "Name": "DellEnclosure",
            "ServiceTag": null,
            "SlotCount": 8,
            "TempProbeCount": null,
            "Version": null,
            "WiredOrder": 5
        }
    ],
    "Members@odata.count": 5,
    "Name": "DellEnclosureCollection"
}