{
    "@odata.context": "/redfish/v1/$metadata#DellAssembly.DellAssembly",
    "@odata.id": "/redfish/v1/Chassis/System.Embedded.1/Oem/Dell/DellAssembly/NIC.IOBay.1_0x23_FRU",
    "Description": "This resource shall be used to represent an assembly information.",
    "@odata.etag": "\"W/'gen-1'\"",
    "PackageType": "Module/Card",
    "SerialNumber": "05R3e",
    "@odata.type": "#DellAssembly.v1_1_0.DellAssembly",
    "DeviceFQDD": "NIC.IOBay.1",
    "Id": "NIC.IOBay.1_0x23_FRU",
    "Name": "DellAssembly"
}