{
    "@odata.context": "/redfish/v1/$metadata#JsonSchemaFile.JsonSchemaFile",
    "@odata.id": "/redfish/v1/JsonSchemas/Application",
    "@odata.type": "#JsonSchemaFile.v1_1_5.JsonSchemaFile",
    "Description": "Application Schema File Location",
    "Id": "Application",
    "Languages": [
        "en"
    ],
    "Languages@odata.count": 1,
    "Location": [
        {
            "Language": "en",
            "PublicationUri": "http://redfish.dmtf.org/schemas/v1/Application.json",
            "Uri": "/redfish/v1/Schemas/Application.json"
        }
    ],
    "Location@odata.count": 1,
    "Name": "Application Schema File",
    "Schema": "#Application.Application"
}