{
    "Description": "This resource shall be used to represent an assembly information.",
    "@odata.context": "/redfish/v1/$metadata#DellAssembly.DellAssembly",
    "@odata.type": "#DellAssembly.v1_1_0.DellAssembly",
    "@odata.etag": "W/\"gen-1\"",
    "DeviceFQDD": "Enclosure.Internal.0-5",
    "Name": "DellAssembly",
    "Id": "Enclosure.Internal.0-5_0x23_FRU",
    "PackageType": "CrossConnect/Backplane",
    "SerialNumber": "CNFCP0055F0022",
    "@odata.id": "/redfish/v1/Chassis/System.Embedded.1/Oem/Dell/DellAssembly/Enclosure.Internal.0-5_0x23_FRU"
}