{
    "@odata.etag": "W/\"gen-1\"",
    "Name": "DellInfiniBandCapabilitiesCollection",
    "@odata.context": "/redfish/v1/$metadata#DellInfiniBandCapabilitiesCollection.DellInfiniBandCapabilitiesCollection",
    "@odata.type": "#DellInfiniBandCapabilitiesCollection.DellInfiniBandCapabilitiesCollection",
    "Description": "A collection of DellInfiniBandCapabilities resource",
    "Members": [],
    "Members@odata.count": 0,
    "@odata.id": "/redfish/v1/Chassis/System.Embedded.1/Oem/Dell/DellInfiniBandCapabilities"
}