{
    "@odata.context": "/redfish/v1/$metadata#JsonSchemaFile.JsonSchemaFile",
    "@odata.id": "/redfish/v1/JsonSchemas/DellBIOSService",
    "@odata.type": "#JsonSchemaFile.v1_1_5.JsonSchemaFile",
    "Description": "DellBIOSService Schema File Location",
    "Id": "DellBIOSService",
    "Languages": [
        "en"
    ],
    "Languages@odata.count": 1,
    "Location": [
        {
            "Language": "en",
            "PublicationUri": "http://downloads.dell.com/redfish/bmc/schemas/DellBIOSService.json",
            "Uri": "/redfish/v1/Schemas/DellBIOSService.json"
        }
    ],
    "Location@odata.count": 1,
    "Name": "DellBIOSService Schema File",
    "Schema": "#DellBIOSService.DellBIOSService"
}