{
    "EndTime": "2025-11-03T04:50:07-06:00",
    "Description": "Represent a job in Redfish",
    "MaxExecutionTime": "PT2H",
    "Oem": {
        "Dell": {
            "OemJobState": "Completed",
            "UntilTime": null,
            "@odata.context": "/redfish/v1/$metadata#DellOemJob.DellOemJob",
            "@odata.type": "#DellOemJob.v1_0_0.DellOemJob",
            "ActualRunningStartTime": "2025-11-03T04:49:31",
            "ActualRunningStopTime": "2025-11-03T04:50:07",
            "JobType": "ExportConfiguration"
        }
    },
    "@odata.type": "#Job.v1_2_4.Job",
    "@odata.id": "/redfish/v1/JobService/Jobs/JID_621669717556",
    "JobState": "Completed",
    "Messages": [
        {
            "Message": "Successfully exported Server Configuration Profile",
            "MessageArgs": [],
            "MessageArgs@odata.count": 1,
            "MessageId": "IDRAC.2.14.SYS043"
        }
    ],
    "Messages@odata.count": 1,
    "@odata.etag": "W/\"gen-2\"",
    "Id": "JID_621669717556",
    "Name": "Export Configuration",
    "JobStatus": "OK",
    "@odata.context": "/redfish/v1/$metadata#Job.Job",
    "PercentComplete": 100,
    "StartTime": "2025-11-03T04:49:31-06:00"
}