{
    "Oem": {
        "Dell": {
            "@odata.context": "/redfish/v1/$metadata#DellChassisPCIeFunction.DellChassisPCIeFunction",
            "@odata.type": "#DellChassisPCIeFunction.v1_1_0.DellPCIeFunction",
            "DellPCIeFunction": {
                "Id": "P2PBridge.Embedded.3-1",
                "LastSystemInventoryTime": "2025-11-06T19:28:47+00:00",
                "LastUpdateTime": "2025-11-06T17:28:45+00:00",
                "SlotLength": "Unknown",
                "SlotType": "Unknown",
                "DataBusWidth": "Unknown"
            }
        }
    },
    "VendorId": "0x1022",
    "@odata.context": "/redfish/v1/$metadata#PCIeFunction.PCIeFunction",
    "Id": "0-152-7-1",
    "@odata.type": "#PCIeFunction.v1_6_0.PCIeFunction",
    "FunctionProtocol": "PCIe",
    "SubsystemId": "0x1555",
    "Status": {
        "State": "Enabled",
        "Health": "OK",
        "HealthRollup": "OK"
    },
    "Links": {
        "Drives": [],
        "Drives@odata.count": 0,
        "MemoryDomains": [],
        "MemoryDomains@odata.count": 0,
        "PCIeDevice": {
            "@odata.id": "/redfish/v1/Chassis/System.Embedded.1/PCIeDevices/0-152-7"
        }
    },
    "RevisionId": "0x00",
    "FunctionId": 1,
    "DeviceNumber": "0x07",
    "@odata.id": "/redfish/v1/Chassis/System.Embedded.1/PCIeDevices/0-152-7/PCIeFunctions/0-152-7-1",
    "SubsystemVendorId": "0x1022",
    "DeviceId": "0x1555",
    "BusNumber": "0x98",
    "ClassCode": "0x000006",
    "Description": "Turin Internal PCIe GPP Bridge to Bus [D:C]",
    "SegmentNumber": "0x0000",
    "@odata.etag": "W/\"gen-5\"",
    "FunctionNumber": "0x1",
    "Enabled": true,
    "DeviceClass": "Bridge",
    "Name": "Turin Internal PCIe GPP Bridge to Bus [D:C]",
    "FunctionType": "Physical"
}