{
    "Manufacturer": "Advanced Micro Devices, Inc. [AMD]",
    "PartNumber": null,
    "Description": "Turin Data Fabric; Function 5",
    "PCIeInterface": {
        "LanesInUse": null,
        "MaxLanes": null,
        "MaxPCIeType": null,
        "PCIeType": null
    },
    "@odata.type": "#PCIeDevice.v1_18_0.PCIeDevice",
    "Name": "Turin Data Fabric; Function 5",
    "Slot": {
        "PCIeType": null,
        "SlotType": null,
        "Lanes": null,
        "Location": {
            "PartLocation": {
                "LocationOrdinalValue": null,
                "LocationType": "Slot"
            }
        }
    },
    "FirmwareVersion": "",
    "@odata.context": "/redfish/v1/$metadata#PCIeDevice.PCIeDevice",
    "SKU": null,
    "AssetTag": null,
    "Links": {
        "Chassis": [
            {
                "@odata.id": "/redfish/v1/Chassis/System.Embedded.1"
            }
        ],
        "Chassis@odata.count": 1,
        "Oem": {
            "Dell": {
                "@odata.type": "#DellPCIeDevice.v1_0_0.DellPCIeDeviceLinks",
                "CPUAffinity": [],
                "CPUAffinity@odata.count": 0,
                "@odata.context": "/redfish/v1/$metadata#DellPCIeDevice.DellPCIeDevice"
            }
        },
        "PCIeFunctions": [
            {
                "@odata.id": "/redfish/v1/Chassis/System.Embedded.1/PCIeDevices/0-0-25/PCIeFunctions/0-0-25-7"
            },
            {
                "@odata.id": "/redfish/v1/Chassis/System.Embedded.1/PCIeDevices/0-0-25/PCIeFunctions/0-0-25-1"
            },
            {
                "@odata.id": "/redfish/v1/Chassis/System.Embedded.1/PCIeDevices/0-0-25/PCIeFunctions/0-0-25-2"
            },
            {
                "@odata.id": "/redfish/v1/Chassis/System.Embedded.1/PCIeDevices/0-0-25/PCIeFunctions/0-0-25-3"
            },
            {
                "@odata.id": "/redfish/v1/Chassis/System.Embedded.1/PCIeDevices/0-0-25/PCIeFunctions/0-0-25-0"
            },
            {
                "@odata.id": "/redfish/v1/Chassis/System.Embedded.1/PCIeDevices/0-0-25/PCIeFunctions/0-0-25-4"
            },
            {
                "@odata.id": "/redfish/v1/Chassis/System.Embedded.1/PCIeDevices/0-0-25/PCIeFunctions/0-0-25-5"
            },
            {
                "@odata.id": "/redfish/v1/Chassis/System.Embedded.1/PCIeDevices/0-0-25/PCIeFunctions/0-0-25-6"
            }
        ],
        "PCIeFunctions@odata.count": 8
    },
    "Id": "0-0-25",
    "@odata.id": "/redfish/v1/Chassis/System.Embedded.1/PCIeDevices/0-0-25",
    "@odata.etag": "W/\"gen-5\"",
    "DeviceType": "MultiFunction",
    "Status": {
        "HealthRollup": "OK",
        "State": "Enabled",
        "Health": "OK"
    },
    "PCIeFunctions": {
        "@odata.id": "/redfish/v1/Chassis/System.Embedded.1/PCIeDevices/0-0-25/PCIeFunctions"
    },
    "Model": null,
    "SerialNumber": null
}