{
    "@odata.context": "/redfish/v1/$metadata#JsonSchemaFile.JsonSchemaFile",
    "@odata.id": "/redfish/v1/JsonSchemas/DellControllerBattery",
    "@odata.type": "#JsonSchemaFile.v1_1_5.JsonSchemaFile",
    "Description": "DellControllerBattery Schema File Location",
    "Id": "DellControllerBattery",
    "Languages": [
        "en"
    ],
    "Languages@odata.count": 1,
    "Location": [
        {
            "Language": "en",
            "PublicationUri": "http://downloads.dell.com/redfish/bmc/schemas/DellControllerBattery.json",
            "Uri": "/redfish/v1/Schemas/DellControllerBattery.json"
        }
    ],
    "Location@odata.count": 1,
    "Name": "DellControllerBattery Schema File",
    "Schema": "#DellControllerBattery.DellControllerBattery"
}