{
    "Description": "A collection of DellPCIeFunctionCollection resource",
    "Members": [
        {
            "SlotLength": "Unknown",
            "DataBusWidth": "Unknown",
            "LastUpdateTime": "2025-02-21T21:24:07+00:00",
            "@odata.type": "#DellPCIeFunction.v1_7_0.DellPCIeFunction",
            "Id": "HostBridge.Embedded.1-1",
            "SlotType": "Unknown",
            "LastSystemInventoryTime": "2025-02-21T23:53:00+00:00",
            "@odata.id": "/redfish/v1/Chassis/System.Embedded.1/Oem/Dell/DellPCIeFunctions/HostBridge.Embedded.1-1",
            "Name": "DellPCIeFunction",
            "@odata.etag": "\"W/'gen-2'\"",
            "Description": "An instance of DellPCIeFunction will have PCI device specific data.",
            "@odata.context": "/redfish/v1/$metadata#DellPCIeFunction.DellPCIeFunction"
        },
        {
            "DataBusWidth": "16XOrX16",
            "@odata.context": "/redfish/v1/$metadata#DellPCIeFunction.DellPCIeFunction",
            "@odata.etag": "\"W/'gen-3'\"",
            "Description": "An instance of DellPCIeFunction will have PCI device specific data.",
            "Id": "NIC.Slot.10-3-1",
            "SlotLength": "Other",
            "LastUpdateTime": "2025-02-21T21:24:07+00:00",
            "LastSystemInventoryTime": "2025-02-21T23:53:00+00:00",
            "@odata.id": "/redfish/v1/Chassis/System.Embedded.1/Oem/Dell/DellPCIeFunctions/NIC.Slot.10-3-1",
            "@odata.type": "#DellPCIeFunction.v1_7_0.DellPCIeFunction",
            "SlotType": "OCPNIC3.0SmallFormFactor",
            "Name": "DellPCIeFunction"
        },
        {
            "@odata.context": "/redfish/v1/$metadata#DellPCIeFunction.DellPCIeFunction",
            "Name": "DellPCIeFunction",
            "LastSystemInventoryTime": "2025-02-21T23:53:00+00:00",
            "Id": "NIC.Slot.10-4-1",
            "SlotType": "OCPNIC3.0SmallFormFactor",
            "Description": "An instance of DellPCIeFunction will have PCI device specific data.",
            "LastUpdateTime": "2025-02-21T21:24:07+00:00",
            "DataBusWidth": "16XOrX16",
            "@odata.id": "/redfish/v1/Chassis/System.Embedded.1/Oem/Dell/DellPCIeFunctions/NIC.Slot.10-4-1",
            "@odata.type": "#DellPCIeFunction.v1_7_0.DellPCIeFunction",
            "SlotLength": "Other",
            "@odata.etag": "\"W/'gen-3'\""
        },
        {
            "Id": "NIC.Slot.10-1-1",
            "Name": "DellPCIeFunction",
            "@odata.etag": "\"W/'gen-2'\"",
            "SlotType": "OCPNIC3.0SmallFormFactor",
            "SlotLength": "Other",
            "LastSystemInventoryTime": "2025-02-21T23:53:00+00:00",
            "@odata.context": "/redfish/v1/$metadata#DellPCIeFunction.DellPCIeFunction",
            "@odata.type": "#DellPCIeFunction.v1_7_0.DellPCIeFunction",
            "DataBusWidth": "16XOrX16",
            "LastUpdateTime": "2025-02-21T21:24:07+00:00",
            "@odata.id": "/redfish/v1/Chassis/System.Embedded.1/Oem/Dell/DellPCIeFunctions/NIC.Slot.10-1-1",
            "Description": "An instance of DellPCIeFunction will have PCI device specific data."
        },
        {
            "@odata.etag": "\"W/'gen-3'\"",
            "Description": "An instance of DellPCIeFunction will have PCI device specific data.",
            "SlotLength": "Other",
            "@odata.context": "/redfish/v1/$metadata#DellPCIeFunction.DellPCIeFunction",
            "@odata.id": "/redfish/v1/Chassis/System.Embedded.1/Oem/Dell/DellPCIeFunctions/NIC.Slot.10-2-1",
            "LastUpdateTime": "2025-02-21T21:24:07+00:00",
            "DataBusWidth": "16XOrX16",
            "LastSystemInventoryTime": "2025-02-21T23:53:00+00:00",
            "Name": "DellPCIeFunction",
            "Id": "NIC.Slot.10-2-1",
            "SlotType": "OCPNIC3.0SmallFormFactor",
            "@odata.type": "#DellPCIeFunction.v1_7_0.DellPCIeFunction"
        },
        {
            "@odata.context": "/redfish/v1/$metadata#DellPCIeFunction.DellPCIeFunction",
            "@odata.etag": "\"W/'gen-2'\"",
            "SlotType": "Unknown",
            "SlotLength": "Unknown",
            "LastSystemInventoryTime": "2025-02-21T23:53:00+00:00",
            "LastUpdateTime": "2025-02-21T21:24:07+00:00",
            "@odata.type": "#DellPCIeFunction.v1_7_0.DellPCIeFunction",
            "DataBusWidth": "Unknown",
            "Name": "DellPCIeFunction",
            "@odata.id": "/redfish/v1/Chassis/System.Embedded.1/Oem/Dell/DellPCIeFunctions/HostBridge.Embedded.5-1",
            "Description": "An instance of DellPCIeFunction will have PCI device specific data.",
            "Id": "HostBridge.Embedded.5-1"
        },
        {
            "DataBusWidth": "Unknown",
            "Name": "DellPCIeFunction",
            "@odata.type": "#DellPCIeFunction.v1_7_0.DellPCIeFunction",
            "LastSystemInventoryTime": "2025-02-21T23:53:00+00:00",
            "Description": "An instance of DellPCIeFunction will have PCI device specific data.",
            "LastUpdateTime": "2025-02-21T21:24:07+00:00",
            "SlotLength": "Unknown",
            "@odata.context": "/redfish/v1/$metadata#DellPCIeFunction.DellPCIeFunction",
            "@odata.id": "/redfish/v1/Chassis/System.Embedded.1/Oem/Dell/DellPCIeFunctions/HostBridge.Embedded.2-1",
            "Id": "HostBridge.Embedded.2-1",
            "@odata.etag": "\"W/'gen-2'\"",
            "SlotType": "Unknown"
        },
        {
            "LastSystemInventoryTime": "2025-02-21T23:53:00+00:00",
            "LastUpdateTime": "2025-02-21T21:24:07+00:00",
            "@odata.context": "/redfish/v1/$metadata#DellPCIeFunction.DellPCIeFunction",
            "@odata.etag": "\"W/'gen-2'\"",
            "DataBusWidth": "Unknown",
            "Description": "An instance of DellPCIeFunction will have PCI device specific data.",
            "SlotType": "Unknown",
            "Id": "USBXHCI.Embedded.1-1",
            "@odata.id": "/redfish/v1/Chassis/System.Embedded.1/Oem/Dell/DellPCIeFunctions/USBXHCI.Embedded.1-1",
            "Name": "DellPCIeFunction",
            "SlotLength": "Unknown",
            "@odata.type": "#DellPCIeFunction.v1_7_0.DellPCIeFunction"
        },
        {
            "SlotType": "OCPNIC3.0SmallFormFactor",
            "@odata.id": "/redfish/v1/Chassis/System.Embedded.1/Oem/Dell/DellPCIeFunctions/NIC.Slot.4-1-1",
            "SlotLength": "Other",
            "@odata.context": "/redfish/v1/$metadata#DellPCIeFunction.DellPCIeFunction",
            "DataBusWidth": "16XOrX16",
            "Name": "DellPCIeFunction",
            "Id": "NIC.Slot.4-1-1",
            "@odata.type": "#DellPCIeFunction.v1_7_0.DellPCIeFunction",
            "Description": "An instance of DellPCIeFunction will have PCI device specific data.",
            "LastUpdateTime": "2025-02-21T21:24:07+00:00",
            "@odata.etag": "\"W/'gen-2'\"",
            "LastSystemInventoryTime": "2025-02-21T23:53:00+00:00"
        },
        {
            "Description": "An instance of DellPCIeFunction will have PCI device specific data.",
            "LastUpdateTime": "2025-02-21T21:24:07+00:00",
            "Id": "ISABridge.Embedded.1-1",
            "DataBusWidth": "Unknown",
            "Name": "DellPCIeFunction",
            "SlotLength": "Unknown",
            "@odata.id": "/redfish/v1/Chassis/System.Embedded.1/Oem/Dell/DellPCIeFunctions/ISABridge.Embedded.1-1",
            "LastSystemInventoryTime": "2025-02-21T23:53:00+00:00",
            "@odata.context": "/redfish/v1/$metadata#DellPCIeFunction.DellPCIeFunction",
            "@odata.type": "#DellPCIeFunction.v1_7_0.DellPCIeFunction",
            "SlotType": "Unknown",
            "@odata.etag": "\"W/'gen-2'\""
        },
        {
            "LastUpdateTime": "2025-02-21T21:24:07+00:00",
            "LastSystemInventoryTime": "2025-02-21T23:53:00+00:00",
            "Name": "DellPCIeFunction",
            "Id": "HostBridge.Embedded.8-1",
            "@odata.id": "/redfish/v1/Chassis/System.Embedded.1/Oem/Dell/DellPCIeFunctions/HostBridge.Embedded.8-1",
            "SlotType": "Unknown",
            "DataBusWidth": "Unknown",
            "@odata.type": "#DellPCIeFunction.v1_7_0.DellPCIeFunction",
            "@odata.etag": "\"W/'gen-2'\"",
            "Description": "An instance of DellPCIeFunction will have PCI device specific data.",
            "SlotLength": "Unknown",
            "@odata.context": "/redfish/v1/$metadata#DellPCIeFunction.DellPCIeFunction"
        },
        {
            "Name": "DellPCIeFunction",
            "SlotLength": "Unknown",
            "Description": "An instance of DellPCIeFunction will have PCI device specific data.",
            "@odata.id": "/redfish/v1/Chassis/System.Embedded.1/Oem/Dell/DellPCIeFunctions/SerialBus.Embedded.1-1",
            "DataBusWidth": "Unknown",
            "@odata.context": "/redfish/v1/$metadata#DellPCIeFunction.DellPCIeFunction",
            "SlotType": "Unknown",
            "LastSystemInventoryTime": "2025-02-21T23:53:00+00:00",
            "Id": "SerialBus.Embedded.1-1",
            "LastUpdateTime": "2025-02-21T21:24:07+00:00",
            "@odata.etag": "\"W/'gen-2'\"",
            "@odata.type": "#DellPCIeFunction.v1_7_0.DellPCIeFunction"
        },
        {
            "Name": "DellPCIeFunction",
            "Id": "SMBus.Embedded.1-1",
            "LastUpdateTime": "2025-02-21T21:24:07+00:00",
            "@odata.id": "/redfish/v1/Chassis/System.Embedded.1/Oem/Dell/DellPCIeFunctions/SMBus.Embedded.1-1",
            "@odata.context": "/redfish/v1/$metadata#DellPCIeFunction.DellPCIeFunction",
            "@odata.type": "#DellPCIeFunction.v1_7_0.DellPCIeFunction",
            "SlotLength": "Unknown",
            "SlotType": "Unknown",
            "Description": "An instance of DellPCIeFunction will have PCI device specific data.",
            "DataBusWidth": "Unknown",
            "@odata.etag": "\"W/'gen-2'\"",
            "LastSystemInventoryTime": "2025-02-21T23:53:00+00:00"
        },
        {
            "@odata.context": "/redfish/v1/$metadata#DellPCIeFunction.DellPCIeFunction",
            "Name": "DellPCIeFunction",
            "@odata.id": "/redfish/v1/Chassis/System.Embedded.1/Oem/Dell/DellPCIeFunctions/HostBridge.Embedded.6-1",
            "@odata.type": "#DellPCIeFunction.v1_7_0.DellPCIeFunction",
            "Id": "HostBridge.Embedded.6-1",
            "@odata.etag": "\"W/'gen-4'\"",
            "LastSystemInventoryTime": "2025-02-21T23:53:00+00:00",
            "SlotType": "Unknown",
            "Description": "An instance of DellPCIeFunction will have PCI device specific data.",
            "DataBusWidth": "Unknown",
            "LastUpdateTime": "2025-02-21T21:24:07+00:00",
            "SlotLength": "Unknown"
        },
        {
            "DataBusWidth": "Unknown",
            "@odata.type": "#DellPCIeFunction.v1_7_0.DellPCIeFunction",
            "LastUpdateTime": "2025-02-21T21:24:07+00:00",
            "SlotLength": "Unknown",
            "Name": "DellPCIeFunction",
            "SlotType": "Unknown",
            "Id": "HostBridge.Embedded.4-1",
            "@odata.etag": "\"W/'gen-2'\"",
            "Description": "An instance of DellPCIeFunction will have PCI device specific data.",
            "@odata.context": "/redfish/v1/$metadata#DellPCIeFunction.DellPCIeFunction",
            "@odata.id": "/redfish/v1/Chassis/System.Embedded.1/Oem/Dell/DellPCIeFunctions/HostBridge.Embedded.4-1",
            "LastSystemInventoryTime": "2025-02-21T23:53:00+00:00"
        },
        {
            "DataBusWidth": "Unknown",
            "Id": "HostBridge.Embedded.7-1",
            "LastSystemInventoryTime": "2025-02-21T23:53:00+00:00",
            "@odata.etag": "\"W/'gen-2'\"",
            "Name": "DellPCIeFunction",
            "@odata.type": "#DellPCIeFunction.v1_7_0.DellPCIeFunction",
            "Description": "An instance of DellPCIeFunction will have PCI device specific data.",
            "SlotType": "Unknown",
            "LastUpdateTime": "2025-02-21T21:24:07+00:00",
            "@odata.context": "/redfish/v1/$metadata#DellPCIeFunction.DellPCIeFunction",
            "SlotLength": "Unknown",
            "@odata.id": "/redfish/v1/Chassis/System.Embedded.1/Oem/Dell/DellPCIeFunctions/HostBridge.Embedded.7-1"
        },
        {
            "@odata.etag": "\"W/'gen-4'\"",
            "LastUpdateTime": "2025-02-21T21:24:07+00:00",
            "LastSystemInventoryTime": "2025-02-21T23:53:00+00:00",
            "@odata.context": "/redfish/v1/$metadata#DellPCIeFunction.DellPCIeFunction",
            "SlotLength": "Other",
            "@odata.id": "/redfish/v1/Chassis/System.Embedded.1/Oem/Dell/DellPCIeFunctions/NIC.Slot.4-2-1",
            "Description": "An instance of DellPCIeFunction will have PCI device specific data.",
            "SlotType": "OCPNIC3.0SmallFormFactor",
            "DataBusWidth": "16XOrX16",
            "@odata.type": "#DellPCIeFunction.v1_7_0.DellPCIeFunction",
            "Id": "NIC.Slot.4-2-1",
            "Name": "DellPCIeFunction"
        },
        {
            "LastSystemInventoryTime": "2025-02-21T23:53:00+00:00",
            "@odata.context": "/redfish/v1/$metadata#DellPCIeFunction.DellPCIeFunction",
            "Name": "DellPCIeFunction",
            "Id": "RAID.SL.3-1",
            "LastUpdateTime": "2025-02-21T21:24:07+00:00",
            "SlotLength": "Unknown",
            "DataBusWidth": "Unknown",
            "@odata.id": "/redfish/v1/Chassis/System.Embedded.1/Oem/Dell/DellPCIeFunctions/RAID.SL.3-1",
            "Description": "An instance of DellPCIeFunction will have PCI device specific data.",
            "@odata.etag": "\"W/'gen-2'\"",
            "SlotType": "Unknown",
            "@odata.type": "#DellPCIeFunction.v1_7_0.DellPCIeFunction"
        },
        {
            "@odata.context": "/redfish/v1/$metadata#DellPCIeFunction.DellPCIeFunction",
            "Name": "DellPCIeFunction",
            "LastSystemInventoryTime": "2025-02-21T23:53:00+00:00",
            "SlotType": "Unknown",
            "SlotLength": "Unknown",
            "@odata.type": "#DellPCIeFunction.v1_7_0.DellPCIeFunction",
            "Id": "Video.Embedded.1-1",
            "DataBusWidth": "Unknown",
            "@odata.id": "/redfish/v1/Chassis/System.Embedded.1/Oem/Dell/DellPCIeFunctions/Video.Embedded.1-1",
            "@odata.etag": "\"W/'gen-3'\"",
            "Description": "An instance of DellPCIeFunction will have PCI device specific data.",
            "LastUpdateTime": "2025-02-21T21:24:07+00:00"
        },
        {
            "Description": "An instance of DellPCIeFunction will have PCI device specific data.",
            "LastSystemInventoryTime": "2025-02-21T23:53:00+00:00",
            "SlotLength": "Unknown",
            "@odata.id": "/redfish/v1/Chassis/System.Embedded.1/Oem/Dell/DellPCIeFunctions/HostBridge.Embedded.3-1",
            "Name": "DellPCIeFunction",
            "LastUpdateTime": "2025-02-21T21:24:07+00:00",
            "SlotType": "Unknown",
            "@odata.context": "/redfish/v1/$metadata#DellPCIeFunction.DellPCIeFunction",
            "Id": "HostBridge.Embedded.3-1",
            "@odata.etag": "\"W/'gen-2'\"",
            "@odata.type": "#DellPCIeFunction.v1_7_0.DellPCIeFunction",
            "DataBusWidth": "Unknown"
        }
    ],
    "Members@odata.count": 20,
    "@odata.id": "/redfish/v1/Chassis/System.Embedded.1/Oem/Dell/DellPCIeFunctions",
    "@odata.etag": "\"W/'gen-1'\"",
    "Name": "DellPCIeFunctionCollection",
    "@odata.context": "/redfish/v1/$metadata#DellPCIeFunctionCollection.DellPCIeFunctionCollection",
    "@odata.type": "#DellPCIeFunctionCollection.DellPCIeFunctionCollection"
}