{
    "DeviceFQDD": "RSR.Integrated.15",
    "Id": "RSR.Integrated.15_0x23_FRU",
    "SerialNumber": "26R3b",
    "Name": "DellAssembly",
    "@odata.type": "#DellAssembly.v1_1_0.DellAssembly",
    "Description": "This resource shall be used to represent an assembly information.",
    "PackageType": "Module/Card",
    "@odata.id": "/redfish/v1/Chassis/System.Embedded.1/Oem/Dell/DellAssembly/RSR.Integrated.15_0x23_FRU",
    "@odata.context": "/redfish/v1/$metadata#DellAssembly.DellAssembly",
    "@odata.etag": "W/\"gen-1\""
}