{
    "@odata.context": "/redfish/v1/$metadata#JsonSchemaFile.JsonSchemaFile",
    "@odata.id": "/redfish/v1/JsonSchemas/DellCertificateService.v1_1_0",
    "@odata.type": "#JsonSchemaFile.v1_1_4.JsonSchemaFile",
    "Description": "DellCertificateService Schema File Location",
    "Id": "DellCertificateService.v1_1_0",
    "Languages": [
        "en"
    ],
    "Languages@odata.count": 1,
    "Location": [
        {
            "Language": "en",
            "PublicationUri": "http://downloads.dell.com/redfish/bmc/schemas/DellCertificateService.v1_1_0.json",
            "Uri": "/redfish/v1/Schemas/DellCertificateService.v1_1_0.json"
        }
    ],
    "Location@odata.count": 1,
    "Name": "DellCertificateService Schema File",
    "Schema": "#DellCertificateService.v1_1_0.DellCertificateService"
}