{
    "@odata.type": "#PCIeDevice.v1_18_0.PCIeDevice",
    "SKU": null,
    "AssetTag": null,
    "SerialNumber": null,
    "DeviceType": "MultiFunction",
    "Links": {
        "PCIeFunctions": [
            {
                "@odata.id": "/redfish/v1/Chassis/System.Embedded.1/PCIeDevices/0-0-20/PCIeFunctions/0-0-20-3"
            },
            {
                "@odata.id": "/redfish/v1/Chassis/System.Embedded.1/PCIeDevices/0-0-20/PCIeFunctions/0-0-20-0"
            }
        ],
        "PCIeFunctions@odata.count": 2,
        "Chassis": [
            {
                "@odata.id": "/redfish/v1/Chassis/System.Embedded.1"
            }
        ],
        "Chassis@odata.count": 1,
        "Oem": {
            "Dell": {
                "@odata.context": "/redfish/v1/$metadata#DellPCIeDevice.DellPCIeDevice",
                "@odata.type": "#DellPCIeDevice.v1_0_0.DellPCIeDeviceLinks",
                "CPUAffinity": [],
                "CPUAffinity@odata.count": 0
            }
        }
    },
    "Name": "FCH LPC Bridge",
    "FirmwareVersion": "",
    "Model": null,
    "@odata.etag": "W/\"gen-5\"",
    "@odata.id": "/redfish/v1/Chassis/System.Embedded.1/PCIeDevices/0-0-20",
    "PCIeInterface": {
        "LanesInUse": null,
        "MaxLanes": null,
        "MaxPCIeType": null,
        "PCIeType": null
    },
    "PCIeFunctions": {
        "@odata.id": "/redfish/v1/Chassis/System.Embedded.1/PCIeDevices/0-0-20/PCIeFunctions"
    },
    "Status": {
        "Health": "OK",
        "HealthRollup": "OK",
        "State": "Enabled"
    },
    "Id": "0-0-20",
    "PartNumber": null,
    "Slot": {
        "SlotType": null,
        "Lanes": null,
        "Location": {
            "PartLocation": {
                "LocationType": "Slot",
                "LocationOrdinalValue": null
            }
        },
        "PCIeType": null
    },
    "@odata.context": "/redfish/v1/$metadata#PCIeDevice.PCIeDevice",
    "Description": "FCH LPC Bridge",
    "Manufacturer": "Advanced Micro Devices, Inc. [AMD]"
}