{
    "@odata.context": "/redfish/v1/$metadata#JsonSchemaFile.JsonSchemaFile",
    "@odata.id": "/redfish/v1/JsonSchemas/AccelerationFunctionCollection",
    "@odata.type": "#JsonSchemaFile.v1_1_5.JsonSchemaFile",
    "Description": "AccelerationFunctionCollection Schema File Location",
    "Id": "AccelerationFunctionCollection",
    "Languages": [
        "en"
    ],
    "Languages@odata.count": 1,
    "Location": [
        {
            "Language": "en",
            "PublicationUri": "http://redfish.dmtf.org/schemas/v1/AccelerationFunctionCollection.json",
            "Uri": "/redfish/v1/Schemas/AccelerationFunctionCollection.json"
        }
    ],
    "Location@odata.count": 1,
    "Name": "AccelerationFunctionCollection Schema File",
    "Schema": "#AccelerationFunctionCollection.AccelerationFunctionCollection"
}