{
    "Description": "User Account Keys Collection",
    "Members": [],
    "Members@odata.count": 0,
    "Name": "User Account Keys Collection",
    "@Redfish.CollectionCapabilities": {
        "@odata.type": "#CollectionCapabilities.v1_4_1.CollectionCapabilities",
        "MaxMembers": 4
    },
    "@odata.context": "/redfish/v1/$metadata#KeyCollection.KeyCollection",
    "@odata.type": "#KeyCollection.KeyCollection",
    "@odata.id": "/redfish/v1/AccountService/Accounts/2/Keys",
    "@odata.etag": "W/\"gen-1\""
}