{
    "ReadingRangeMax": 104,
    "Oem": {
        "Dell": {
            "PossibleStates@odata.count": 9,
            "RequestedState": "NotApplicable",
            "@odata.context": "/redfish/v1/$metadata#DellOemSensor.DellOemSensor",
            "@odata.type": "#DellOemSensor.v1_1_0.DellOemSensor",
            "CurrentState": "Normal",
            "DeviceID": "iDRAC.Embedded.1#CPU0Temp",
            "PossibleStates": [
                "Unknown",
                "Fatal",
                "Normal",
                "Upper Fatal",
                "Upper Critical",
                "Upper Non-Critical",
                "Lower Non-Critical",
                "Lower Critical",
                "Lower Fatal"
            ]
        }
    },
    "@odata.etag": "\"W/'gen-57'\"",
    "@odata.type": "#Sensor.v1_9_0.Sensor",
    "ReadingBasis": "Zero",
    "ReadingUnits": "Cel",
    "Name": "CPU0 Temp",
    "Reading": 47.8,
    "Id": "CPU0Temp",
    "Description": "Instance of Sensor Id",
    "Status": {
        "State": "Enabled",
        "Health": "OK"
    },
    "Thresholds": {
        "LowerCritical": {
            "Reading": 3
        },
        "UpperCaution": {
            "Reading": null
        },
        "UpperCritical": {
            "Reading": 104
        },
        "LowerCaution": {
            "Reading": null
        }
    },
    "PhysicalContext": "CPU",
    "@odata.context": "/redfish/v1/$metadata#Sensor.Sensor",
    "ReadingType": "Temperature",
    "@odata.id": "/redfish/v1/Chassis/System.Embedded.1/Sensors/CPU0Temp",
    "ReadingRangeMin": 3
}