{
    "@odata.context": "/redfish/v1/$metadata#PCIeFunction.PCIeFunction",
    "@odata.etag": "\"1707801119\"",
    "@odata.type": "#PCIeFunction.v1_5_0.PCIeFunction",
    "@odata.id": "/redfish/v1/Chassis/System.Embedded.1/PCIeDevices/13-0/PCIeFunctions/13-0-1",
    "ClassCode": "0x020000",
    "Description": "MT42822 BlueField-2 integrated ConnectX-6 Dx network controller",
    "DeviceClass": "NetworkController",
    "DeviceId": "0xa2d6",
    "Enabled": true,
    "FunctionId": 1,
    "FunctionType": "Physical",
    "Id": "13-0-1",
    "Links": {
        "StorageControllers": [],
        "StorageControllers@odata.count": 0,
        "Drives": [],
        "Drives@odata.count": 0,
        "EthernetInterfaces": [
            {
                "@odata.id": "/redfish/v1/Systems/System.Embedded.1/EthernetInterfaces/NIC.Slot.2-2-1"
            }
        ],
        "EthernetInterfaces@odata.count": 1,
        "PCIeDevice": {
            "@odata.id": "/redfish/v1/Chassis/System.Embedded.1/PCIeDevices/13-0"
        }
    },
    "Name": "MT42822 BlueField-2 integrated ConnectX-6 Dx network controller",
    "Oem": {
        "Dell": {
            "@odata.type": "#DellChassisPCIeFunction.v1_1_0.DellPCIeFunction",
            "DellPCIeFunction": {
                "DataBusWidth": "16XOrX16",
                "LastSystemInventoryTime": "2024-02-13T05:11:00+00:00",
                "LastUpdateTime": "2022-02-04T19:23:43+00:00",
                "SlotLength": "ShortLength",
                "SlotType": "PCIExpressGen5",
                "Id": "NIC.Slot.2-2-1"
            }
        }
    },
    "RevisionId": "0x01",
    "Status": {
        "State": "Enabled",
        "Health": "OK",
        "HealthRollup": "OK"
    },
    "SubsystemId": "0x0087",
    "SubsystemVendorId": "0x15b3",
    "VendorId": "0x15b3"
}