{
    "@odata.context": "/redfish/v1/$metadata#PortCollection.PortCollection",
    "@odata.id": "/redfish/v1/Chassis/System.Embedded.1/NetworkAdapters/NIC.Slot.3/Ports",
    "@odata.type": "#PortCollection.PortCollection",
    "Description": "Collection Of Port entities",
    "Members": [
        {
            "@odata.id": "/redfish/v1/Chassis/System.Embedded.1/NetworkAdapters/NIC.Slot.3/Ports/NIC.Slot.3-1"
        },
        {
            "@odata.id": "/redfish/v1/Chassis/System.Embedded.1/NetworkAdapters/NIC.Slot.3/Ports/NIC.Slot.3-2"
        },
        {
            "@odata.id": "/redfish/v1/Chassis/System.Embedded.1/NetworkAdapters/NIC.Slot.3/Ports/NIC.Slot.3-3"
        },
        {
            "@odata.id": "/redfish/v1/Chassis/System.Embedded.1/NetworkAdapters/NIC.Slot.3/Ports/NIC.Slot.3-4"
        }
    ],
    "Members@odata.count": 4,
    "Name": "Port Collection"
}