{
    "Slot": {
        "Lanes": 16,
        "Location": {
            "PartLocation": {
                "LocationType": "Slot",
                "LocationOrdinalValue": 4
            }
        },
        "PCIeType": null,
        "SlotType": "OCP3Small"
    },
    "Links": {
        "PCIeFunctions": [
            {
                "@odata.id": "/redfish/v1/Chassis/System.Embedded.1/PCIeDevices/1-135-0/PCIeFunctions/1-135-0-1"
            },
            {
                "@odata.id": "/redfish/v1/Chassis/System.Embedded.1/PCIeDevices/1-135-0/PCIeFunctions/1-135-0-0"
            }
        ],
        "PCIeFunctions@odata.count": 2,
        "Chassis": [
            {
                "@odata.id": "/redfish/v1/Chassis/System.Embedded.1"
            }
        ],
        "Chassis@odata.count": 1,
        "Oem": {
            "Dell": {
                "CPUAffinity": [
                    {
                        "@odata.id": "/redfish/v1/Systems/System.Embedded.1/Processors/CPU.Socket.1"
                    }
                ],
                "CPUAffinity@odata.count": 1,
                "@odata.context": "/redfish/v1/$metadata#DellPCIeDevice.DellPCIeDevice",
                "@odata.type": "#DellPCIeDevice.v1_0_0.DellPCIeDeviceLinks"
            }
        }
    },
    "DeviceType": "MultiFunction",
    "Status": {
        "Health": "OK",
        "HealthRollup": "OK",
        "State": "Enabled"
    },
    "SKU": null,
    "AssetTag": null,
    "@odata.id": "/redfish/v1/Chassis/System.Embedded.1/PCIeDevices/1-135-0",
    "PartNumber": "0DN78C",
    "Description": "MT2894 Family [ConnectX-6 Lx]",
    "FirmwareVersion": "26.32.20.04",
    "PCIeFunctions": {
        "@odata.id": "/redfish/v1/Chassis/System.Embedded.1/PCIeDevices/1-135-0/PCIeFunctions"
    },
    "Id": "1-135-0",
    "@odata.etag": "\"W/'gen-14'\"",
    "@odata.context": "/redfish/v1/$metadata#PCIeDevice.PCIeDevice",
    "PCIeInterface": {
        "MaxPCIeType": null,
        "PCIeType": null,
        "LanesInUse": 16,
        "MaxLanes": 16
    },
    "SerialNumber": "IL74031284000Q",
    "Model": "NVIDIA ConnectX-6 Lx 2x 25G SFP28 OCP3.0 SFF",
    "Manufacturer": "Mellanox Technologies",
    "Name": "MT2894 Family [ConnectX-6 Lx]",
    "@odata.type": "#PCIeDevice.v1_14_0.PCIeDevice"
}