{
    "@odata.context": "/redfish/v1/$metadata#ServiceRoot.ServiceRoot",
    "@odata.id": "/redfish/v1",
    "@odata.type": "#ServiceRoot.v1_16_0.ServiceRoot",
    "AccountService": {
        "@odata.id": "/redfish/v1/AccountService"
    },
    "CertificateService": {
        "@odata.id": "/redfish/v1/CertificateService"
    },
    "Chassis": {
        "@odata.id": "/redfish/v1/Chassis"
    },
    "ComponentIntegrity": {
        "@odata.id": "/redfish/v1/ComponentIntegrity"
    },
    "Description": "Root Service",
    "EventService": {
        "@odata.id": "/redfish/v1/EventService"
    },
    "Fabrics": {
        "@odata.id": "/redfish/v1/Fabrics"
    },
    "Id": "RootService",
    "JobService": {
        "@odata.id": "/redfish/v1/JobService"
    },
    "JsonSchemas": {
        "@odata.id": "/redfish/v1/JsonSchemas"
    },
    "LicenseService": {
        "@odata.id": "/redfish/v1/LicenseService"
    },
    "Links": {
        "Sessions": {
            "@odata.id": "/redfish/v1/SessionService/Sessions"
        }
    },
    "Managers": {
        "@odata.id": "/redfish/v1/Managers"
    },
    "Name": "Root Service",
    "Oem": {
        "Dell": {
            "@odata.context": "/redfish/v1/$metadata#DellServiceRoot.DellServiceRoot",
            "@odata.type": "#DellServiceRoot.v1_0_0.DellServiceRoot",
            "IsBranded": 0,
            "ManagerMACAddress": "b0:7b:25:d2:e3:18",
            "ServiceTag": "CTX4FF3"
        }
    },
    "Product": "Integrated Dell Remote Access Controller",
    "ProtocolFeaturesSupported": {
        "DeepOperations": {
            "DeepPATCH": false,
            "DeepPOST": false
        },
        "ExcerptQuery": false,
        "ExpandQuery": {
            "ExpandAll": true,
            "Levels": true,
            "Links": true,
            "MaxLevels": 1,
            "NoLinks": true
        },
        "FilterQuery": true,
        "OnlyMemberQuery": true,
        "SelectQuery": true
    },
    "RedfishVersion": "1.18.0",
    "Registries": {
        "@odata.id": "/redfish/v1/Registries"
    },
    "ServiceIdentification": "CTX4FF3",
    "SessionService": {
        "@odata.id": "/redfish/v1/SessionService"
    },
    "Systems": {
        "@odata.id": "/redfish/v1/Systems"
    },
    "Tasks": {
        "@odata.id": "/redfish/v1/TaskService"
    },
    "TelemetryService": {
        "@odata.id": "/redfish/v1/TelemetryService"
    },
    "UpdateService": {
        "@odata.id": "/redfish/v1/UpdateService"
    },
    "Vendor": "Dell"
}