{
    "@odata.context": "/redfish/v1/$metadata#JsonSchemaFile.JsonSchemaFile",
    "@odata.id": "/redfish/v1/JsonSchemas/DellControllerBatteryCollection",
    "@odata.type": "#JsonSchemaFile.v1_1_4.JsonSchemaFile",
    "Description": "DellControllerBatteryCollection Schema File Location",
    "Id": "DellControllerBatteryCollection",
    "Languages": [
        "en"
    ],
    "Languages@odata.count": 1,
    "Location": [
        {
            "Language": "en",
            "PublicationUri": "http://downloads.dell.com/redfish/bmc/schemas/DellControllerBatteryCollection.json",
            "Uri": "/redfish/v1/Schemas/DellControllerBatteryCollection.json"
        }
    ],
    "Location@odata.count": 1,
    "Name": "DellControllerBatteryCollection Schema File",
    "Schema": "#DellControllerBatteryCollection.DellControllerBatteryCollection"
}