{
    "@odata.context": "/redfish/v1/$metadata#JsonSchemaFile.JsonSchemaFile",
    "@odata.id": "/redfish/v1/JsonSchemas/ClassOfServiceCollection",
    "@odata.type": "#JsonSchemaFile.v1_1_5.JsonSchemaFile",
    "Description": "ClassOfServiceCollection Schema File Location",
    "Id": "ClassOfServiceCollection",
    "Languages": [
        "en"
    ],
    "Languages@odata.count": 1,
    "Location": [
        {
            "Language": "en",
            "PublicationUri": "http://redfish.dmtf.org/schemas/swordfish/v1/ClassOfServiceCollection.json",
            "Uri": "/redfish/v1/Schemas/ClassOfServiceCollection.json"
        }
    ],
    "Location@odata.count": 1,
    "Name": "ClassOfServiceCollection Schema File",
    "Schema": "#ClassOfServiceCollection.ClassOfServiceCollection"
}