{
    "@odata.context": "/redfish/v1/$metadata#NetworkPort.NetworkPort",
    "@odata.id": "/redfish/v1/Chassis/System.Embedded.1/NetworkAdapters/NIC.Slot.4/NetworkPorts/NIC.Slot.4-2",
    "@odata.type": "#NetworkPort.v1_4_3.NetworkPort",
    "ActiveLinkTechnology": "Ethernet",
    "AssociatedNetworkAddresses": [
        "E8:EB:D3:F7:CB:99"
    ],
    "CurrentLinkSpeedMbps": 10000,
    "Description": "Network Port View",
    "EEEEnabled": null,
    "FlowControlConfiguration": "None",
    "FlowControlStatus": "None",
    "Id": "NIC.Slot.4-2",
    "LinkStatus": "Up",
    "Name": "Network Port View",
    "NetDevFuncMaxBWAlloc": [
        {
            "MaxBWAllocPercent": 0,
            "NetworkDeviceFunction": {
                "@odata.id": "/redfish/v1/Chassis/System.Embedded.1/NetworkAdapters/NIC.Slot.4/NetworkDeviceFunctions/NIC.Slot.4-2-1"
            }
        }
    ],
    "NetDevFuncMaxBWAlloc@odata.count": 1,
    "NetDevFuncMinBWAlloc": [
        {
            "MinBWAllocPercent": 0,
            "NetworkDeviceFunction": {
                "@odata.id": "/redfish/v1/Chassis/System.Embedded.1/NetworkAdapters/NIC.Slot.4/NetworkDeviceFunctions/NIC.Slot.4-2-1"
            }
        }
    ],
    "NetDevFuncMinBWAlloc@odata.count": 1,
    "Oem": {
        "Dell": {
            "@odata.type": "#DellOem.v1_3_0.DellOemResources",
            "DellNetworkTransceiver": {
                "DeviceDescription": "Network Transceiver in NIC in Slot 4 Port 2",
                "FQDD": "NetworkTransceiver.Integrated.1:NIC.Slot.4-2",
                "Id": "NetworkTransceiver.Integrated.1:NIC.Slot.4-2",
                "IdentifierType": "SFP/SFP+/SFP28",
                "InterfaceType": "DirectAttachCopper",
                "Name": "DellNetworkTransceiver",
                "PartNumber": "74752-9506",
                "Revision": "",
                "SerialNumber": "128130275",
                "VendorName": "Molex Inc.",
                "@odata.context": "/redfish/v1/$metadata#DellNetworkTransceiver.DellNetworkTransceiver",
                "@odata.type": "#DellNetworkTransceiver.v1_1_0.DellNetworkTransceiver",
                "@odata.id": "/redfish/v1/Chassis/System.Embedded.1/Oem/Dell/DellNetworkTransceivers/NetworkTransceiver.Integrated.1_NIC.Slot.4-2"
            }
        }
    },
    "PhysicalPortNumber": "2",
    "Status": {
        "State": "Enabled",
        "Health": "OK",
        "HealthRollup": "OK"
    },
    "SupportedEthernetCapabilities": [
        "WakeOnLAN"
    ],
    "SupportedEthernetCapabilities@odata.count": 1,
    "SupportedLinkCapabilities": [
        {
            "AutoSpeedNegotiation": true,
            "LinkNetworkTechnology": "Ethernet",
            "LinkSpeedMbps": 10000
        }
    ],
    "SupportedLinkCapabilities@odata.count": 1,
    "VendorId": "15b3",
    "WakeOnLANEnabled": true
}