{
    "ReadingRangeMax": null,
    "Oem": {
        "Dell": {
            "PossibleStates": [
                "Unknown",
                "Fatal",
                "Normal",
                "Upper Fatal",
                "Upper Critical",
                "Upper Non-Critical",
                "Lower Non-Critical",
                "Lower Critical",
                "Lower Fatal"
            ],
            "PossibleStates@odata.count": 9,
            "RequestedState": "NotApplicable",
            "@odata.context": "/redfish/v1/$metadata#DellOemSensor.DellOemSensor",
            "@odata.type": "#DellOemSensor.v1_1_0.DellOemSensor",
            "CurrentState": "Normal",
            "DeviceID": "iDRAC.Embedded.1#CPU0VCCINFVR"
        }
    },
    "Description": "Instance of Sensor Id",
    "Reading": 0.726,
    "Id": "CPU0VCCINFVR",
    "ReadingType": "Voltage",
    "Thresholds": {
        "UpperCaution": {
            "Reading": null
        },
        "UpperCritical": {
            "Reading": null
        },
        "LowerCaution": {
            "Reading": null
        },
        "LowerCritical": {
            "Reading": null
        }
    },
    "@odata.id": "/redfish/v1/Chassis/System.Embedded.1/Sensors/CPU0VCCINFVR",
    "PhysicalContext": "CPU",
    "ReadingUnits": "V",
    "Status": {
        "State": "Enabled",
        "Health": "OK"
    },
    "ReadingRangeMin": null,
    "ReadingBasis": "Zero",
    "@odata.etag": "\"W/'gen-18'\"",
    "@odata.context": "/redfish/v1/$metadata#Sensor.Sensor",
    "@odata.type": "#Sensor.v1_9_0.Sensor",
    "Name": "CPU0 VCCINF VR"
}