{
    "@odata.context": "/redfish/v1/$metadata#Job.Job",
    "@odata.id": "/redfish/v1/JobService/Jobs/JID_060152548573",
    "@odata.type": "#Job.v1_2_1.Job",
    "Description": "Represent a job in Redfish",
    "Id": "JID_060152548573",
    "Name": "SA Export Local",
    "JobState": "Completed",
    "JobStatus": "OK",
    "PercentComplete": 100,
    "StartTime": "2024-01-23T07:07:34-06:00",
    "EndTime": "2024-01-23T07:08:41-06:00",
    "Messages": [
        {
            "Message": "The SupportAssist Collection operation is either fully or partially completed, and then exported to the local path.",
            "MessageId": "IDRAC.2.9.SRV129",
            "MessageArgs": [],
            "MessageArgs@odata.count": 0
        }
    ],
    "Messages@odata.count": 1
}