{
    "@odata.context": "/redfish/v1/$metadata#JsonSchemaFile.JsonSchemaFile",
    "@odata.id": "/redfish/v1/JsonSchemas/DellChassisCollection",
    "@odata.type": "#JsonSchemaFile.v1_1_4.JsonSchemaFile",
    "Description": "DellChassisCollection Schema File Location",
    "Id": "DellChassisCollection",
    "Languages": [
        "en"
    ],
    "Languages@odata.count": 1,
    "Location": [
        {
            "Language": "en",
            "PublicationUri": "http://downloads.dell.com/redfish/bmc/schemas/DellChassisCollection.json",
            "Uri": "/redfish/v1/Schemas/DellChassisCollection.json"
        }
    ],
    "Location@odata.count": 1,
    "Name": "DellChassisCollection Schema File",
    "Schema": "#DellChassisCollection.DellChassisCollection"
}