{
    "@odata.id": "/redfish/v1/Chassis/System.Embedded.1/PCIeDevices/0-135-0/PCIeFunctions",
    "@odata.etag": "\"W/'gen-1'\"",
    "Description": "Collection of PCIeFunctions",
    "Members": [
        {
            "@odata.id": "/redfish/v1/Chassis/System.Embedded.1/PCIeDevices/0-135-0/PCIeFunctions/0-135-0-2"
        },
        {
            "@odata.id": "/redfish/v1/Chassis/System.Embedded.1/PCIeDevices/0-135-0/PCIeFunctions/0-135-0-0"
        },
        {
            "@odata.id": "/redfish/v1/Chassis/System.Embedded.1/PCIeDevices/0-135-0/PCIeFunctions/0-135-0-1"
        },
        {
            "@odata.id": "/redfish/v1/Chassis/System.Embedded.1/PCIeDevices/0-135-0/PCIeFunctions/0-135-0-3"
        }
    ],
    "Members@odata.count": 4,
    "Name": "PCIeFunction Collection",
    "@odata.context": "/redfish/v1/$metadata#PCIeFunctionCollection.PCIeFunctionCollection",
    "@odata.type": "#PCIeFunctionCollection.PCIeFunctionCollection"
}