{
    "@odata.type": "#PowerSupplyMetrics.v1_1_2.PowerSupplyMetrics",
    "@odata.id": "/redfish/v1/Chassis/System.Embedded.1/PowerSubsystem/PowerSupplies/PSU.Slot.2/Metrics",
    "@odata.context": "/redfish/v1/$metadata#PowerSupplyMetrics.PowerSupplyMetrics",
    "Description": "Represents the properties of Power supply Metrics",
    "Id": "Metrics",
    "InputVoltage": {
        "DataSourceUri": "/redfish/v1/Chassis/System.Embedded.1/Sensors/PS2Voltage",
        "Reading": 204.0
    },
    "InputCurrentAmps": {
        "DataSourceUri": "/redfish/v1/Chassis/System.Embedded.1/Sensors/PS2Current2",
        "Reading": 0.4
    },
    "InputPowerWatts": {
        "DataSourceUri": "/redfish/v1/Chassis/System.Embedded.1/Sensors/PSU.Slot.2_InputPower",
        "Reading": 89.375
    },
    "OutputPowerWatts": {
        "DataSourceUri": "/redfish/v1/Chassis/System.Embedded.1/Sensors/PSU.Slot.2_OutputPower",
        "Reading": 75.75
    },
    "FrequencyHz": {
        "DataSourceUri": "/redfish/v1/Chassis/System.Embedded.1/Sensors/PSU.Slot.2_MaximumFrequency",
        "Reading": 63
    },
    "Name": "Metrics for Power Supply 2",
    "Status": {
        "Health": "OK",
        "State": "Enabled"
    }
}