{
    "@odata.context": "/redfish/v1/$metadata#JsonSchemaFile.JsonSchemaFile",
    "@odata.id": "/redfish/v1/JsonSchemas/CertificateService.v1_0_5",
    "@odata.type": "#JsonSchemaFile.v1_1_5.JsonSchemaFile",
    "Description": "CertificateService Schema File Location",
    "Id": "CertificateService.v1_0_5",
    "Languages": [
        "en"
    ],
    "Languages@odata.count": 1,
    "Location": [
        {
            "Language": "en",
            "PublicationUri": "http://redfish.dmtf.org/schemas/v1/CertificateService.v1_0_5.json",
            "Uri": "/redfish/v1/Schemas/CertificateService.v1_0_5.json"
        }
    ],
    "Location@odata.count": 1,
    "Name": "CertificateService Schema File",
    "Schema": "#CertificateService.v1_0_5.CertificateService"
}