{
    "@odata.context": "/redfish/v1/$metadata#JsonSchemaFile.JsonSchemaFile",
    "@odata.id": "/redfish/v1/JsonSchemas/DellD4D.v1_0_0",
    "@odata.type": "#JsonSchemaFile.v1_1_4.JsonSchemaFile",
    "Description": "DellD4D Schema File Location",
    "Id": "DellD4D.v1_0_0",
    "Languages": [
        "en"
    ],
    "Languages@odata.count": 1,
    "Location": [
        {
            "Language": "en",
            "PublicationUri": "http://downloads.dell.com/redfish/bmc/schemas/DellD4D.v1_0_0.json",
            "Uri": "/redfish/v1/Schemas/DellD4D.v1_0_0.json"
        }
    ],
    "Location@odata.count": 1,
    "Name": "DellD4D Schema File",
    "Schema": "#DellD4D.v1_0_0.DellD4D"
}