{
    "@odata.context": "/redfish/v1/$metadata#Assembly.Assembly",
    "@odata.type": "#Assembly.v1_5_1.Assembly",
    "@odata.id": "/redfish/v1/Chassis/System.Embedded.1/NetworkAdapters/NIC.Slot.4/Assembly",
    "Assemblies": [
        {
            "@odata.type": "#Assembly.v1_5_1.AssemblyData",
            "@odata.id": "/redfish/v1/Chassis/System.Embedded.1/NetworkAdapters/NIC.Slot.4/Assembly#/Assemblies/0",
            "BinaryDataURI": null,
            "Description": "NVIDIA ConnectX-6 Lx 2x 25G SFP28 OCP3.0 SFF",
            "EngineeringChangeLevel": "A01",
            "MemberId": "0",
            "Model": "NVIDIA ConnectX-6 Lx 2x 25G SFP28 OCP3.0 SFF",
            "Name": "NIC.Slot.4#FRU",
            "Oem": {
                "Dell": {
                    "@odata.type": "#DellOem.v1_3_0.DellOemResources",
                    "DellAssembly": {
                        "Description": "This resource shall be used to represent an assembly information.",
                        "DeviceFQDD": "NIC.Slot.4",
                        "Id": "NIC.Slot.4_0x23_FRU",
                        "Name": "DellAssembly",
                        "PackageType": "Module/Card",
                        "SerialNumber": "IL74031284000Q",
                        "@odata.context": "/redfish/v1/$metadata#DellAssembly.DellAssembly",
                        "@odata.type": "#DellAssembly.v1_1_0.DellAssembly",
                        "@odata.id": "/redfish/v1/Chassis/System.Embedded.1/Oem/Dell/DellAssembly/NIC.Slot.4_0x23_FRU"
                    }
                }
            },
            "PartNumber": "0DN78C",
            "Producer": "Dell",
            "ProductionDate": "2022-08-04T00:00:00Z",
            "SKU": null,
            "SparePartNumber": null,
            "Vendor": "DELL",
            "Version": null
        }
    ],
    "Assemblies@odata.count": 1,
    "Description": "Represents the properties of Assembly for the device",
    "Id": "Assembly",
    "Name": "NIC.Slot.4#FRU"
}