{
    "@odata.id": "/redfish/v1/Chassis/System.Embedded.1/Oem/Dell/DellChassis",
    "@odata.etag": "\"W/'gen-1'\"",
    "Description": "A collection of DellChassis resource",
    "Members": [
        {
            "@odata.id": "/redfish/v1/Chassis/System.Embedded.1/Oem/Dell/DellChassis/mainsystemchassis",
            "Description": "This resource shall provide information about the enclosure or chassis the system is in.",
            "@odata.etag": "\"W/'gen-2'\"",
            "SystemID": 3173,
            "@odata.context": "/redfish/v1/$metadata#DellChassis.DellChassis",
            "@odata.type": "#DellChassis.v1_0_0.DellChassis",
            "Id": "mainsystemchassis",
            "Links": {
                "ComputerSystem": {
                    "@odata.id": "/redfish/v1/Systems/System.Embedded.1"
                }
            },
            "Name": "DellChassis",
            "CanBeFRUed": true
        }
    ],
    "Members@odata.count": 1,
    "Name": "DellChassisCollection",
    "@odata.context": "/redfish/v1/$metadata#DellChassisCollection.DellChassisCollection",
    "@odata.type": "#DellChassisCollection.DellChassisCollection"
}