{
    "MaxExecutionTime": "PT2H",
    "EndTime": "2025-08-11T03:40:39-05:00",
    "@odata.type": "#Job.v1_2_4.Job",
    "Id": "JID_549016056849",
    "Messages": [
        {
            "Message": "Successfully exported Server Configuration Profile",
            "MessageArgs": [],
            "MessageArgs@odata.count": 1,
            "MessageId": "IDRAC.2.14.SYS043"
        }
    ],
    "Messages@odata.count": 1,
    "Oem": {
        "Dell": {
            "@odata.context": "/redfish/v1/$metadata#DellOemJob.DellOemJob",
            "@odata.type": "#DellOemJob.v1_0_0.DellOemJob",
            "ActualRunningStartTime": "2025-08-11T03:40:05",
            "ActualRunningStopTime": "2025-08-11T03:40:39",
            "JobType": "ExportConfiguration",
            "OemJobState": "Completed",
            "UntilTime": null
        }
    },
    "@odata.etag": "W/\"gen-2\"",
    "@odata.context": "/redfish/v1/$metadata#Job.Job",
    "JobStatus": "OK",
    "Description": "Represent a job in Redfish",
    "@odata.id": "/redfish/v1/JobService/Jobs/JID_549016056849",
    "StartTime": "2025-08-11T03:40:05-05:00",
    "PercentComplete": 100,
    "JobState": "Completed",
    "Name": "Export Configuration"
}