{
    "SlotType": "Unknown",
    "Description": "An instance of DellPCIeFunction will have PCI device specific data.",
    "DataBusWidth": "Unknown",
    "@odata.etag": "\"W/'gen-2'\"",
    "LastSystemInventoryTime": "2025-02-21T23:53:00+00:00",
    "SlotLength": "Unknown",
    "Id": "SMBus.Embedded.1-1",
    "LastUpdateTime": "2025-02-21T21:24:07+00:00",
    "@odata.id": "/redfish/v1/Chassis/System.Embedded.1/Oem/Dell/DellPCIeFunctions/SMBus.Embedded.1-1",
    "@odata.context": "/redfish/v1/$metadata#DellPCIeFunction.DellPCIeFunction",
    "@odata.type": "#DellPCIeFunction.v1_7_0.DellPCIeFunction",
    "Name": "DellPCIeFunction"
}