{
    "@odata.context": "/redfish/v1/$metadata#DellNICCapabilitiesCollection.DellNICCapabilitiesCollection",
    "@odata.id": "/redfish/v1/Chassis/System.Embedded.1/Oem/Dell/DellNICCapabilities",
    "@odata.type": "#DellNICCapabilitiesCollection.DellNICCapabilitiesCollection",
    "Description": "A collection of DellNICCapabilities resource",
    "Members": [
        {
            "@odata.context": "/redfish/v1/$metadata#DellNICCapabilities.DellNICCapabilities",
            "@odata.id": "/redfish/v1/Chassis/System.Embedded.1/Oem/Dell/DellNICCapabilities/NIC.Slot.10-2-1",
            "@odata.type": "#DellNICCapabilities.v1_2_0.DellNICCapabilities",
            "BPESupport": "NotSupported",
            "CongestionNotification": "NotSupported",
            "DCBExchangeProtocol": "Supported",
            "Description": "An instance of DellNICCapabilities will have data specific to NIC and its port and partitions capabilities.",
            "ETS": "Supported",
            "EVBModesSupport": "NotSupported",
            "FCoEBootSupport": "NotSupported",
            "FCoEMaxIOsPerSession": 0,
            "FCoEMaxNPIVPerPort": 0,
            "FCoEMaxNumberExchanges": 0,
            "FCoEMaxNumberLogins": 0,
            "FCoEMaxNumberOfFCTargets": 0,
            "FCoEMaxNumberOutStandingCommands": 0,
            "FCoEOffloadSupport": "NotSupported",
            "FeatureLicensingSupport": "NotSupported",
            "FlexAddressingSupport": "Supported",
            "IPSecOffloadSupport": "NotSupported",
            "Id": "NIC.Slot.10-2-1",
            "MACSecSupport": "NotSupported",
            "NWManagementPassThrough": "Supported",
            "Name": "DellNICCapabilities",
            "NicPartitioningSupport": "Supported",
            "OSBMCManagementPassThrough": "Supported",
            "OnChipThermalSensor": "Supported",
            "OpenFlowSupport": "NotSupported",
            "PXEBootSupport": "NotSupported",
            "PartitionWOLSupport": "Supported",
            "PersistencePolicySupport": "Supported",
            "PriorityFlowControl": "Supported",
            "RDMASupport": "Supported",
            "RemotePHY": "NotSupported",
            "TCPChimneySupport": "NotSupported",
            "TCPOffloadEngineSupport": "NotSupported",
            "VEB": "Supported",
            "VEBVEPAMultiChannel": "NotSupported",
            "VEBVEPASingleChannel": "Supported",
            "VirtualLinkControl": "NotSupported",
            "iSCSIBootSupport": "NotSupported",
            "iSCSIOffloadSupport": "NotSupported",
            "uEFISupport": "Supported"
        },
        {
            "@odata.context": "/redfish/v1/$metadata#DellNICCapabilities.DellNICCapabilities",
            "@odata.id": "/redfish/v1/Chassis/System.Embedded.1/Oem/Dell/DellNICCapabilities/NIC.Slot.10-1-1",
            "@odata.type": "#DellNICCapabilities.v1_2_0.DellNICCapabilities",
            "BPESupport": "NotSupported",
            "CongestionNotification": "NotSupported",
            "DCBExchangeProtocol": "Supported",
            "Description": "An instance of DellNICCapabilities will have data specific to NIC and its port and partitions capabilities.",
            "ETS": "Supported",
            "EVBModesSupport": "NotSupported",
            "FCoEBootSupport": "NotSupported",
            "FCoEMaxIOsPerSession": 0,
            "FCoEMaxNPIVPerPort": 0,
            "FCoEMaxNumberExchanges": 0,
            "FCoEMaxNumberLogins": 0,
            "FCoEMaxNumberOfFCTargets": 0,
            "FCoEMaxNumberOutStandingCommands": 0,
            "FCoEOffloadSupport": "NotSupported",
            "FeatureLicensingSupport": "NotSupported",
            "FlexAddressingSupport": "Supported",
            "IPSecOffloadSupport": "NotSupported",
            "Id": "NIC.Slot.10-1-1",
            "MACSecSupport": "NotSupported",
            "NWManagementPassThrough": "Supported",
            "Name": "DellNICCapabilities",
            "NicPartitioningSupport": "Supported",
            "OSBMCManagementPassThrough": "Supported",
            "OnChipThermalSensor": "Supported",
            "OpenFlowSupport": "NotSupported",
            "PXEBootSupport": "NotSupported",
            "PartitionWOLSupport": "Supported",
            "PersistencePolicySupport": "Supported",
            "PriorityFlowControl": "Supported",
            "RDMASupport": "Supported",
            "RemotePHY": "NotSupported",
            "TCPChimneySupport": "NotSupported",
            "TCPOffloadEngineSupport": "NotSupported",
            "VEB": "Supported",
            "VEBVEPAMultiChannel": "NotSupported",
            "VEBVEPASingleChannel": "Supported",
            "VirtualLinkControl": "NotSupported",
            "iSCSIBootSupport": "NotSupported",
            "iSCSIOffloadSupport": "NotSupported",
            "uEFISupport": "Supported"
        },
        {
            "@odata.context": "/redfish/v1/$metadata#DellNICCapabilities.DellNICCapabilities",
            "@odata.id": "/redfish/v1/Chassis/System.Embedded.1/Oem/Dell/DellNICCapabilities/NIC.Slot.10-3-1",
            "@odata.type": "#DellNICCapabilities.v1_2_0.DellNICCapabilities",
            "BPESupport": "NotSupported",
            "CongestionNotification": "NotSupported",
            "DCBExchangeProtocol": "Supported",
            "Description": "An instance of DellNICCapabilities will have data specific to NIC and its port and partitions capabilities.",
            "ETS": "Supported",
            "EVBModesSupport": "NotSupported",
            "FCoEBootSupport": "NotSupported",
            "FCoEMaxIOsPerSession": 0,
            "FCoEMaxNPIVPerPort": 0,
            "FCoEMaxNumberExchanges": 0,
            "FCoEMaxNumberLogins": 0,
            "FCoEMaxNumberOfFCTargets": 0,
            "FCoEMaxNumberOutStandingCommands": 0,
            "FCoEOffloadSupport": "NotSupported",
            "FeatureLicensingSupport": "NotSupported",
            "FlexAddressingSupport": "Supported",
            "IPSecOffloadSupport": "NotSupported",
            "Id": "NIC.Slot.10-3-1",
            "MACSecSupport": "NotSupported",
            "NWManagementPassThrough": "Supported",
            "Name": "DellNICCapabilities",
            "NicPartitioningSupport": "Supported",
            "OSBMCManagementPassThrough": "Supported",
            "OnChipThermalSensor": "Supported",
            "OpenFlowSupport": "NotSupported",
            "PXEBootSupport": "NotSupported",
            "PartitionWOLSupport": "Supported",
            "PersistencePolicySupport": "Supported",
            "PriorityFlowControl": "Supported",
            "RDMASupport": "Supported",
            "RemotePHY": "NotSupported",
            "TCPChimneySupport": "NotSupported",
            "TCPOffloadEngineSupport": "NotSupported",
            "VEB": "Supported",
            "VEBVEPAMultiChannel": "NotSupported",
            "VEBVEPASingleChannel": "Supported",
            "VirtualLinkControl": "NotSupported",
            "iSCSIBootSupport": "NotSupported",
            "iSCSIOffloadSupport": "NotSupported",
            "uEFISupport": "Supported"
        },
        {
            "@odata.context": "/redfish/v1/$metadata#DellNICCapabilities.DellNICCapabilities",
            "@odata.id": "/redfish/v1/Chassis/System.Embedded.1/Oem/Dell/DellNICCapabilities/NIC.Slot.10-4-1",
            "@odata.type": "#DellNICCapabilities.v1_2_0.DellNICCapabilities",
            "BPESupport": "NotSupported",
            "CongestionNotification": "NotSupported",
            "DCBExchangeProtocol": "Supported",
            "Description": "An instance of DellNICCapabilities will have data specific to NIC and its port and partitions capabilities.",
            "ETS": "Supported",
            "EVBModesSupport": "NotSupported",
            "FCoEBootSupport": "NotSupported",
            "FCoEMaxIOsPerSession": 0,
            "FCoEMaxNPIVPerPort": 0,
            "FCoEMaxNumberExchanges": 0,
            "FCoEMaxNumberLogins": 0,
            "FCoEMaxNumberOfFCTargets": 0,
            "FCoEMaxNumberOutStandingCommands": 0,
            "FCoEOffloadSupport": "NotSupported",
            "FeatureLicensingSupport": "NotSupported",
            "FlexAddressingSupport": "Supported",
            "IPSecOffloadSupport": "NotSupported",
            "Id": "NIC.Slot.10-4-1",
            "MACSecSupport": "NotSupported",
            "NWManagementPassThrough": "Supported",
            "Name": "DellNICCapabilities",
            "NicPartitioningSupport": "Supported",
            "OSBMCManagementPassThrough": "Supported",
            "OnChipThermalSensor": "Supported",
            "OpenFlowSupport": "NotSupported",
            "PXEBootSupport": "NotSupported",
            "PartitionWOLSupport": "Supported",
            "PersistencePolicySupport": "Supported",
            "PriorityFlowControl": "Supported",
            "RDMASupport": "Supported",
            "RemotePHY": "NotSupported",
            "TCPChimneySupport": "NotSupported",
            "TCPOffloadEngineSupport": "NotSupported",
            "VEB": "Supported",
            "VEBVEPAMultiChannel": "NotSupported",
            "VEBVEPASingleChannel": "Supported",
            "VirtualLinkControl": "NotSupported",
            "iSCSIBootSupport": "NotSupported",
            "iSCSIOffloadSupport": "NotSupported",
            "uEFISupport": "Supported"
        },
        {
            "@odata.context": "/redfish/v1/$metadata#DellNICCapabilities.DellNICCapabilities",
            "@odata.id": "/redfish/v1/Chassis/System.Embedded.1/Oem/Dell/DellNICCapabilities/NIC.Slot.4-2-1",
            "@odata.type": "#DellNICCapabilities.v1_2_0.DellNICCapabilities",
            "BPESupport": "NotSupported",
            "CongestionNotification": "Supported",
            "DCBExchangeProtocol": "Supported",
            "Description": "An instance of DellNICCapabilities will have data specific to NIC and its port and partitions capabilities.",
            "ETS": "Supported",
            "EVBModesSupport": "NotSupported",
            "FCoEBootSupport": "NotSupported",
            "FCoEMaxIOsPerSession": 0,
            "FCoEMaxNPIVPerPort": 0,
            "FCoEMaxNumberExchanges": 0,
            "FCoEMaxNumberLogins": 0,
            "FCoEMaxNumberOfFCTargets": 0,
            "FCoEMaxNumberOutStandingCommands": 0,
            "FCoEOffloadSupport": "NotSupported",
            "FeatureLicensingSupport": "NotSupported",
            "FlexAddressingSupport": "Supported",
            "IPSecOffloadSupport": "NotSupported",
            "Id": "NIC.Slot.4-2-1",
            "MACSecSupport": "NotSupported",
            "NWManagementPassThrough": "Supported",
            "Name": "DellNICCapabilities",
            "NicPartitioningSupport": "NotSupported",
            "OSBMCManagementPassThrough": "Supported",
            "OnChipThermalSensor": "Supported",
            "OpenFlowSupport": "NotSupported",
            "PXEBootSupport": "Supported",
            "PartitionWOLSupport": "NotSupported",
            "PersistencePolicySupport": "Supported",
            "PriorityFlowControl": "Supported",
            "RDMASupport": "Supported",
            "RemotePHY": "NotSupported",
            "TCPChimneySupport": "NotSupported",
            "TCPOffloadEngineSupport": "NotSupported",
            "VEB": "NotSupported",
            "VEBVEPAMultiChannel": "NotSupported",
            "VEBVEPASingleChannel": "NotSupported",
            "VirtualLinkControl": "NotSupported",
            "iSCSIBootSupport": "Supported",
            "iSCSIOffloadSupport": "NotSupported",
            "uEFISupport": "Supported"
        },
        {
            "@odata.context": "/redfish/v1/$metadata#DellNICCapabilities.DellNICCapabilities",
            "@odata.id": "/redfish/v1/Chassis/System.Embedded.1/Oem/Dell/DellNICCapabilities/NIC.Slot.4-1-1",
            "@odata.type": "#DellNICCapabilities.v1_2_0.DellNICCapabilities",
            "BPESupport": "NotSupported",
            "CongestionNotification": "Supported",
            "DCBExchangeProtocol": "Supported",
            "Description": "An instance of DellNICCapabilities will have data specific to NIC and its port and partitions capabilities.",
            "ETS": "Supported",
            "EVBModesSupport": "NotSupported",
            "FCoEBootSupport": "NotSupported",
            "FCoEMaxIOsPerSession": 0,
            "FCoEMaxNPIVPerPort": 0,
            "FCoEMaxNumberExchanges": 0,
            "FCoEMaxNumberLogins": 0,
            "FCoEMaxNumberOfFCTargets": 0,
            "FCoEMaxNumberOutStandingCommands": 0,
            "FCoEOffloadSupport": "NotSupported",
            "FeatureLicensingSupport": "NotSupported",
            "FlexAddressingSupport": "Supported",
            "IPSecOffloadSupport": "NotSupported",
            "Id": "NIC.Slot.4-1-1",
            "MACSecSupport": "NotSupported",
            "NWManagementPassThrough": "Supported",
            "Name": "DellNICCapabilities",
            "NicPartitioningSupport": "NotSupported",
            "OSBMCManagementPassThrough": "Supported",
            "OnChipThermalSensor": "Supported",
            "OpenFlowSupport": "NotSupported",
            "PXEBootSupport": "Supported",
            "PartitionWOLSupport": "NotSupported",
            "PersistencePolicySupport": "Supported",
            "PriorityFlowControl": "Supported",
            "RDMASupport": "Supported",
            "RemotePHY": "NotSupported",
            "TCPChimneySupport": "NotSupported",
            "TCPOffloadEngineSupport": "NotSupported",
            "VEB": "NotSupported",
            "VEBVEPAMultiChannel": "NotSupported",
            "VEBVEPASingleChannel": "NotSupported",
            "VirtualLinkControl": "NotSupported",
            "iSCSIBootSupport": "Supported",
            "iSCSIOffloadSupport": "NotSupported",
            "uEFISupport": "Supported"
        }
    ],
    "Members@odata.count": 6,
    "Name": "DellNICCapabilitiesCollection"
}