{
    "OEMAccountTypes": [
        "SOL",
        "RACADM"
    ],
    "Enabled": true,
    "PasswordExpiration": null,
    "Password": null,
    "Description": "User Account",
    "SNMP": {
        "AuthenticationKey": null,
        "AuthenticationKeySet": true,
        "AuthenticationProtocol": "HMAC256_SHA384",
        "EncryptionKey": null,
        "EncryptionKeySet": true,
        "EncryptionProtocol": "CFB128_AES256"
    },
    "@odata.id": "/redfish/v1/AccountService/Accounts/2",
    "AccountTypes": [
        "Redfish",
        "SNMP",
        "OEM",
        "HostConsole",
        "ManagerConsole",
        "IPMI",
        "KVMIP",
        "VirtualMedia",
        "WebUI"
    ],
    "StrictAccountTypes": false,
    "PasswordChangeRequired": false,
    "Id": "2",
    "Oem": {
        "Dell": {
            "@odata.context": "/redfish/v1/$metadata#DellManagerAccount.DellManagerAccount",
            "@odata.type": "#DellManagerAccount.v1_0_0.DellManagerAccount",
            "SNMPv3PassphraseEnabled": "Disabled"
        }
    },
    "@odata.context": "/redfish/v1/$metadata#ManagerAccount.ManagerAccount",
    "RoleId": "Administrator",
    "@odata.type": "#ManagerAccount.v1_12_1.ManagerAccount",
    "Locked": false,
    "Name": "User Account",
    "@odata.etag": "\"W/'gen-3'\"",
    "Keys": {
        "@odata.id": "/redfish/v1/AccountService/Accounts/2/Keys"
    },
    "Links": {
        "Role": {
            "@odata.id": "/redfish/v1/AccountService/Roles/Administrator"
        }
    },
    "UserName": "root"
}