{
    "@odata.type": "#FanCollection.FanCollection",
    "Description": "Collection of Fan",
    "Members": [
        {
            "@odata.id": "/redfish/v1/Chassis/System.Embedded.1/ThermalSubsystem/Fans/CoolingController.1.Fan5"
        },
        {
            "@odata.id": "/redfish/v1/Chassis/System.Embedded.1/ThermalSubsystem/Fans/CoolingController.1.Fan1"
        },
        {
            "@odata.id": "/redfish/v1/Chassis/System.Embedded.1/ThermalSubsystem/Fans/CoolingController.1.Fan3"
        },
        {
            "@odata.id": "/redfish/v1/Chassis/System.Embedded.1/ThermalSubsystem/Fans/CoolingController.1.Fan6"
        },
        {
            "@odata.id": "/redfish/v1/Chassis/System.Embedded.1/ThermalSubsystem/Fans/CoolingController.1.Fan4"
        },
        {
            "@odata.id": "/redfish/v1/Chassis/System.Embedded.1/ThermalSubsystem/Fans/CoolingController.1.Fan2"
        }
    ],
    "Members@odata.count": 6,
    "@odata.id": "/redfish/v1/Chassis/System.Embedded.1/ThermalSubsystem/Fans",
    "@odata.etag": "W/\"gen-1\"",
    "Name": "Fan Collection",
    "@odata.context": "/redfish/v1/$metadata#FanCollection.FanCollection"
}