{
    "@odata.context": "/redfish/v1/$metadata#JsonSchemaFile.JsonSchemaFile",
    "@odata.id": "/redfish/v1/JsonSchemas/DellJob.v1_5_0",
    "@odata.type": "#JsonSchemaFile.v1_1_4.JsonSchemaFile",
    "Description": "DellJob Schema File Location",
    "Id": "DellJob.v1_5_0",
    "Languages": [
        "en"
    ],
    "Languages@odata.count": 1,
    "Location": [
        {
            "Language": "en",
            "PublicationUri": "http://downloads.dell.com/redfish/bmc/schemas/DellJob.v1_5_0.json",
            "Uri": "/redfish/v1/Schemas/DellJob.v1_5_0.json"
        }
    ],
    "Location@odata.count": 1,
    "Name": "DellJob Schema File",
    "Schema": "#DellJob.v1_5_0.DellJob"
}