{
    "SerialNumber": "",
    "@odata.context": "/redfish/v1/$metadata#DellAssembly.DellAssembly",
    "@odata.etag": "\"W/'gen-1'\"",
    "DeviceFQDD": "OEM.1:System.Embedded.1",
    "PackageType": "Module/Card",
    "@odata.id": "/redfish/v1/Chassis/System.Embedded.1/Oem/Dell/DellAssembly/OEM.1_System.Embedded.1_0x23_FRU",
    "Description": "This resource shall be used to represent an assembly information.",
    "Id": "OEM.1:System.Embedded.1_0x23_FRU",
    "Name": "DellAssembly",
    "@odata.type": "#DellAssembly.v1_1_0.DellAssembly"
}