{
    "@odata.context": "/redfish/v1/$metadata#JsonSchemaFile.JsonSchemaFile",
    "@odata.id": "/redfish/v1/JsonSchemas/Connection.v1_3_2",
    "@odata.type": "#JsonSchemaFile.v1_1_5.JsonSchemaFile",
    "Description": "Connection Schema File Location",
    "Id": "Connection.v1_3_2",
    "Languages": [
        "en"
    ],
    "Languages@odata.count": 1,
    "Location": [
        {
            "Language": "en",
            "PublicationUri": "http://redfish.dmtf.org/schemas/v1/Connection.v1_3_2.json",
            "Uri": "/redfish/v1/Schemas/Connection.v1_3_2.json"
        }
    ],
    "Location@odata.count": 1,
    "Name": "Connection Schema File",
    "Schema": "#Connection.v1_3_2.Connection"
}