{
    "@odata.context": "/redfish/v1/$metadata#PCIeDevice.PCIeDevice",
    "@odata.etag": "\"1707801117\"",
    "@odata.id": "/redfish/v1/Chassis/System.Embedded.1/PCIeDevices/55-0",
    "@odata.type": "#PCIeDevice.v1_11_1.PCIeDevice",
    "AssetTag": null,
    "Description": "HBA465e Adapter",
    "DeviceType": "SingleFunction",
    "FirmwareVersion": "8.8.0.0.15-17",
    "Id": "55-0",
    "Links": {
        "Chassis": [
            {
                "@odata.id": "/redfish/v1/Chassis/System.Embedded.1"
            }
        ],
        "Chassis@odata.count": 1,
        "Oem": {
            "Dell": {
                "@odata.type": "#DellOem.v1_3_0.DellOemLinks",
                "CPUAffinity": [
                    {
                        "@odata.id": "/redfish/v1/Systems/System.Embedded.1/Processors/CPU.Socket.1"
                    }
                ],
                "CPUAffinity@odata.count": 1
            }
        },
        "PCIeFunctions": [
            {
                "@odata.id": "/redfish/v1/Chassis/System.Embedded.1/PCIeDevices/55-0/PCIeFunctions/55-0-0"
            }
        ],
        "PCIeFunctions@odata.count": 1,
        "PCIeFunctions@Redfish.Deprecated": "Please migrate to PCIeFunctions property in the root resource."
    },
    "Manufacturer": "Broadcom / LSI",
    "Model": "HBA465e Adapter",
    "Name": "HBA465e Adapter",
    "PartNumber": "08Y0MW",
    "SKU": null,
    "SerialNumber": "CNFCP003CB007R",
    "Slot": {
        "Lanes": 16,
        "Location": {
            "PartLocation": {
                "LocationOrdinalValue": 1,
                "LocationType": "Slot"
            }
        },
        "PCIeType": "Gen5",
        "SlotType": "HalfLength"
    },
    "PCIeInterface": {
        "MaxPCIeType": "Gen5",
        "PCIeType": "Gen5",
        "MaxLanes": 16,
        "LanesInUse": 16
    },
    "Status": {
        "State": "Enabled",
        "Health": "OK",
        "HealthRollup": "OK"
    },
    "PCIeFunctions": {
        "@odata.id": "/redfish/v1/Chassis/System.Embedded.1/PCIeDevices/55-0/PCIeFunctions"
    }
}