{
    "@odata.context": "/redfish/v1/$metadata#JsonSchemaFile.JsonSchemaFile",
    "@odata.id": "/redfish/v1/JsonSchemas/AddressPoolCollection",
    "@odata.type": "#JsonSchemaFile.v1_1_4.JsonSchemaFile",
    "Description": "AddressPoolCollection Schema File Location",
    "Id": "AddressPoolCollection",
    "Languages": [
        "en"
    ],
    "Languages@odata.count": 1,
    "Location": [
        {
            "Language": "en",
            "PublicationUri": "http://redfish.dmtf.org/schemas/v1/AddressPoolCollection.json",
            "Uri": "/redfish/v1/Schemas/AddressPoolCollection.json"
        }
    ],
    "Location@odata.count": 1,
    "Name": "AddressPoolCollection Schema File",
    "Schema": "#AddressPoolCollection.AddressPoolCollection"
}