{
    "@odata.context": "/redfish/v1/$metadata#PCIeDevice.PCIeDevice",
    "@odata.id": "/redfish/v1/Chassis/System.Embedded.1/PCIeDevices/0-174-0",
    "Status": {
        "HealthRollup": "OK",
        "State": "Enabled",
        "Health": "OK"
    },
    "FirmwareVersion": "8.8.0.0.18-30",
    "Name": "PERC H965i Front",
    "SKU": null,
    "Slot": {
        "Lanes": null,
        "Location": {
            "PartLocation": {
                "LocationOrdinalValue": null,
                "LocationType": "Slot"
            }
        },
        "PCIeType": null,
        "SlotType": null
    },
    "Id": "0-174-0",
    "AssetTag": null,
    "@odata.etag": "\"W/'gen-3'\"",
    "Model": "Dell Storage Cntlr. H965i Front",
    "SerialNumber": "CNFCP0042M0010",
    "PartNumber": "0D0VXG",
    "PCIeFunctions": {
        "@odata.id": "/redfish/v1/Chassis/System.Embedded.1/PCIeDevices/0-174-0/PCIeFunctions"
    },
    "@odata.type": "#PCIeDevice.v1_14_0.PCIeDevice",
    "Description": "PERC H965i Front",
    "Manufacturer": "Broadcom / LSI",
    "DeviceType": "SingleFunction",
    "PCIeInterface": {
        "MaxPCIeType": null,
        "PCIeType": null,
        "LanesInUse": null,
        "MaxLanes": null
    },
    "Links": {
        "PCIeFunctions": [
            {
                "@odata.id": "/redfish/v1/Chassis/System.Embedded.1/PCIeDevices/0-174-0/PCIeFunctions/0-174-0-0"
            }
        ],
        "PCIeFunctions@odata.count": 1,
        "Chassis": [
            {
                "@odata.id": "/redfish/v1/Chassis/System.Embedded.1"
            }
        ],
        "Chassis@odata.count": 1,
        "Oem": {
            "Dell": {
                "@odata.type": "#DellPCIeDevice.v1_0_0.DellPCIeDeviceLinks",
                "CPUAffinity": [
                    {
                        "@odata.id": "/redfish/v1/Systems/System.Embedded.1/Processors/CPU.Socket.0"
                    }
                ],
                "CPUAffinity@odata.count": 1,
                "@odata.context": "/redfish/v1/$metadata#DellPCIeDevice.DellPCIeDevice"
            }
        }
    }
}