{
    "@odata.id": "/redfish/v1/Chassis/System.Embedded.1/Oem/Dell/DellNIC",
    "@odata.etag": "W/\"gen-1\"",
    "@odata.type": "#DellNICCollection.DellNICCollection",
    "Description": "A collection of DellNIC resource",
    "Members": [
        {
            "LastSystemInventoryTime": "2025-11-06T19:28:47+00:00",
            "SerialNumber": "VNFCBBA2CD04S3",
            "PermanentFIPAddress": null,
            "Description": "An instance of DellNIC will have NIC device specific data.",
            "SlotType": "OCPNIC3.0SmallFormFactor",
            "VirtualFIPAddress": null,
            "LastUpdateTime": "2025-11-06T11:28:45+00:00",
            "PCISubVendorID": "14E4",
            "VPISupport": "NotAvailable",
            "RTCapable": true,
            "FCoEWWNN": "",
            "VirtualISCSIAddress": null,
            "LANDriverVersion": "216.0.14",
            "PCISubDeviceID": "5045",
            "ProductName": "Broadcom Adv. Quad 25Gb Ethernet - 14:23:F2:3E:36:B0",
            "FunctionNumber": 1,
            "FCoEOSDriverVersion": "",
            "SlotLength": "Other",
            "PermanentFCOEMACAddress": "14:23:F2:3E:36:B1",
            "DataBusWidth": "4XOrX4",
            "FCoEOffloadMode": "Unknown",
            "VendorName": "Broadcom Corp",
            "PermanentiSCSIMACAddress": null,
            "@odata.id": "/redfish/v1/Chassis/System.Embedded.1/Oem/Dell/DellNIC/NIC.Slot.10-2-1",
            "PartNumber": "03Y64D",
            "PCIDeviceID": "1751",
            "EFIVersion": "232.0.164.2",
            "NumberOfPorts": 4,
            "ControllerBIOSVersion": "232.0.163.9",
            "RDMAOSDriverVersion": "",
            "ISCSIOSDriverVersion": "",
            "Id": "NIC.Slot.10-2-1",
            "SNAPIState": "Disabled",
            "FCOSDriverVersion": "",
            "Protocol": "NIC",
            "InstanceID": "NIC.Slot.10-2-1",
            "MinBandwidthPercent": 0,
            "FamilyVersion": "23.21.14.14",
            "MediaType": "SFF_CAGE",
            "@odata.type": "#DellNIC.v1_9_0.DellNIC",
            "SNAPISupport": "NotAvailable",
            "@odata.etag": "W/\"gen-1705\"",
            "DeviceDescription": "NIC in Slot 10 Port 2 Partition 1",
            "iScsiOffloadMode": "Disabled",
            "MaxBandwidthPercent": 100,
            "Name": "DellNIC",
            "NumberPCIEFunctionsSupported": 4,
            "LinkDuplex": "Unknown",
            "NicMode": "Enabled",
            "PCIVendorID": "14E4",
            "@odata.context": "/redfish/v1/$metadata#DellNIC.DellNIC",
            "BusNumber": 153,
            "NumberPCIEFunctionsEnabled": 1,
            "FQDD": "NIC.Slot.10-2-1"
        },
        {
            "NumberOfPorts": 4,
            "SNAPIState": "Disabled",
            "LastUpdateTime": "2025-11-06T11:28:45+00:00",
            "MinBandwidthPercent": 0,
            "RTCapable": true,
            "LastSystemInventoryTime": "2025-11-06T19:28:47+00:00",
            "@odata.etag": "W/\"gen-1694\"",
            "NicMode": "Enabled",
            "Name": "DellNIC",
            "@odata.id": "/redfish/v1/Chassis/System.Embedded.1/Oem/Dell/DellNIC/NIC.Slot.10-1-1",
            "PermanentiSCSIMACAddress": null,
            "FCOSDriverVersion": "",
            "FCoEWWNN": "",
            "FamilyVersion": "23.21.14.14",
            "ISCSIOSDriverVersion": "",
            "PartNumber": "03Y64D",
            "DataBusWidth": "4XOrX4",
            "VendorName": "Broadcom Corp",
            "VirtualFIPAddress": null,
            "LANDriverVersion": "216.0.14",
            "NumberPCIEFunctionsSupported": 4,
            "VirtualISCSIAddress": null,
            "Protocol": "NIC",
            "LinkDuplex": "FullDuplex",
            "EFIVersion": "232.0.164.2",
            "Description": "An instance of DellNIC will have NIC device specific data.",
            "ProductName": "Broadcom Adv. Quad 25Gb Ethernet - 14:23:F2:3E:36:B0",
            "Id": "NIC.Slot.10-1-1",
            "iScsiOffloadMode": "Disabled",
            "SNAPISupport": "NotAvailable",
            "SerialNumber": "VNFCBBA2CD04S3",
            "@odata.type": "#DellNIC.v1_9_0.DellNIC",
            "@odata.context": "/redfish/v1/$metadata#DellNIC.DellNIC",
            "PermanentFCOEMACAddress": "14:23:F2:3E:36:B0",
            "SlotLength": "Other",
            "NumberPCIEFunctionsEnabled": 1,
            "FQDD": "NIC.Slot.10-1-1",
            "FunctionNumber": 0,
            "BusNumber": 153,
            "PermanentFIPAddress": null,
            "SlotType": "OCPNIC3.0SmallFormFactor",
            "RDMAOSDriverVersion": "",
            "PCIDeviceID": "1751",
            "ControllerBIOSVersion": "232.0.163.9",
            "PCISubVendorID": "14E4",
            "VPISupport": "NotAvailable",
            "MaxBandwidthPercent": 100,
            "MediaType": "SFF_CAGE",
            "DeviceDescription": "NIC in Slot 10 Port 1 Partition 1",
            "PCISubDeviceID": "5045",
            "InstanceID": "NIC.Slot.10-1-1",
            "PCIVendorID": "14E4",
            "FCoEOSDriverVersion": "",
            "FCoEOffloadMode": "Unknown"
        },
        {
            "EFIVersion": "232.0.164.2",
            "FCoEOSDriverVersion": "",
            "PCIVendorID": "14E4",
            "ControllerBIOSVersion": "232.0.163.9",
            "SNAPISupport": "NotAvailable",
            "SNAPIState": "Disabled",
            "@odata.etag": "W/\"gen-1702\"",
            "FCoEOffloadMode": "Unknown",
            "NumberPCIEFunctionsEnabled": 1,
            "InstanceID": "NIC.Slot.10-4-1",
            "FQDD": "NIC.Slot.10-4-1",
            "Name": "DellNIC",
            "VirtualISCSIAddress": null,
            "LastUpdateTime": "2025-11-06T11:28:45+00:00",
            "SerialNumber": "VNFCBBA2CD04S3",
            "MediaType": "SFF_CAGE",
            "PermanentFIPAddress": null,
            "@odata.type": "#DellNIC.v1_9_0.DellNIC",
            "NumberPCIEFunctionsSupported": 4,
            "FamilyVersion": "23.21.14.14",
            "RTCapable": true,
            "PermanentFCOEMACAddress": "14:23:F2:3E:36:B3",
            "DataBusWidth": "4XOrX4",
            "Id": "NIC.Slot.10-4-1",
            "VendorName": "Broadcom Corp",
            "PCISubDeviceID": "5045",
            "FCOSDriverVersion": "",
            "SlotType": "OCPNIC3.0SmallFormFactor",
            "RDMAOSDriverVersion": "",
            "Description": "An instance of DellNIC will have NIC device specific data.",
            "@odata.context": "/redfish/v1/$metadata#DellNIC.DellNIC",
            "VirtualFIPAddress": null,
            "FunctionNumber": 3,
            "@odata.id": "/redfish/v1/Chassis/System.Embedded.1/Oem/Dell/DellNIC/NIC.Slot.10-4-1",
            "PartNumber": "03Y64D",
            "ProductName": "Broadcom Adv. Quad 25Gb Ethernet - 14:23:F2:3E:36:B0",
            "FCoEWWNN": "",
            "PermanentiSCSIMACAddress": null,
            "NumberOfPorts": 4,
            "SlotLength": "Other",
            "VPISupport": "NotAvailable",
            "MinBandwidthPercent": 0,
            "DeviceDescription": "NIC in Slot 10 Port 4 Partition 1",
            "iScsiOffloadMode": "Disabled",
            "PCISubVendorID": "14E4",
            "LANDriverVersion": "216.0.14",
            "Protocol": "NIC",
            "LinkDuplex": "Unknown",
            "MaxBandwidthPercent": 100,
            "NicMode": "Enabled",
            "PCIDeviceID": "1751",
            "LastSystemInventoryTime": "2025-11-06T19:28:47+00:00",
            "ISCSIOSDriverVersion": "",
            "BusNumber": 153
        },
        {
            "iScsiOffloadMode": "Disabled",
            "@odata.type": "#DellNIC.v1_9_0.DellNIC",
            "NumberPCIEFunctionsEnabled": 1,
            "PermanentiSCSIMACAddress": null,
            "PCISubVendorID": "14E4",
            "SNAPISupport": "NotAvailable",
            "PCIVendorID": "14E4",
            "LinkDuplex": "Unknown",
            "PartNumber": "03Y64D",
            "FCOSDriverVersion": "",
            "MediaType": "SFF_CAGE",
            "EFIVersion": "232.0.164.2",
            "FCoEWWNN": "",
            "Protocol": "NIC",
            "ProductName": "Broadcom Adv. Quad 25Gb Ethernet - 14:23:F2:3E:36:B0",
            "RTCapable": true,
            "NicMode": "Enabled",
            "SerialNumber": "VNFCBBA2CD04S3",
            "Description": "An instance of DellNIC will have NIC device specific data.",
            "SlotType": "OCPNIC3.0SmallFormFactor",
            "PermanentFIPAddress": null,
            "MinBandwidthPercent": 0,
            "PCIDeviceID": "1751",
            "DataBusWidth": "4XOrX4",
            "@odata.context": "/redfish/v1/$metadata#DellNIC.DellNIC",
            "Id": "NIC.Slot.10-3-1",
            "FQDD": "NIC.Slot.10-3-1",
            "ISCSIOSDriverVersion": "",
            "FCoEOSDriverVersion": "",
            "FCoEOffloadMode": "Unknown",
            "DeviceDescription": "NIC in Slot 10 Port 3 Partition 1",
            "FunctionNumber": 2,
            "VendorName": "Broadcom Corp",
            "PCISubDeviceID": "5045",
            "VirtualISCSIAddress": null,
            "LastSystemInventoryTime": "2025-11-06T19:28:47+00:00",
            "VPISupport": "NotAvailable",
            "LastUpdateTime": "2025-11-06T11:28:45+00:00",
            "InstanceID": "NIC.Slot.10-3-1",
            "RDMAOSDriverVersion": "",
            "Name": "DellNIC",
            "SlotLength": "Other",
            "@odata.etag": "W/\"gen-1705\"",
            "VirtualFIPAddress": null,
            "@odata.id": "/redfish/v1/Chassis/System.Embedded.1/Oem/Dell/DellNIC/NIC.Slot.10-3-1",
            "MaxBandwidthPercent": 100,
            "NumberPCIEFunctionsSupported": 4,
            "PermanentFCOEMACAddress": "14:23:F2:3E:36:B2",
            "BusNumber": 153,
            "NumberOfPorts": 4,
            "SNAPIState": "Disabled",
            "LANDriverVersion": "216.0.14",
            "ControllerBIOSVersion": "232.0.163.9",
            "FamilyVersion": "23.21.14.14"
        }
    ],
    "Members@odata.count": 4,
    "Name": "DellNICCollection",
    "@odata.context": "/redfish/v1/$metadata#DellNICCollection.DellNICCollection"
}