{
    "@odata.context": "/redfish/v1/$metadata#JsonSchemaFile.JsonSchemaFile",
    "@odata.id": "/redfish/v1/JsonSchemas/CompositionReservation.v1_0_0",
    "@odata.type": "#JsonSchemaFile.v1_1_4.JsonSchemaFile",
    "Description": "CompositionReservation Schema File Location",
    "Id": "CompositionReservation.v1_0_0",
    "Languages": [
        "en"
    ],
    "Languages@odata.count": 1,
    "Location": [
        {
            "Language": "en",
            "PublicationUri": "http://redfish.dmtf.org/schemas/v1/CompositionReservation.v1_0_0.json",
            "Uri": "/redfish/v1/Schemas/CompositionReservation.v1_0_0.json"
        }
    ],
    "Location@odata.count": 1,
    "Name": "CompositionReservation Schema File",
    "Schema": "#CompositionReservation.v1_0_0.CompositionReservation"
}