{
    "DeviceClass": "SerialBusController",
    "Status": {
        "State": "Enabled",
        "Health": "OK",
        "HealthRollup": "OK"
    },
    "Oem": {
        "Dell": {
            "@odata.type": "#DellChassisPCIeFunction.v1_1_0.DellPCIeFunction",
            "DellPCIeFunction": {
                "SlotLength": "Unknown",
                "SlotType": "Unknown",
                "DataBusWidth": "Unknown",
                "Id": "SerialBus.Embedded.1-1",
                "LastSystemInventoryTime": "2025-02-21T23:53:00+00:00",
                "LastUpdateTime": "2025-02-21T21:24:07+00:00"
            },
            "@odata.context": "/redfish/v1/$metadata#DellChassisPCIeFunction.DellChassisPCIeFunction"
        }
    },
    "@odata.id": "/redfish/v1/Chassis/System.Embedded.1/PCIeDevices/0-0-31/PCIeFunctions/0-0-31-5",
    "SubsystemVendorId": "0x8086",
    "Id": "0-0-31-5",
    "Enabled": true,
    "@odata.type": "#PCIeFunction.v1_6_0.PCIeFunction",
    "FunctionType": "Physical",
    "ClassCode": "0x00000c",
    "FunctionId": 5,
    "Description": "Intel Corporation",
    "DeviceId": "0x5794",
    "Name": "Intel Corporation",
    "@odata.etag": "\"W/'gen-3'\"",
    "@odata.context": "/redfish/v1/$metadata#PCIeFunction.PCIeFunction",
    "RevisionId": "0x09",
    "VendorId": "0x8086",
    "Links": {
        "PCIeDevice": {
            "@odata.id": "/redfish/v1/Chassis/System.Embedded.1/PCIeDevices/0-0-31"
        },
        "Drives": [],
        "Drives@odata.count": 0
    },
    "FunctionProtocol": "PCIe",
    "SubsystemId": "0x7270"
}