{
    "@odata.context": "/redfish/v1/$metadata#PCIeDevice.PCIeDevice",
    "@odata.etag": "\"1740158370\"",
    "@odata.id": "/redfish/v1/Chassis/System.Embedded.1/PCIeDevices/62-0",
    "@odata.type": "#PCIeDevice.v1_14_0.PCIeDevice",
    "AssetTag": null,
    "Description": "BOSS-N1 Modular",
    "DeviceType": "SingleFunction",
    "FirmwareVersion": "2.1.13.2025",
    "Id": "62-0",
    "Links": {
        "Chassis": [
            {
                "@odata.id": "/redfish/v1/Chassis/System.Embedded.1"
            }
        ],
        "Chassis@odata.count": 1,
        "Oem": {
            "Dell": {
                "@odata.type": "#DellOem.v1_3_0.DellOemLinks",
                "CPUAffinity": [
                    {
                        "@odata.id": "/redfish/v1/Systems/System.Embedded.1/Processors/CPU.Socket.1"
                    }
                ],
                "CPUAffinity@odata.count": 1
            }
        },
        "PCIeFunctions": [
            {
                "@odata.id": "/redfish/v1/Chassis/System.Embedded.1/PCIeDevices/62-0/PCIeFunctions/62-0-0"
            }
        ],
        "PCIeFunctions@odata.count": 1,
        "PCIeFunctions@Redfish.Deprecated": "Please migrate to PCIeFunctions property in the root resource."
    },
    "Manufacturer": "Marvell Technology Group Ltd.",
    "Model": "BOSS-N1 Modular",
    "Name": "BOSS-N1 Modular",
    "PartNumber": "0JVR0M",
    "SKU": null,
    "SerialNumber": "CNFCP0035G007J",
    "Slot": {},
    "Status": {
        "State": "Enabled",
        "Health": "OK",
        "HealthRollup": "OK"
    },
    "PCIeFunctions": {
        "@odata.id": "/redfish/v1/Chassis/System.Embedded.1/PCIeDevices/62-0/PCIeFunctions"
    }
}