{
    "@odata.context": "/redfish/v1/$metadata#PCIeDevice.PCIeDevice",
    "PartNumber": null,
    "@odata.type": "#PCIeDevice.v1_18_0.PCIeDevice",
    "SKU": null,
    "PCIeFunctions": {
        "@odata.id": "/redfish/v1/Chassis/System.Embedded.1/PCIeDevices/0-160-2/PCIeFunctions"
    },
    "Links": {
        "Oem": {
            "Dell": {
                "CPUAffinity": [],
                "CPUAffinity@odata.count": 0,
                "@odata.context": "/redfish/v1/$metadata#DellPCIeDevice.DellPCIeDevice",
                "@odata.type": "#DellPCIeDevice.v1_0_0.DellPCIeDeviceLinks"
            }
        },
        "PCIeFunctions": [
            {
                "@odata.id": "/redfish/v1/Chassis/System.Embedded.1/PCIeDevices/0-160-2/PCIeFunctions/0-160-2-0"
            }
        ],
        "PCIeFunctions@odata.count": 1,
        "Chassis": [
            {
                "@odata.id": "/redfish/v1/Chassis/System.Embedded.1"
            }
        ],
        "Chassis@odata.count": 1
    },
    "@odata.id": "/redfish/v1/Chassis/System.Embedded.1/PCIeDevices/0-160-2",
    "AssetTag": null,
    "Manufacturer": "Advanced Micro Devices, Inc. [AMD]",
    "@odata.etag": "W/\"gen-5\"",
    "DeviceType": "MultiFunction",
    "Name": "Turin PCIe Dummy Host Bridge",
    "SerialNumber": null,
    "Model": null,
    "Status": {
        "HealthRollup": "OK",
        "State": "Enabled",
        "Health": "OK"
    },
    "Id": "0-160-2",
    "Slot": {
        "Location": {
            "PartLocation": {
                "LocationType": "Slot",
                "LocationOrdinalValue": null
            }
        },
        "PCIeType": null,
        "SlotType": null,
        "Lanes": null
    },
    "Description": "Turin PCIe Dummy Host Bridge",
    "FirmwareVersion": "",
    "PCIeInterface": {
        "PCIeType": null,
        "LanesInUse": null,
        "MaxLanes": null,
        "MaxPCIeType": null
    }
}