{
    "@odata.context": "/redfish/v1/$metadata#PCIeFunctionCollection.PCIeFunctionCollection",
    "@odata.id": "/redfish/v1/Chassis/Enclosure.Internal.0-1_RAID.SL.3-1/PCIeDevices/101-0/PCIeFunctions",
    "@odata.type": "#PCIeFunctionCollection.PCIeFunctionCollection",
    "Description": "Collection of PCIeFunctions",
    "Members": [
        {
            "@odata.id": "/redfish/v1/Chassis/Enclosure.Internal.0-1_RAID.SL.3-1/PCIeDevices/101-0/PCIeFunctions/101-0-0"
        },
        {
            "@odata.id": "/redfish/v1/Chassis/Enclosure.Internal.0-0_RAID.SL.3-1/PCIeDevices/101-0/PCIeFunctions/101-0-0"
        }
    ],
    "Members@odata.count": 2,
    "Name": "PCIeFunction Collection"
}