{
    "@odata.context": "/redfish/v1/$metadata#CertificateLocations.CertificateLocations",
    "@odata.id": "/redfish/v1/CertificateService/CertificateLocations",
    "@odata.type": "#CertificateLocations.v1_0_4.CertificateLocations",
    "Name": "Certificate Locations",
    "Id": "CertificateLocations",
    "Description": "The CertificateLocations schema defines a resource that an administrator can use in order to locate all certificates installed on a given service.",
    "Links": {
        "Certificates@odata.count": 13,
        "Certificates": [
            {
                "@odata.id": "/redfish/v1/Managers/iDRAC.Embedded.1/NetworkProtocol/HTTPS/Certificates/SecurityCertificate.2"
            },
            {
                "@odata.id": "/redfish/v1/Managers/iDRAC.Embedded.1/Certificates/iDEVID_ECC_NIST_P384"
            },
            {
                "@odata.id": "/redfish/v1/Systems/System.Embedded.1/SecureBoot/SecureBootDatabases/PK/Certificates/StdSecbootpolicy.1"
            },
            {
                "@odata.id": "/redfish/v1/Systems/System.Embedded.1/SecureBoot/SecureBootDatabases/KEK/Certificates/StdSecbootpolicy.2"
            },
            {
                "@odata.id": "/redfish/v1/Systems/System.Embedded.1/SecureBoot/SecureBootDatabases/KEK/Certificates/StdSecbootpolicy.3"
            },
            {
                "@odata.id": "/redfish/v1/Systems/System.Embedded.1/SecureBoot/SecureBootDatabases/db/Certificates/StdSecbootpolicy.4"
            },
            {
                "@odata.id": "/redfish/v1/Systems/System.Embedded.1/SecureBoot/SecureBootDatabases/db/Certificates/StdSecbootpolicy.5"
            },
            {
                "@odata.id": "/redfish/v1/Systems/System.Embedded.1/SecureBoot/SecureBootDatabases/db/Certificates/StdSecbootpolicy.6"
            },
            {
                "@odata.id": "/redfish/v1/Systems/System.Embedded.1/SecureBoot/SecureBootDatabases/db/Certificates/StdSecbootpolicy.7"
            },
            {
                "@odata.id": "/redfish/v1/Systems/System.Embedded.1/SecureBoot/SecureBootDatabases/db/Certificates/StdSecbootpolicy.8"
            },
            {
                "@odata.id": "/redfish/v1/Systems/System.Embedded.1/SecureBoot/SecureBootDatabases/db/Certificates/StdSecbootpolicy.9"
            },
            {
                "@odata.id": "/redfish/v1/Systems/System.Embedded.1/SecureBoot/SecureBootDatabases/db/Certificates/StdSecbootpolicy.10"
            },
            {
                "@odata.id": "/redfish/v1/Systems/System.Embedded.1/Storage/RAID.SL.3-1/Controllers/RAID.SL.3-1/Certificates/slot0"
            }
        ],
        "Oem": {
            "Dell": {
                "@odata.type": "#DellOem.v1_3_0.DellOemLinks",
                "HWCertificates": {
                    "@odata.id": "/redfish/v1/Managers/iDRAC.Embedded.1/Certificates/iDEVID_ECC_NIST_P384"
                },
                "Certificates": [],
                "Certificates@odata.count": 0
            }
        }
    }
}