{
    "@odata.etag": "W/\"gen-1\"",
    "@odata.type": "#DellNICPortMetricsCollection.DellNICPortMetricsCollection",
    "Description": "A collection of DellNICPortMetrics resource",
    "Members": [
        {
            "LanUnicastPktRXCount": 0,
            "PartitionLinkStatus": "Down",
            "TxErrorPktExcessiveCollision": 0,
            "TxErrorPktMultipleCollision": 0,
            "RxUnicastPackets": 0,
            "LanFCSRxErrors": null,
            "RDMATxTotalBytes": 0,
            "RDMATxTotalWritePkts": 0,
            "TxMutlicastPackets@Redfish.Deprecated": "This property has been deprecated in favor of TxMulticastPackets.",
            "@odata.type": "#DellNICPortMetrics.v1_2_0.DellNICPortMetrics",
            "RxBytes": 0,
            "RDMARxTotalBytes": 0,
            "FCOELinkFailures": null,
            "Name": "DellNICPortMetrics",
            "RxBroadcast": 0,
            "FCCRCErrorCount": null,
            "Description": "Represents the statistics of the NIC, NIC port, or partition.",
            "RDMATotalProtocolErrors": null,
            "FCOEPktTxCount": null,
            "PartitionOSDriverState": "Operational",
            "TxErrorPktSingleCollision": 0,
            "RxFalseCarrierDetection": 0,
            "TxErrorPktLateCollision": 0,
            "@odata.id": "/redfish/v1/Chassis/System.Embedded.1/Oem/Dell/DellNICPortMetrics/NIC.Slot.10-2-1",
            "LanUnicastPktTXCount": 0,
            "RxMulticastPackets": 0,
            "StartStatisticTime": "2025-11-06T13:30:50-06:00",
            "RxErrorPktAlignmentErrors": 0,
            "RxJabberPkt": 0,
            "TxBytes": 0,
            "RxErrorPktFCSErrors": 0,
            "RxRuntPkt": 0,
            "TxPauseXONFrames": null,
            "RxMutlicastPackets@Redfish.Deprecated": "This property has been deprecated in favor of RxMulticastPackets.",
            "RxPauseXONFrames": null,
            "FCOERxPktDroppedCount": null,
            "RDMATxTotalReadReqPkts": 0,
            "TxMutlicastPackets": 0,
            "RDMARxTotalPackets": 0,
            "RDMATotalProtectionErrors": null,
            "TxBroadcast": 0,
            "TxUnicastPackets": 0,
            "@odata.etag": "W/\"gen-1692\"",
            "OSDriverState": "Operational",
            "RDMATxTotalSendPkts": 0,
            "FQDD": "NIC.Slot.10-2-1",
            "RxPauseXOFFFrames": 0,
            "RDMATxTotalPackets": 0,
            "DiscardedPkts": 0,
            "RxMutlicastPackets": 0,
            "TxPauseXOFFFrames": 0,
            "Id": "NIC.Slot.10-2-1",
            "FCOEPktRxCount": null,
            "TxMulticastPackets": 0,
            "@odata.context": "/redfish/v1/$metadata#DellNICPortMetrics.DellNICPortMetrics",
            "StatisticTime": "2025-11-06T15:51:41-06:00"
        },
        {
            "RxBroadcast": 0,
            "OSDriverState": "Operational",
            "RDMARxTotalBytes": 0,
            "PartitionLinkStatus": "Down",
            "FCOEPktTxCount": null,
            "RDMATxTotalReadReqPkts": 0,
            "FCOELinkFailures": null,
            "TxErrorPktMultipleCollision": 0,
            "LanUnicastPktRXCount": 0,
            "RxMutlicastPackets": 0,
            "TxErrorPktSingleCollision": 0,
            "TxMulticastPackets": 0,
            "Name": "DellNICPortMetrics",
            "FCCRCErrorCount": null,
            "RxMulticastPackets": 0,
            "RDMATxTotalBytes": 0,
            "DiscardedPkts": 0,
            "TxMutlicastPackets": 0,
            "RDMATxTotalPackets": 0,
            "TxErrorPktLateCollision": 0,
            "PartitionOSDriverState": "Operational",
            "TxBytes": 0,
            "StatisticTime": "2025-11-06T15:51:41-06:00",
            "RxMutlicastPackets@Redfish.Deprecated": "This property has been deprecated in favor of RxMulticastPackets.",
            "RxJabberPkt": 0,
            "RxPauseXONFrames": null,
            "FQDD": "NIC.Slot.10-4-1",
            "RxPauseXOFFFrames": 0,
            "RxErrorPktFCSErrors": 0,
            "RxBytes": 0,
            "StartStatisticTime": "2025-11-06T13:30:50-06:00",
            "RDMATotalProtocolErrors": null,
            "TxMutlicastPackets@Redfish.Deprecated": "This property has been deprecated in favor of TxMulticastPackets.",
            "@odata.etag": "W/\"gen-1691\"",
            "Description": "Represents the statistics of the NIC, NIC port, or partition.",
            "RxUnicastPackets": 0,
            "@odata.context": "/redfish/v1/$metadata#DellNICPortMetrics.DellNICPortMetrics",
            "RDMATxTotalWritePkts": 0,
            "LanFCSRxErrors": null,
            "@odata.type": "#DellNICPortMetrics.v1_2_0.DellNICPortMetrics",
            "@odata.id": "/redfish/v1/Chassis/System.Embedded.1/Oem/Dell/DellNICPortMetrics/NIC.Slot.10-4-1",
            "RDMATotalProtectionErrors": null,
            "RDMATxTotalSendPkts": 0,
            "TxErrorPktExcessiveCollision": 0,
            "FCOEPktRxCount": null,
            "Id": "NIC.Slot.10-4-1",
            "TxPauseXOFFFrames": 0,
            "RxErrorPktAlignmentErrors": 0,
            "LanUnicastPktTXCount": 0,
            "RxFalseCarrierDetection": 0,
            "TxPauseXONFrames": null,
            "TxBroadcast": 0,
            "RDMARxTotalPackets": 0,
            "FCOERxPktDroppedCount": null,
            "TxUnicastPackets": 0,
            "RxRuntPkt": 0
        },
        {
            "StatisticTime": "2025-11-06T15:51:41-06:00",
            "RxErrorPktFCSErrors": 0,
            "@odata.context": "/redfish/v1/$metadata#DellNICPortMetrics.DellNICPortMetrics",
            "TxUnicastPackets": 0,
            "@odata.type": "#DellNICPortMetrics.v1_2_0.DellNICPortMetrics",
            "TxErrorPktExcessiveCollision": 0,
            "TxMulticastPackets": 0,
            "FCOEPktTxCount": null,
            "LanUnicastPktRXCount": 0,
            "TxPauseXOFFFrames": 0,
            "RDMARxTotalPackets": 0,
            "TxBytes": 0,
            "RxMutlicastPackets@Redfish.Deprecated": "This property has been deprecated in favor of RxMulticastPackets.",
            "RDMARxTotalBytes": 0,
            "PartitionLinkStatus": "Down",
            "RDMATxTotalReadReqPkts": 0,
            "TxErrorPktMultipleCollision": 0,
            "TxMutlicastPackets@Redfish.Deprecated": "This property has been deprecated in favor of TxMulticastPackets.",
            "RxRuntPkt": 0,
            "RxMutlicastPackets": 0,
            "@odata.etag": "W/\"gen-1692\"",
            "RxBytes": 0,
            "TxErrorPktLateCollision": 0,
            "RDMATxTotalSendPkts": 0,
            "RDMATxTotalWritePkts": 0,
            "Description": "Represents the statistics of the NIC, NIC port, or partition.",
            "LanFCSRxErrors": null,
            "RDMATotalProtectionErrors": null,
            "RxBroadcast": 0,
            "TxPauseXONFrames": null,
            "Id": "NIC.Slot.10-3-1",
            "FCOELinkFailures": null,
            "RxFalseCarrierDetection": 0,
            "@odata.id": "/redfish/v1/Chassis/System.Embedded.1/Oem/Dell/DellNICPortMetrics/NIC.Slot.10-3-1",
            "OSDriverState": "Operational",
            "TxMutlicastPackets": 0,
            "FQDD": "NIC.Slot.10-3-1",
            "PartitionOSDriverState": "Operational",
            "RxJabberPkt": 0,
            "RxPauseXONFrames": null,
            "StartStatisticTime": "2025-11-06T13:30:50-06:00",
            "DiscardedPkts": 0,
            "FCOERxPktDroppedCount": null,
            "RxPauseXOFFFrames": 0,
            "RxMulticastPackets": 0,
            "RDMATxTotalBytes": 0,
            "TxErrorPktSingleCollision": 0,
            "FCOEPktRxCount": null,
            "RDMATxTotalPackets": 0,
            "Name": "DellNICPortMetrics",
            "RDMATotalProtocolErrors": null,
            "FCCRCErrorCount": null,
            "LanUnicastPktTXCount": 0,
            "RxUnicastPackets": 0,
            "RxErrorPktAlignmentErrors": 0,
            "TxBroadcast": 0
        },
        {
            "RxMutlicastPackets@Redfish.Deprecated": "This property has been deprecated in favor of RxMulticastPackets.",
            "RDMATotalProtectionErrors": null,
            "FCCRCErrorCount": null,
            "RxPauseXOFFFrames": 0,
            "RxRuntPkt": 0,
            "TxPauseXONFrames": null,
            "@odata.id": "/redfish/v1/Chassis/System.Embedded.1/Oem/Dell/DellNICPortMetrics/NIC.Slot.10-1-1",
            "@odata.etag": "W/\"gen-1691\"",
            "TxBytes": 343129,
            "FCOERxPktDroppedCount": null,
            "FQDD": "NIC.Slot.10-1-1",
            "Name": "DellNICPortMetrics",
            "RDMATxTotalReadReqPkts": 0,
            "RxMutlicastPackets": 17526,
            "LanUnicastPktRXCount": 875,
            "RDMATxTotalSendPkts": 0,
            "RxMulticastPackets": 17526,
            "TxErrorPktExcessiveCollision": 0,
            "RDMATxTotalPackets": 0,
            "Id": "NIC.Slot.10-1-1",
            "RxJabberPkt": 0,
            "FCOELinkFailures": null,
            "RxErrorPktFCSErrors": 0,
            "PartitionLinkStatus": "Up",
            "TxBroadcast": 21,
            "TxErrorPktMultipleCollision": 0,
            "RxBytes": 1588406,
            "RxErrorPktAlignmentErrors": 0,
            "RxUnicastPackets": 875,
            "RxBroadcast": 0,
            "@odata.context": "/redfish/v1/$metadata#DellNICPortMetrics.DellNICPortMetrics",
            "FCOEPktRxCount": null,
            "RDMARxTotalBytes": 0,
            "RxFalseCarrierDetection": 0,
            "StatisticTime": "2025-11-06T15:51:41-06:00",
            "DiscardedPkts": 0,
            "TxMutlicastPackets@Redfish.Deprecated": "This property has been deprecated in favor of TxMulticastPackets.",
            "LanFCSRxErrors": null,
            "PartitionOSDriverState": "Operational",
            "OSDriverState": "Operational",
            "RDMARxTotalPackets": 0,
            "TxMutlicastPackets": 613,
            "TxMulticastPackets": 613,
            "TxErrorPktLateCollision": 0,
            "RDMATotalProtocolErrors": null,
            "RDMATxTotalBytes": 0,
            "@odata.type": "#DellNICPortMetrics.v1_2_0.DellNICPortMetrics",
            "FCOEPktTxCount": null,
            "RxPauseXONFrames": null,
            "Description": "Represents the statistics of the NIC, NIC port, or partition.",
            "TxUnicastPackets": 874,
            "RDMATxTotalWritePkts": 0,
            "TxErrorPktSingleCollision": 0,
            "StartStatisticTime": "2025-11-06T13:30:50-06:00",
            "TxPauseXOFFFrames": 6,
            "LanUnicastPktTXCount": 874
        }
    ],
    "Members@odata.count": 4,
    "Name": "DellNICPortMetricsCollection",
    "@odata.context": "/redfish/v1/$metadata#DellNICPortMetricsCollection.DellNICPortMetricsCollection",
    "@odata.id": "/redfish/v1/Chassis/System.Embedded.1/Oem/Dell/DellNICPortMetrics"
}