{
    "Description": "Power Supply Collection",
    "Members": [
        {
            "@odata.id": "/redfish/v1/Chassis/System.Embedded.1/PowerSubsystem/PowerSupplies/PSU.Slot.2"
        },
        {
            "@odata.id": "/redfish/v1/Chassis/System.Embedded.1/PowerSubsystem/PowerSupplies/PSU.Slot.1"
        }
    ],
    "Members@odata.count": 2,
    "Name": "Power Supply Collection",
    "@odata.id": "/redfish/v1/Chassis/System.Embedded.1/PowerSubsystem/PowerSupplies",
    "@odata.etag": "\"W/'gen-1'\"",
    "@odata.context": "/redfish/v1/$metadata#PowerSupplyCollection.PowerSupplyCollection",
    "@odata.type": "#PowerSupplyCollection.PowerSupplyCollection"
}