{
    "DeviceFQDD": "RSR.Integrated.11",
    "Id": "RSR.Integrated.11_0x23_FRU",
    "SerialNumber": "05R5b",
    "@odata.context": "/redfish/v1/$metadata#DellAssembly.DellAssembly",
    "@odata.id": "/redfish/v1/Chassis/System.Embedded.1/Oem/Dell/DellAssembly/RSR.Integrated.11_0x23_FRU",
    "Name": "DellAssembly",
    "Description": "This resource shall be used to represent an assembly information.",
    "PackageType": "Module/Card",
    "@odata.type": "#DellAssembly.v1_1_0.DellAssembly",
    "@odata.etag": "\"W/'gen-1'\""
}