{
    "@odata.context": "/redfish/v1/$metadata#JsonSchemaFile.JsonSchemaFile",
    "@odata.id": "/redfish/v1/JsonSchemas/DellEnclosurePowerSupply.v1_0_0",
    "@odata.type": "#JsonSchemaFile.v1_1_4.JsonSchemaFile",
    "Description": "DellEnclosurePowerSupply Schema File Location",
    "Id": "DellEnclosurePowerSupply.v1_0_0",
    "Languages": [
        "en"
    ],
    "Languages@odata.count": 1,
    "Location": [
        {
            "Language": "en",
            "PublicationUri": "http://downloads.dell.com/redfish/bmc/schemas/DellEnclosurePowerSupply.v1_0_0.json",
            "Uri": "/redfish/v1/Schemas/DellEnclosurePowerSupply.v1_0_0.json"
        }
    ],
    "Location@odata.count": 1,
    "Name": "DellEnclosurePowerSupply Schema File",
    "Schema": "#DellEnclosurePowerSupply.v1_0_0.DellEnclosurePowerSupply"
}