{
    "SupportedEthernetCapabilities": [
        "WakeOnLAN"
    ],
    "SupportedEthernetCapabilities@odata.count": 1,
    "CurrentLinkSpeedMbps": 25000,
    "@odata.type": "#NetworkPort.v1_4_3.NetworkPort",
    "Id": "NIC.Slot.10-1",
    "@odata.etag": "W/\"gen-1631\"",
    "@odata.context": "/redfish/v1/$metadata#NetworkPort.NetworkPort",
    "ActiveLinkTechnology": "Ethernet",
    "Name": "Network Port View",
    "VendorId": "14E4",
    "NetDevFuncMinBWAlloc": [
        {
            "MinBWAllocPercent": 0,
            "NetworkDeviceFunction": {
                "@odata.id": "/redfish/v1/Chassis/System.Embedded.1/NetworkAdapters/NIC.Slot.10/NetworkDeviceFunctions/NIC.Slot.10-1-1"
            }
        }
    ],
    "NetDevFuncMinBWAlloc@odata.count": 1,
    "WakeOnLANEnabled": false,
    "SupportedLinkCapabilities": [
        {
            "LinkSpeedMbps": 25000,
            "AutoSpeedNegotiation": true,
            "LinkNetworkTechnology": "Ethernet"
        }
    ],
    "SupportedLinkCapabilities@odata.count": 1,
    "Oem": {
        "Dell": {
            "DellNetworkTransceiver": {
                "SerialNumber": "CN0LXD0001T9200",
                "@odata.context": "/redfish/v1/$metadata#DellNetworkTransceiver.DellNetworkTransceiver",
                "Oem": {},
                "Revision": "A",
                "VendorName": "DELL EMC",
                "InterfaceType": "DirectAttachCopper",
                "@odata.id": "/redfish/v1/Chassis/System.Embedded.1/Oem/Dell/DellNetworkTransceivers/NetworkTransceiver.Integrated.1_NIC.Slot.10-1",
                "Id": "NetworkTransceiver.Integrated.1:NIC.Slot.10-1",
                "@odata.type": "#DellNetworkTransceiver.v1_1_0.DellNetworkTransceiver",
                "Name": "DellNetworkTransceiver",
                "FQDD": "NetworkTransceiver.Integrated.1:NIC.Slot.10-1",
                "PartNumber": "D0R73",
                "DeviceDescription": "Network Transceiver in NIC in Slot 10 Port 1",
                "IdentifierType": "SFP/SFP+/SFP28"
            },
            "DellNetworkTransceiverPortMetrics": {
                "VoltageStatus": "Ok",
                "Id": "NetworkTransceiver.Integrated.1:NIC.Slot.10-1",
                "FQDD": "NetworkTransceiver.Integrated.1:NIC.Slot.10-1",
                "TXBiasCurrentStatus": "Ok",
                "RXInputPowermW": 0,
                "TemperatureCelsius": 0,
                "TXBiasCurrentmA": 0,
                "TXOutputPowermW": 0,
                "VoltageValueVolts": 0,
                "@odata.type": "#DellNetworkTransceiverPortMetrics.v1_0_0.DellNetworkTransceiverPortMetrics",
                "Name": "DellNetworkTransceiverPortMetrics",
                "TXOutputPowerStatus": "Ok",
                "RXInputPowerStatus": "Ok",
                "TemperatureStatus": "Ok",
                "@odata.context": "/redfish/v1/$metadata#DellNetworkTransceiverPortMetrics.DellNetworkTransceiverPortMetrics",
                "@odata.id": "/redfish/v1/Chassis/System.Embedded.1/Oem/Dell/DellNetworkTransceiverPortMetrics/NetworkTransceiver.Integrated.1_NIC.Slot.10-1"
            },
            "@odata.context": "/redfish/v1/$metadata#DellNetworkPort.DellNetworkPort",
            "@odata.type": "#DellNetworkPort.v1_0_0.DellNetworkPort"
        }
    },
    "LinkStatus": "Up",
    "AssociatedNetworkAddresses": [
        "14:23:F2:3E:36:B0"
    ],
    "EEEEnabled": false,
    "FlowControlConfiguration": "None",
    "PhysicalPortNumber": "1",
    "Status": {
        "State": "Enabled",
        "Health": "OK",
        "HealthRollup": "OK"
    },
    "FlowControlStatus": "None",
    "Description": "Network Port View",
    "NetDevFuncMaxBWAlloc": [
        {
            "MaxBWAllocPercent": 100,
            "NetworkDeviceFunction": {
                "@odata.id": "/redfish/v1/Chassis/System.Embedded.1/NetworkAdapters/NIC.Slot.10/NetworkDeviceFunctions/NIC.Slot.10-1-1"
            }
        }
    ],
    "NetDevFuncMaxBWAlloc@odata.count": 1,
    "@odata.id": "/redfish/v1/Chassis/System.Embedded.1/NetworkAdapters/NIC.Slot.10/NetworkPorts/NIC.Slot.10-1"
}