{
    "LastSystemInventoryTime": "2025-11-06T19:28:47+00:00",
    "Name": "DellPCIeFunction",
    "Id": "HostBridge.Embedded.8-3",
    "@odata.id": "/redfish/v1/Chassis/System.Embedded.1/Oem/Dell/DellPCIeFunctions/HostBridge.Embedded.8-3",
    "SlotLength": "Unknown",
    "@odata.type": "#DellPCIeFunction.v1_7_0.DellPCIeFunction",
    "LastUpdateTime": "2025-11-06T17:28:45+00:00",
    "DataBusWidth": "Unknown",
    "@odata.etag": "W/\"gen-2\"",
    "@odata.context": "/redfish/v1/$metadata#DellPCIeFunction.DellPCIeFunction",
    "Description": "An instance of DellPCIeFunction will have PCI device specific data.",
    "SlotType": "Unknown"
}