{
    "@odata.context": "/redfish/v1/$metadata#JsonSchemaFile.JsonSchemaFile",
    "@odata.id": "/redfish/v1/JsonSchemas/DellInfiniBand",
    "@odata.type": "#JsonSchemaFile.v1_1_4.JsonSchemaFile",
    "Description": "DellInfiniBand Schema File Location",
    "Id": "DellInfiniBand",
    "Languages": [
        "en"
    ],
    "Languages@odata.count": 1,
    "Location": [
        {
            "Language": "en",
            "PublicationUri": "http://downloads.dell.com/redfish/bmc/schemas/DellInfiniBand.json",
            "Uri": "/redfish/v1/Schemas/DellInfiniBand.json"
        }
    ],
    "Location@odata.count": 1,
    "Name": "DellInfiniBand Schema File",
    "Schema": "#DellInfiniBand.DellInfiniBand"
}