{
    "Name": "User Account",
    "Id": "2",
    "Keys": {
        "@odata.id": "/redfish/v1/AccountService/Accounts/2/Keys"
    },
    "@odata.context": "/redfish/v1/$metadata#ManagerAccount.ManagerAccount",
    "Links": {
        "Role": {
            "@odata.id": "/redfish/v1/AccountService/Roles/Administrator"
        }
    },
    "Password": null,
    "Description": "User Account",
    "@odata.id": "/redfish/v1/AccountService/Accounts/2",
    "RoleId": "Administrator",
    "Locked": false,
    "StrictAccountTypes": false,
    "Oem": {
        "Dell": {
            "@odata.type": "#DellManagerAccount.v1_0_0.DellManagerAccount",
            "SNMPv3PassphraseEnabled": "Disabled",
            "@odata.context": "/redfish/v1/$metadata#DellManagerAccount.DellManagerAccount"
        }
    },
    "@odata.etag": "W/\"gen-2\"",
    "PasswordExpiration": null,
    "PasswordChangeRequired": false,
    "Enabled": true,
    "@odata.type": "#ManagerAccount.v1_13_0.ManagerAccount",
    "OEMAccountTypes": [
        "SOL",
        "RACADM"
    ],
    "UserName": "root",
    "SNMP": {
        "EncryptionProtocol": "CFB128_AES256",
        "AuthenticationKey": null,
        "AuthenticationKeySet": true,
        "AuthenticationProtocol": "HMAC256_SHA384",
        "EncryptionKey": null,
        "EncryptionKeySet": true
    },
    "AccountTypes": [
        "Redfish",
        "SNMP",
        "OEM",
        "HostConsole",
        "ManagerConsole",
        "IPMI",
        "KVMIP",
        "VirtualMedia",
        "WebUI"
    ]
}