{
    "Description": "Represent a job in Redfish",
    "MaxExecutionTime": "PT2H",
    "EndTime": "2025-02-20T18:41:12-06:00",
    "@odata.id": "/redfish/v1/JobService/Jobs/JID_400981049301",
    "Name": "SupportAssist Collection",
    "Id": "JID_400981049301",
    "Oem": {
        "Dell": {
            "ActualRunningStopTime": "2025-02-20T18:41:12",
            "JobType": "SACollectHealthData",
            "OemJobState": "Completed",
            "UntilTime": null,
            "@odata.context": "/redfish/v1/$metadata#DellOemJob.DellOemJob",
            "@odata.type": "#DellOemJob.v1_0_0.DellOemJob",
            "ActualRunningStartTime": "2025-02-20T18:35:05"
        }
    },
    "@odata.context": "/redfish/v1/$metadata#Job.Job",
    "Messages": [
        {
            "Message": "The SupportAssist Collection Operation is completed successfully.",
            "MessageArgs": [],
            "MessageArgs@odata.count": 0,
            "MessageId": "IDRAC.2.9.SRV088"
        }
    ],
    "Messages@odata.count": 1,
    "@odata.type": "#Job.v1_2_4.Job",
    "JobStatus": "OK",
    "@odata.etag": "\"W/'gen-13'\"",
    "StartTime": "2025-02-20T18:35:04-06:00",
    "PercentComplete": 100,
    "JobState": "Completed"
}