{
    "@odata.context": "/redfish/v1/$metadata#JsonSchemaFile.JsonSchemaFile",
    "@odata.id": "/redfish/v1/JsonSchemas/CoolingUnit",
    "@odata.type": "#JsonSchemaFile.v1_1_4.JsonSchemaFile",
    "Description": "CoolingUnit Schema File Location",
    "Id": "CoolingUnit",
    "Languages": [
        "en"
    ],
    "Languages@odata.count": 1,
    "Location": [
        {
            "Language": "en",
            "PublicationUri": "http://redfish.dmtf.org/schemas/v1/CoolingUnit.json",
            "Uri": "/redfish/v1/Schemas/CoolingUnit.json"
        }
    ],
    "Location@odata.count": 1,
    "Name": "CoolingUnit Schema File",
    "Schema": "#CoolingUnit.CoolingUnit"
}