{
    "@odata.context": "/redfish/v1/$metadata#JsonSchemaFile.JsonSchemaFile",
    "@odata.id": "/redfish/v1/JsonSchemas/ConsistencyGroupCollection",
    "@odata.type": "#JsonSchemaFile.v1_1_5.JsonSchemaFile",
    "Description": "ConsistencyGroupCollection Schema File Location",
    "Id": "ConsistencyGroupCollection",
    "Languages": [
        "en"
    ],
    "Languages@odata.count": 1,
    "Location": [
        {
            "Language": "en",
            "PublicationUri": "http://redfish.dmtf.org/schemas/swordfish/v1/ConsistencyGroupCollection.json",
            "Uri": "/redfish/v1/Schemas/ConsistencyGroupCollection.json"
        }
    ],
    "Location@odata.count": 1,
    "Name": "ConsistencyGroupCollection Schema File",
    "Schema": "#ConsistencyGroupCollection.ConsistencyGroupCollection"
}