{
    "@odata.context": "/redfish/v1/$metadata#PCIeSlots.PCIeSlots",
    "@odata.id": "/redfish/v1/Chassis/System.Embedded.1/PCIeSlots",
    "@odata.type": "#PCIeSlots.v1_5_0.PCIeSlots",
    "Description": "This Resource shall represent a set of PCIe slot information.",
    "Id": "PCIeSlots",
    "Name": "PCIeSlots",
    "Slots": [
        {
            "HotPluggable": true,
            "Lanes": 4,
            "Links": {
                "PCIeDevice": [
                    {
                        "@odata.id": "/redfish/v1/Chassis/System.Embedded.1/PCIeDevices/141-0"
                    }
                ],
                "PCIeDevice@odata.count": 1,
                "Processors": [
                    {
                        "@odata.id": "/redfish/v1/Systems/System.Embedded.1/Processors/CPU.Socket.2"
                    }
                ],
                "Processors@odata.count": 1,
                "Oem": {
                    "Dell": {
                        "@odata.type": "#DellOem.v1_3_0.DellOemLinks",
                        "CPUAffinity": [
                            {
                                "@odata.id": "/redfish/v1/Systems/System.Embedded.1/Processors/CPU.Socket.2"
                            }
                        ],
                        "CPUAffinity@odata.count": 1
                    }
                }
            },
            "Location": {
                "PartLocation": {
                    "LocationOrdinalValue": 1,
                    "LocationType": "Slot"
                }
            },
            "PCIeType": "Gen5",
            "SlotType": "U2",
            "Status": {
                "State": "Enabled"
            },
            "Oem": {
                "Dell": {
                    "@odata.type": "#DellPCIeSlots.v1_0_0.DellPCIeSlots",
                    "SlotKey": "PCIeSSD.BaySlot.1:1"
                }
            }
        },
        {
            "HotPluggable": false,
            "Lanes": 16,
            "Links": {
                "PCIeDevice": [
                    {
                        "@odata.id": "/redfish/v1/Chassis/System.Embedded.1/PCIeDevices/225-0"
                    }
                ],
                "PCIeDevice@odata.count": 1,
                "Processors": [
                    {
                        "@odata.id": "/redfish/v1/Systems/System.Embedded.1/Processors/CPU.Socket.2"
                    }
                ],
                "Processors@odata.count": 1,
                "Oem": {
                    "Dell": {
                        "@odata.type": "#DellOem.v1_3_0.DellOemLinks",
                        "CPUAffinity": [
                            {
                                "@odata.id": "/redfish/v1/Systems/System.Embedded.1/Processors/CPU.Socket.2"
                            }
                        ],
                        "CPUAffinity@odata.count": 1
                    }
                }
            },
            "Location": {
                "PartLocation": {
                    "LocationOrdinalValue": 31,
                    "LocationType": "Slot"
                }
            },
            "PCIeType": "Gen5",
            "SlotType": "FullLength",
            "Status": {
                "State": "Enabled"
            },
            "Oem": {
                "Dell": {
                    "@odata.type": "#DellPCIeSlots.v1_0_0.DellPCIeSlots",
                    "SlotKey": "PCIe.Slot.31"
                }
            }
        },
        {
            "HotPluggable": true,
            "Lanes": 4,
            "Links": {
                "PCIeDevice": [
                    {
                        "@odata.id": "/redfish/v1/Chassis/System.Embedded.1/PCIeDevices/142-0"
                    }
                ],
                "PCIeDevice@odata.count": 1,
                "Processors": [
                    {
                        "@odata.id": "/redfish/v1/Systems/System.Embedded.1/Processors/CPU.Socket.2"
                    }
                ],
                "Processors@odata.count": 1,
                "Oem": {
                    "Dell": {
                        "@odata.type": "#DellOem.v1_3_0.DellOemLinks",
                        "CPUAffinity": [
                            {
                                "@odata.id": "/redfish/v1/Systems/System.Embedded.1/Processors/CPU.Socket.2"
                            }
                        ],
                        "CPUAffinity@odata.count": 1
                    }
                }
            },
            "Location": {
                "PartLocation": {
                    "LocationOrdinalValue": 0,
                    "LocationType": "Slot"
                }
            },
            "PCIeType": "Gen5",
            "SlotType": "U2",
            "Status": {
                "State": "Enabled"
            },
            "Oem": {
                "Dell": {
                    "@odata.type": "#DellPCIeSlots.v1_0_0.DellPCIeSlots",
                    "SlotKey": "PCIeSSD.BaySlot.0:1"
                }
            }
        },
        {
            "HotPluggable": false,
            "Lanes": 16,
            "Links": {
                "PCIeDevice": [
                    {
                        "@odata.id": "/redfish/v1/Chassis/System.Embedded.1/PCIeDevices/202-0"
                    }
                ],
                "PCIeDevice@odata.count": 1,
                "Processors": [
                    {
                        "@odata.id": "/redfish/v1/Systems/System.Embedded.1/Processors/CPU.Socket.2"
                    }
                ],
                "Processors@odata.count": 1,
                "Oem": {
                    "Dell": {
                        "@odata.type": "#DellOem.v1_3_0.DellOemLinks",
                        "CPUAffinity": [
                            {
                                "@odata.id": "/redfish/v1/Systems/System.Embedded.1/Processors/CPU.Socket.2"
                            }
                        ],
                        "CPUAffinity@odata.count": 1
                    }
                }
            },
            "Location": {
                "PartLocation": {
                    "LocationOrdinalValue": 33,
                    "LocationType": "Slot"
                }
            },
            "PCIeType": "Gen5",
            "SlotType": "FullLength",
            "Status": {
                "State": "Enabled"
            },
            "Oem": {
                "Dell": {
                    "@odata.type": "#DellPCIeSlots.v1_0_0.DellPCIeSlots",
                    "SlotKey": "PCIe.Slot.33"
                }
            }
        },
        {
            "HotPluggable": false,
            "Lanes": 16,
            "Links": {
                "PCIeDevice": [
                    {
                        "@odata.id": "/redfish/v1/Chassis/System.Embedded.1/PCIeDevices/55-0"
                    }
                ],
                "PCIeDevice@odata.count": 1,
                "Processors": [
                    {
                        "@odata.id": "/redfish/v1/Systems/System.Embedded.1/Processors/CPU.Socket.1"
                    }
                ],
                "Processors@odata.count": 1,
                "Oem": {
                    "Dell": {
                        "@odata.type": "#DellOem.v1_3_0.DellOemLinks",
                        "CPUAffinity": [
                            {
                                "@odata.id": "/redfish/v1/Systems/System.Embedded.1/Processors/CPU.Socket.1"
                            }
                        ],
                        "CPUAffinity@odata.count": 1
                    }
                }
            },
            "Location": {
                "PartLocation": {
                    "LocationOrdinalValue": 1,
                    "LocationType": "Slot"
                }
            },
            "PCIeType": "Gen5",
            "SlotType": "HalfLength",
            "Status": {
                "State": "Enabled"
            },
            "Oem": {
                "Dell": {
                    "@odata.type": "#DellPCIeSlots.v1_0_0.DellPCIeSlots",
                    "SlotKey": "PCIe.Slot.1"
                }
            }
        },
        {
            "HotPluggable": false,
            "Lanes": 16,
            "Links": {
                "PCIeDevice": [
                    {
                        "@odata.id": "/redfish/v1/Chassis/System.Embedded.1/PCIeDevices/74-0"
                    }
                ],
                "PCIeDevice@odata.count": 1,
                "Processors": [
                    {
                        "@odata.id": "/redfish/v1/Systems/System.Embedded.1/Processors/CPU.Socket.1"
                    }
                ],
                "Processors@odata.count": 1,
                "Oem": {
                    "Dell": {
                        "@odata.type": "#DellOem.v1_3_0.DellOemLinks",
                        "CPUAffinity": [
                            {
                                "@odata.id": "/redfish/v1/Systems/System.Embedded.1/Processors/CPU.Socket.1"
                            }
                        ],
                        "CPUAffinity@odata.count": 1
                    }
                }
            },
            "Location": {
                "PartLocation": {
                    "LocationOrdinalValue": 38,
                    "LocationType": "Slot"
                }
            },
            "PCIeType": "Gen5",
            "SlotType": "FullLength",
            "Status": {
                "State": "Enabled"
            },
            "Oem": {
                "Dell": {
                    "@odata.type": "#DellPCIeSlots.v1_0_0.DellPCIeSlots",
                    "SlotKey": "PCIe.Slot.38"
                }
            }
        },
        {
            "HotPluggable": false,
            "Lanes": 16,
            "Links": {
                "PCIeDevice": [
                    {
                        "@odata.id": "/redfish/v1/Chassis/System.Embedded.1/PCIeDevices/13-0"
                    }
                ],
                "PCIeDevice@odata.count": 1,
                "Processors": [
                    {
                        "@odata.id": "/redfish/v1/Systems/System.Embedded.1/Processors/CPU.Socket.1"
                    }
                ],
                "Processors@odata.count": 1,
                "Oem": {
                    "Dell": {
                        "@odata.type": "#DellOem.v1_3_0.DellOemLinks",
                        "CPUAffinity": [
                            {
                                "@odata.id": "/redfish/v1/Systems/System.Embedded.1/Processors/CPU.Socket.1"
                            }
                        ],
                        "CPUAffinity@odata.count": 1
                    }
                }
            },
            "Location": {
                "PartLocation": {
                    "LocationOrdinalValue": 2,
                    "LocationType": "Slot"
                }
            },
            "PCIeType": "Gen5",
            "SlotType": "HalfLength",
            "Status": {
                "State": "Enabled"
            },
            "Oem": {
                "Dell": {
                    "@odata.type": "#DellPCIeSlots.v1_0_0.DellPCIeSlots",
                    "SlotKey": "PCIe.Slot.2"
                }
            }
        },
        {
            "HotPluggable": false,
            "Lanes": 16,
            "Links": {
                "PCIeDevice": [],
                "PCIeDevice@odata.count": 0,
                "Processors": [
                    {
                        "@odata.id": "/redfish/v1/Systems/System.Embedded.1/Processors/CPU.Socket.1"
                    }
                ],
                "Processors@odata.count": 1,
                "Oem": {
                    "Dell": {
                        "@odata.type": "#DellOem.v1_3_0.DellOemLinks",
                        "CPUAffinity": [
                            {
                                "@odata.id": "/redfish/v1/Systems/System.Embedded.1/Processors/CPU.Socket.1"
                            }
                        ],
                        "CPUAffinity@odata.count": 1
                    }
                }
            },
            "Location": {
                "PartLocation": {
                    "LocationOrdinalValue": 36,
                    "LocationType": "Slot"
                }
            },
            "PCIeType": "Gen5",
            "SlotType": "FullLength",
            "Status": {
                "State": "Enabled"
            },
            "Oem": {
                "Dell": {
                    "@odata.type": "#DellPCIeSlots.v1_0_0.DellPCIeSlots",
                    "SlotKey": "PCIe.Slot.36"
                }
            }
        },
        {
            "HotPluggable": false,
            "Lanes": 16,
            "Links": {
                "PCIeDevice": [],
                "PCIeDevice@odata.count": 0,
                "Processors": [
                    {
                        "@odata.id": "/redfish/v1/Systems/System.Embedded.1/Processors/CPU.Socket.2"
                    }
                ],
                "Processors@odata.count": 1,
                "Oem": {
                    "Dell": {
                        "@odata.type": "#DellOem.v1_3_0.DellOemLinks",
                        "CPUAffinity": [
                            {
                                "@odata.id": "/redfish/v1/Systems/System.Embedded.1/Processors/CPU.Socket.2"
                            }
                        ],
                        "CPUAffinity@odata.count": 1
                    }
                }
            },
            "Location": {
                "PartLocation": {
                    "LocationOrdinalValue": 8,
                    "LocationType": "Slot"
                }
            },
            "PCIeType": "Gen5",
            "SlotType": "HalfLength",
            "Status": {
                "State": "Enabled"
            },
            "Oem": {
                "Dell": {
                    "@odata.type": "#DellPCIeSlots.v1_0_0.DellPCIeSlots",
                    "SlotKey": "PCIe.Slot.8"
                }
            }
        },
        {
            "HotPluggable": false,
            "Lanes": 16,
            "Links": {
                "PCIeDevice": [],
                "PCIeDevice@odata.count": 0,
                "Processors": [
                    {
                        "@odata.id": "/redfish/v1/Systems/System.Embedded.1/Processors/CPU.Socket.2"
                    }
                ],
                "Processors@odata.count": 1,
                "Oem": {
                    "Dell": {
                        "@odata.type": "#DellOem.v1_3_0.DellOemLinks",
                        "CPUAffinity": [
                            {
                                "@odata.id": "/redfish/v1/Systems/System.Embedded.1/Processors/CPU.Socket.2"
                            }
                        ],
                        "CPUAffinity@odata.count": 1
                    }
                }
            },
            "Location": {
                "PartLocation": {
                    "LocationOrdinalValue": 7,
                    "LocationType": "Slot"
                }
            },
            "PCIeType": "Gen5",
            "SlotType": "HalfLength",
            "Status": {
                "State": "Enabled"
            },
            "Oem": {
                "Dell": {
                    "@odata.type": "#DellPCIeSlots.v1_0_0.DellPCIeSlots",
                    "SlotKey": "PCIe.Slot.7"
                }
            }
        },
        {
            "HotPluggable": true,
            "Lanes": 4,
            "Links": {
                "PCIeDevice": [],
                "PCIeDevice@odata.count": 0,
                "Processors": [],
                "Processors@odata.count": 0,
                "Oem": {
                    "Dell": {
                        "@odata.type": "#DellOem.v1_3_0.DellOemLinks",
                        "CPUAffinity": [],
                        "CPUAffinity@odata.count": 0
                    }
                }
            },
            "Location": {
                "PartLocation": {
                    "LocationOrdinalValue": 4,
                    "LocationType": "Slot"
                }
            },
            "PCIeType": "Gen5",
            "SlotType": "U2",
            "Status": {
                "State": "Enabled"
            },
            "Oem": {
                "Dell": {
                    "@odata.type": "#DellPCIeSlots.v1_0_0.DellPCIeSlots",
                    "SlotKey": "PCIeSSD.BaySlot.4:1"
                }
            }
        },
        {
            "HotPluggable": true,
            "Lanes": 4,
            "Links": {
                "PCIeDevice": [],
                "PCIeDevice@odata.count": 0,
                "Processors": [],
                "Processors@odata.count": 0,
                "Oem": {
                    "Dell": {
                        "@odata.type": "#DellOem.v1_3_0.DellOemLinks",
                        "CPUAffinity": [],
                        "CPUAffinity@odata.count": 0
                    }
                }
            },
            "Location": {
                "PartLocation": {
                    "LocationOrdinalValue": 5,
                    "LocationType": "Slot"
                }
            },
            "PCIeType": "Gen5",
            "SlotType": "U2",
            "Status": {
                "State": "Enabled"
            },
            "Oem": {
                "Dell": {
                    "@odata.type": "#DellPCIeSlots.v1_0_0.DellPCIeSlots",
                    "SlotKey": "PCIeSSD.BaySlot.5:1"
                }
            }
        },
        {
            "HotPluggable": true,
            "Lanes": 4,
            "Links": {
                "PCIeDevice": [],
                "PCIeDevice@odata.count": 0,
                "Processors": [],
                "Processors@odata.count": 0,
                "Oem": {
                    "Dell": {
                        "@odata.type": "#DellOem.v1_3_0.DellOemLinks",
                        "CPUAffinity": [],
                        "CPUAffinity@odata.count": 0
                    }
                }
            },
            "Location": {
                "PartLocation": {
                    "LocationOrdinalValue": 3,
                    "LocationType": "Slot"
                }
            },
            "PCIeType": "Gen5",
            "SlotType": "U2",
            "Status": {
                "State": "Enabled"
            },
            "Oem": {
                "Dell": {
                    "@odata.type": "#DellPCIeSlots.v1_0_0.DellPCIeSlots",
                    "SlotKey": "PCIeSSD.BaySlot.3:1"
                }
            }
        },
        {
            "HotPluggable": true,
            "Lanes": 4,
            "Links": {
                "PCIeDevice": [],
                "PCIeDevice@odata.count": 0,
                "Processors": [],
                "Processors@odata.count": 0,
                "Oem": {
                    "Dell": {
                        "@odata.type": "#DellOem.v1_3_0.DellOemLinks",
                        "CPUAffinity": [],
                        "CPUAffinity@odata.count": 0
                    }
                }
            },
            "Location": {
                "PartLocation": {
                    "LocationOrdinalValue": 2,
                    "LocationType": "Slot"
                }
            },
            "PCIeType": "Gen5",
            "SlotType": "U2",
            "Status": {
                "State": "Enabled"
            },
            "Oem": {
                "Dell": {
                    "@odata.type": "#DellPCIeSlots.v1_0_0.DellPCIeSlots",
                    "SlotKey": "PCIeSSD.BaySlot.2:1"
                }
            }
        }
    ],
    "Slots@odata.count": 14
}