{
    "@odata.context": "/redfish/v1/$metadata#JsonSchemaFile.JsonSchemaFile",
    "@odata.id": "/redfish/v1/JsonSchemas/DellFan",
    "@odata.type": "#JsonSchemaFile.v1_1_5.JsonSchemaFile",
    "Description": "DellFan Schema File Location",
    "Id": "DellFan",
    "Languages": [
        "en"
    ],
    "Languages@odata.count": 1,
    "Location": [
        {
            "Language": "en",
            "PublicationUri": "http://downloads.dell.com/redfish/bmc/schemas/DellFan.json",
            "Uri": "/redfish/v1/Schemas/DellFan.json"
        }
    ],
    "Location@odata.count": 1,
    "Name": "DellFan Schema File",
    "Schema": "#DellFan.DellFan"
}