{
    "@odata.id": "/redfish/v1/Chassis/System.Embedded.1/PowerSubsystem",
    "CapacityWatts": null,
    "Allocation": {
        "AllocatedWatts": 1630,
        "RequestedWatts": null
    },
    "Batteries": {
        "@odata.id": "/redfish/v1/Chassis/System.Embedded.1/PowerSubsystem/Batteries"
    },
    "@odata.context": "/redfish/v1/$metadata#PowerSubsystem.PowerSubsystem",
    "Oem": {
        "Dell": {
            "PowerSubsystemColdRedundancy": {
                "ColdRedunancyCapable": true,
                "ColdRedunancyEnable": true
            },
            "@odata.context": "/redfish/v1/$metadata#DellOemPowerSubsystem.DellOemPowerSubsystem",
            "@odata.type": "#DellOemPowerSubsystem.v1_0_0.DellOemPowerSubsystem",
            "DellControllerBatteryCollection": {
                "@odata.id": "/redfish/v1/Chassis/System.Embedded.1/PowerSubsystem/Oem/Dell/DellControllerBattery"
            },
            "DellPowerSupplyCollection": {
                "@odata.id": "/redfish/v1/Chassis/System.Embedded.1/PowerSubsystem/Oem/Dell/DellPowerSupply"
            },
            "DellPowerSupplyViewCollection": {
                "@odata.id": "/redfish/v1/Chassis/System.Embedded.1/PowerSubsystem/Oem/Dell/DellPowerSupplyInventory"
            }
        }
    },
    "PowerSupplyRedundancy": [
        {
            "MaxSupportedInGroup": 1,
            "MinNeededInGroup": 1,
            "RedundancyGroup": [
                {
                    "@odata.id": "/redfish/v1/Chassis/System.Embedded.1/PowerSubsystem/PowerSupplies/PSU.Slot.1"
                }
            ],
            "RedundancyGroup@odata.count": 1,
            "RedundancyType": "NotRedundant",
            "Status": {
                "State": "Disabled",
                "Health": "OK"
            }
        }
    ],
    "Name": "Power Subsystem for Chassis",
    "Description": "Represents the properties of a Power Subsystem of the Chassis",
    "PowerSupplies": {
        "@odata.id": "/redfish/v1/Chassis/System.Embedded.1/PowerSubsystem/PowerSupplies"
    },
    "Status": {
        "Health": "OK",
        "State": "Enabled"
    },
    "Id": "PowerSubsystem",
    "@odata.type": "#PowerSubsystem.v1_1_3.PowerSubsystem",
    "@odata.etag": "W/\"gen-7\""
}