{
    "@odata.context": "/redfish/v1/$metadata#DellEnclosureTemperatureSensorCollection.DellEnclosureTemperatureSensorCollection",
    "@odata.id": "/redfish/v1/Chassis/System.Embedded.1/Oem/Dell/DellEnclosureTemperatureSensors",
    "@odata.type": "#DellEnclosureTemperatureSensorCollection.DellEnclosureTemperatureSensorCollection",
    "Description": "A collection of DellEnclosureTemperatureSensor resource",
    "Members": [],
    "Members@odata.count": 0,
    "Name": "DellEnclosureTemperatureSensorCollection"
}