{
    "@odata.context": "/redfish/v1/$metadata#NetworkDeviceFunctionCollection.NetworkDeviceFunctionCollection",
    "@odata.id": "/redfish/v1/Chassis/System.Embedded.1/NetworkAdapters/NIC.Integrated.1/NetworkDeviceFunctions",
    "@odata.type": "#NetworkDeviceFunctionCollection.NetworkDeviceFunctionCollection",
    "Description": "Collection Of Network Device Function entities",
    "Members": [
        {
            "@odata.id": "/redfish/v1/Chassis/System.Embedded.1/NetworkAdapters/NIC.Integrated.1/NetworkDeviceFunctions/NIC.Integrated.1-1-1"
        },
        {
            "@odata.id": "/redfish/v1/Chassis/System.Embedded.1/NetworkAdapters/NIC.Integrated.1/NetworkDeviceFunctions/NIC.Integrated.1-2-1"
        },
        {
            "@odata.id": "/redfish/v1/Chassis/System.Embedded.1/NetworkAdapters/NIC.Integrated.1/NetworkDeviceFunctions/NIC.Integrated.1-3-1"
        },
        {
            "@odata.id": "/redfish/v1/Chassis/System.Embedded.1/NetworkAdapters/NIC.Integrated.1/NetworkDeviceFunctions/NIC.Integrated.1-4-1"
        }
    ],
    "Members@odata.count": 4,
    "Name": "Network Device Function Collection"
}