{
    "Enabled": true,
    "@odata.etag": "W/\"gen-5\"",
    "SubsystemId": "0x0d99",
    "@odata.type": "#PCIeFunction.v1_6_0.PCIeFunction",
    "Id": "0-0-20-3",
    "BusNumber": "0x00",
    "FunctionNumber": "0x3",
    "@odata.context": "/redfish/v1/$metadata#PCIeFunction.PCIeFunction",
    "@odata.id": "/redfish/v1/Chassis/System.Embedded.1/PCIeDevices/0-0-20/PCIeFunctions/0-0-20-3",
    "FunctionProtocol": "PCIe",
    "Description": "FCH LPC Bridge",
    "SegmentNumber": "0x0000",
    "Name": "FCH LPC Bridge",
    "Status": {
        "HealthRollup": "OK",
        "State": "Enabled",
        "Health": "OK"
    },
    "FunctionType": "Physical",
    "DeviceId": "0x790e",
    "SubsystemVendorId": "0x1028",
    "RevisionId": "0x51",
    "DeviceClass": "Bridge",
    "ClassCode": "0x000006",
    "Oem": {
        "Dell": {
            "@odata.type": "#DellChassisPCIeFunction.v1_1_0.DellPCIeFunction",
            "DellPCIeFunction": {
                "DataBusWidth": "Unknown",
                "Id": "ISABridge.Embedded.1-1",
                "LastSystemInventoryTime": "2025-11-06T19:28:47+00:00",
                "LastUpdateTime": "2025-11-06T17:28:45+00:00",
                "SlotLength": "Unknown",
                "SlotType": "Unknown"
            },
            "@odata.context": "/redfish/v1/$metadata#DellChassisPCIeFunction.DellChassisPCIeFunction"
        }
    },
    "Links": {
        "PCIeDevice": {
            "@odata.id": "/redfish/v1/Chassis/System.Embedded.1/PCIeDevices/0-0-20"
        },
        "Drives": [],
        "Drives@odata.count": 0,
        "MemoryDomains": [],
        "MemoryDomains@odata.count": 0
    },
    "FunctionId": 3,
    "DeviceNumber": "0x14",
    "VendorId": "0x1022"
}