{
    "@odata.context": "/redfish/v1/$metadata#DellAssembly.DellAssembly",
    "DeviceFQDD": "PSU.Slot.2",
    "Name": "DellAssembly",
    "SerialNumber": "CNDED0048101JQ",
    "@odata.id": "/redfish/v1/Chassis/System.Embedded.1/Oem/Dell/DellAssembly/PSU.Slot.2_0x23_FRU",
    "Description": "This resource shall be used to represent an assembly information.",
    "PackageType": "PowerSupply",
    "@odata.etag": "\"W/'gen-1'\"",
    "@odata.type": "#DellAssembly.v1_1_0.DellAssembly",
    "Id": "PSU.Slot.2_0x23_FRU"
}