{
    "@odata.context": "/redfish/v1/$metadata#JsonSchemaFile.JsonSchemaFile",
    "@odata.id": "/redfish/v1/JsonSchemas/DellAcceleratorCollection",
    "@odata.type": "#JsonSchemaFile.v1_1_4.JsonSchemaFile",
    "Description": "DellAcceleratorCollection Schema File Location",
    "Id": "DellAcceleratorCollection",
    "Languages": [
        "en"
    ],
    "Languages@odata.count": 1,
    "Location": [
        {
            "Language": "en",
            "PublicationUri": "http://downloads.dell.com/redfish/bmc/schemas/DellAcceleratorCollection.json",
            "Uri": "/redfish/v1/Schemas/DellAcceleratorCollection.json"
        }
    ],
    "Location@odata.count": 1,
    "Name": "DellAcceleratorCollection Schema File",
    "Schema": "#DellAcceleratorCollection.DellAcceleratorCollection"
}