{
    "@odata.context": "/redfish/v1/$metadata#JobCollection.JobCollection",
    "@odata.id": "/redfish/v1/JobService/Jobs",
    "@odata.type": "#JobCollection.JobCollection",
    "Description": "A Collection of Job resource instances",
    "Members": [
        {
            "@odata.id": "/redfish/v1/JobService/Jobs/JID_375612705806"
        },
        {
            "@odata.id": "/redfish/v1/JobService/Jobs/JID_375622155757"
        },
        {
            "@odata.id": "/redfish/v1/JobService/Jobs/JID_376441853291"
        },
        {
            "@odata.id": "/redfish/v1/JobService/Jobs/JID_376447219361"
        },
        {
            "@odata.id": "/redfish/v1/JobService/Jobs/JID_376952743282"
        },
        {
            "@odata.id": "/redfish/v1/JobService/Jobs/JID_383394804929"
        },
        {
            "@odata.id": "/redfish/v1/JobService/Jobs/JID_383402896932"
        },
        {
            "@odata.id": "/redfish/v1/JobService/Jobs/JID_383418662405"
        },
        {
            "@odata.id": "/redfish/v1/JobService/Jobs/JID_401575963171"
        }
    ],
    "Members@odata.count": 9,
    "Name": "JobCollection"
}