{
    "@odata.context": "/redfish/v1/$metadata#JsonSchemaFile.JsonSchemaFile",
    "@odata.id": "/redfish/v1/JsonSchemas/Control.v1_5_1",
    "@odata.type": "#JsonSchemaFile.v1_1_5.JsonSchemaFile",
    "Description": "Control Schema File Location",
    "Id": "Control.v1_5_1",
    "Languages": [
        "en"
    ],
    "Languages@odata.count": 1,
    "Location": [
        {
            "Language": "en",
            "PublicationUri": "http://redfish.dmtf.org/schemas/v1/Control.v1_5_1.json",
            "Uri": "/redfish/v1/Schemas/Control.v1_5_1.json"
        }
    ],
    "Location@odata.count": 1,
    "Name": "Control Schema File",
    "Schema": "#Control.v1_5_1.Control"
}