{
    "@odata.context": "/redfish/v1/$metadata#JsonSchemaFile.JsonSchemaFile",
    "@odata.id": "/redfish/v1/JsonSchemas/AllowDeny.v1_0_0",
    "@odata.type": "#JsonSchemaFile.v1_1_4.JsonSchemaFile",
    "Description": "AllowDeny Schema File Location",
    "Id": "AllowDeny.v1_0_0",
    "Languages": [
        "en"
    ],
    "Languages@odata.count": 1,
    "Location": [
        {
            "Language": "en",
            "PublicationUri": "http://redfish.dmtf.org/schemas/v1/AllowDeny.v1_0_0.json",
            "Uri": "/redfish/v1/Schemas/AllowDeny.v1_0_0.json"
        }
    ],
    "Location@odata.count": 1,
    "Name": "AllowDeny Schema File",
    "Schema": "#AllowDeny.v1_0_0.AllowDeny"
}