{
    "Id": "PSU.Slot.1_0x23_FRU",
    "@odata.id": "/redfish/v1/Chassis/System.Embedded.1/Oem/Dell/DellAssembly/PSU.Slot.1_0x23_FRU",
    "Name": "DellAssembly",
    "@odata.type": "#DellAssembly.v1_1_0.DellAssembly",
    "@odata.etag": "W/\"gen-1\"",
    "SerialNumber": "CNDED0051E00VY",
    "Description": "This resource shall be used to represent an assembly information.",
    "PackageType": "PowerSupply",
    "@odata.context": "/redfish/v1/$metadata#DellAssembly.DellAssembly",
    "DeviceFQDD": "PSU.Slot.1"
}