{
    "Oem": {
        "Dell": {
            "OemJobState": "Completed",
            "UntilTime": null,
            "@odata.context": "/redfish/v1/$metadata#DellOemJob.DellOemJob",
            "@odata.type": "#DellOemJob.v1_0_0.DellOemJob",
            "ActualRunningStartTime": "2025-10-23T05:39:56",
            "ActualRunningStopTime": "2025-10-23T05:41:12",
            "JobType": "ExportConfiguration"
        }
    },
    "MaxExecutionTime": "PT2H",
    "@odata.type": "#Job.v1_2_4.Job",
    "Name": "Export Configuration",
    "StartTime": "2025-10-23T05:39:56-05:00",
    "PercentComplete": 100,
    "@odata.context": "/redfish/v1/$metadata#Job.Job",
    "Description": "Represent a job in Redfish",
    "@odata.id": "/redfish/v1/JobService/Jobs/JID_612159964737",
    "Id": "JID_612159964737",
    "Messages": [
        {
            "Message": "Successfully exported Server Configuration Profile",
            "MessageArgs": [],
            "MessageArgs@odata.count": 1,
            "MessageId": "IDRAC.2.14.SYS043"
        }
    ],
    "Messages@odata.count": 1,
    "EndTime": "2025-10-23T05:41:12-05:00",
    "JobStatus": "OK",
    "JobState": "Completed",
    "@odata.etag": "W/\"gen-2\""
}