{
    "@odata.context": "/redfish/v1/$metadata#JsonSchemaFile.JsonSchemaFile",
    "@odata.id": "/redfish/v1/JsonSchemas/ConsistencyGroup.v1_1_1",
    "@odata.type": "#JsonSchemaFile.v1_1_5.JsonSchemaFile",
    "Description": "ConsistencyGroup Schema File Location",
    "Id": "ConsistencyGroup.v1_1_1",
    "Languages": [
        "en"
    ],
    "Languages@odata.count": 1,
    "Location": [
        {
            "Language": "en",
            "PublicationUri": "http://redfish.dmtf.org/schemas/swordfish/v1/ConsistencyGroup.v1_1_1.json",
            "Uri": "/redfish/v1/Schemas/ConsistencyGroup.v1_1_1.json"
        }
    ],
    "Location@odata.count": 1,
    "Name": "ConsistencyGroup Schema File",
    "Schema": "#ConsistencyGroup.v1_1_1.ConsistencyGroup"
}