{
    "@odata.context": "/redfish/v1/$metadata#JsonSchemaFile.JsonSchemaFile",
    "@odata.id": "/redfish/v1/JsonSchemas/DellEnclosurePowerSupplyCollection",
    "@odata.type": "#JsonSchemaFile.v1_1_4.JsonSchemaFile",
    "Description": "DellEnclosurePowerSupplyCollection Schema File Location",
    "Id": "DellEnclosurePowerSupplyCollection",
    "Languages": [
        "en"
    ],
    "Languages@odata.count": 1,
    "Location": [
        {
            "Language": "en",
            "PublicationUri": "http://downloads.dell.com/redfish/bmc/schemas/DellEnclosurePowerSupplyCollection.json",
            "Uri": "/redfish/v1/Schemas/DellEnclosurePowerSupplyCollection.json"
        }
    ],
    "Location@odata.count": 1,
    "Name": "DellEnclosurePowerSupplyCollection Schema File",
    "Schema": "#DellEnclosurePowerSupplyCollection.DellEnclosurePowerSupplyCollection"
}