{
    "@odata.id": "/redfish/v1/Chassis/System.Embedded.1/PowerSubsystem/PowerSupplies/PSU.Slot.1/Metrics",
    "Id": "Metrics",
    "@odata.etag": "W/\"gen-954\"",
    "Status": {
        "State": "Enabled",
        "Health": "OK"
    },
    "Name": "Metrics for Power Supply 1",
    "Description": "Represents the properties of Power supply Metrics",
    "FrequencyHz": {
        "DataSourceUri": "/redfish/v1/Chassis/System.Embedded.1/Sensors/PSU.Slot.1_MaximumFrequency",
        "Reading": 63
    },
    "InputCurrentAmps": {
        "DataSourceUri": "/redfish/v1/Chassis/System.Embedded.1/Sensors/PS1Current1",
        "Reading": 0.8
    },
    "InputPowerWatts": {
        "DataSourceUri": "/redfish/v1/Chassis/System.Embedded.1/Sensors/PSU.Slot.1_InputPower",
        "Reading": 182.5
    },
    "OutputPowerWatts": {
        "Reading": 167.25,
        "DataSourceUri": "/redfish/v1/Chassis/System.Embedded.1/Sensors/PSU.Slot.1_OutputPower"
    },
    "InputVoltage": {
        "Reading": 206.25,
        "DataSourceUri": "/redfish/v1/Chassis/System.Embedded.1/Sensors/PS1Voltage"
    },
    "@odata.type": "#PowerSupplyMetrics.v1_1_2.PowerSupplyMetrics",
    "@odata.context": "/redfish/v1/$metadata#PowerSupplyMetrics.PowerSupplyMetrics"
}