{
    "@odata.context": "/redfish/v1/$metadata#JsonSchemaFile.JsonSchemaFile",
    "@odata.id": "/redfish/v1/JsonSchemas/CertificateLocations.v1_0_2",
    "@odata.type": "#JsonSchemaFile.v1_1_4.JsonSchemaFile",
    "Description": "CertificateLocations Schema File Location",
    "Id": "CertificateLocations.v1_0_2",
    "Languages": [
        "en"
    ],
    "Languages@odata.count": 1,
    "Location": [
        {
            "Language": "en",
            "PublicationUri": "http://redfish.dmtf.org/schemas/v1/CertificateLocations.v1_0_2.json",
            "Uri": "/redfish/v1/Schemas/CertificateLocations.v1_0_2.json"
        }
    ],
    "Location@odata.count": 1,
    "Name": "CertificateLocations Schema File",
    "Schema": "#CertificateLocations.v1_0_2.CertificateLocations"
}