{
    "Description": "Intel Corporation",
    "Name": "Intel Corporation",
    "FunctionProtocol": "PCIe",
    "VendorId": "0x8086",
    "FunctionType": "Physical",
    "Status": {
        "HealthRollup": "OK",
        "State": "Enabled",
        "Health": "OK"
    },
    "Id": "0-254-5-5",
    "DeviceClass": "SignalProcessingController",
    "@odata.id": "/redfish/v1/Chassis/System.Embedded.1/PCIeDevices/0-254-5/PCIeFunctions/0-254-5-5",
    "Oem": {
        "Dell": {
            "DellPCIeFunction": {
                "DataBusWidth": "Unknown",
                "Id": "HostBridge.Embedded.5-1",
                "LastSystemInventoryTime": "2025-02-21T23:53:00+00:00",
                "LastUpdateTime": "2025-02-21T21:24:07+00:00",
                "SlotLength": "Unknown",
                "SlotType": "Unknown"
            },
            "@odata.context": "/redfish/v1/$metadata#DellChassisPCIeFunction.DellChassisPCIeFunction",
            "@odata.type": "#DellChassisPCIeFunction.v1_1_0.DellPCIeFunction"
        }
    },
    "SubsystemVendorId": "0x8086",
    "Enabled": true,
    "SubsystemId": "0x09a2",
    "FunctionId": 5,
    "@odata.type": "#PCIeFunction.v1_6_0.PCIeFunction",
    "Links": {
        "Drives": [],
        "Drives@odata.count": 0,
        "PCIeDevice": {
            "@odata.id": "/redfish/v1/Chassis/System.Embedded.1/PCIeDevices/0-254-5"
        }
    },
    "ClassCode": "0x000011",
    "RevisionId": "0x00",
    "@odata.etag": "\"W/'gen-2'\"",
    "DeviceId": "0x324a",
    "@odata.context": "/redfish/v1/$metadata#PCIeFunction.PCIeFunction"
}