{
    "SlotType": "OCPNIC3.0SmallFormFactor",
    "@odata.type": "#DellPCIeFunction.v1_7_0.DellPCIeFunction",
    "@odata.etag": "W/\"gen-2\"",
    "LastUpdateTime": "2025-11-06T17:28:45+00:00",
    "DataBusWidth": "4XOrX4",
    "Id": "NIC.Slot.10-2-1",
    "@odata.id": "/redfish/v1/Chassis/System.Embedded.1/Oem/Dell/DellPCIeFunctions/NIC.Slot.10-2-1",
    "Description": "An instance of DellPCIeFunction will have PCI device specific data.",
    "SlotLength": "Other",
    "@odata.context": "/redfish/v1/$metadata#DellPCIeFunction.DellPCIeFunction",
    "Name": "DellPCIeFunction",
    "LastSystemInventoryTime": "2025-11-06T19:28:47+00:00"
}