{
    "@odata.id": "/redfish/v1/Chassis/System.Embedded.1/Oem/Dell/DellAssembly/DIMM.Socket.A1_0x23_FRU",
    "Description": "This resource shall be used to represent an assembly information.",
    "Id": "DIMM.Socket.A1_0x23_FRU",
    "PackageType": "Memory",
    "@odata.type": "#DellAssembly.v1_1_0.DellAssembly",
    "Name": "DellAssembly",
    "SerialNumber": "4516CBDD",
    "@odata.etag": "\"W/'gen-1'\"",
    "DeviceFQDD": "DIMM.Socket.A1",
    "@odata.context": "/redfish/v1/$metadata#DellAssembly.DellAssembly"
}