{
    "Members": [
        {
            "@odata.id": "/redfish/v1/Chassis/System.Embedded.1/PCIeDevices/0-208-7/PCIeFunctions/0-208-7-0"
        },
        {
            "@odata.id": "/redfish/v1/Chassis/System.Embedded.1/PCIeDevices/0-208-7/PCIeFunctions/0-208-7-1"
        },
        {
            "@odata.id": "/redfish/v1/Chassis/System.Embedded.1/PCIeDevices/0-208-7/PCIeFunctions/0-208-7-2"
        }
    ],
    "Members@odata.count": 3,
    "@odata.id": "/redfish/v1/Chassis/System.Embedded.1/PCIeDevices/0-208-7/PCIeFunctions",
    "@odata.etag": "W/\"gen-1\"",
    "Name": "PCIeFunction Collection",
    "@odata.context": "/redfish/v1/$metadata#PCIeFunctionCollection.PCIeFunctionCollection",
    "@odata.type": "#PCIeFunctionCollection.PCIeFunctionCollection",
    "Description": "Collection of PCIeFunctions"
}